season,pitcher_name,pitch_count,composure_plus,composure_score,walk_after_barrel,walk_after_hard_hit,walk_after_high_xba,first_ball_after_barrel,first_ball_after_hard_hit,first_ball_after_high_xba,walk_after_soft_hit,walk_after_low_xba,first_ball_after_soft_hit,first_ball_after_low_xba,hard_hit_after_walk,hard_hit_after_soft,walk_after_walk,ball_after_foul
2025,"dodd, dylan",536,146.3,1.4217177656829747,0.0,0.046511627906976744,0.041666666666666664,0.0,0.11627906976744186,0.125,0.0,0.022727272727272728,0.2631578947368421,0.25,0.3333333333333333,0.42105263157894735,0.0,0.4158415841584158
2025,"rogers, tyler",978,142.4,1.2998160118317619,0.0,0.05952380952380952,0.022727272727272728,0.0,0.21428571428571427,0.25,0.016666666666666666,0.03773584905660377,0.23333333333333334,0.2641509433962264,0.42857142857142855,0.4666666666666667,0.0,0.25980392156862747
2025,"martin, chris",651,139.8,1.2196908544175566,0.0,0.0,0.02857142857142857,0.125,0.21568627450980393,0.22857142857142856,0.0,0.04081632653061224,0.30434782608695654,0.30612244897959184,0.4,0.4782608695652174,0.0,0.29605263157894735
2025,"morejón, adrián",1007,134.1,1.0456958462478965,0.0,0.05970149253731343,0.023809523809523808,0.4,0.23880597014925373,0.2619047619047619,0.022727272727272728,0.04597701149425287,0.20454545454545456,0.3103448275862069,0.3333333333333333,0.22727272727272727,0.08333333333333333,0.3393939393939394
2025,"soto, gregory",1036,133.5,1.0269993404058189,0.0,0.08571428571428572,0.06818181818181818,0.0,0.24285714285714285,0.1590909090909091,0.09375,0.09836065573770492,0.28125,0.32786885245901637,0.3333333333333333,0.25,0.06060606060606061,0.30120481927710846
2025,"lee, dylan",1104,131.2,0.9580493678171561,0.0,0.047619047619047616,0.05128205128205128,0.21428571428571427,0.2698412698412698,0.2564102564102564,0.07894736842105263,0.06756756756756757,0.2894736842105263,0.28378378378378377,0.4166666666666667,0.3157894736842105,0.0,0.31155778894472363
2025,"king, bryan",1046,130.8,0.9448076769389278,0.1,0.05194805194805195,0.0,0.2,0.3246753246753247,0.3023255813953488,0.029411764705882353,0.06172839506172839,0.2647058823529412,0.32098765432098764,0.2,0.4117647058823529,0.0,0.32338308457711445
2025,"brogdon, connor",853,129.9,0.9167686220867612,0.0625,0.04918032786885246,0.058823529411764705,0.25,0.29508196721311475,0.23529411764705882,0.0,0.0425531914893617,0.36363636363636365,0.2978723404255319,0.3333333333333333,0.3181818181818182,0.0,0.358974358974359
2025,"kelly, zack",587,129.3,0.8975098882796589,0.0,0.025,0.13043478260869565,0.2,0.175,0.17391304347826086,0.06666666666666667,0.04,0.43333333333333335,0.36,0.36363636363636365,0.26666666666666666,0.09090909090909091,0.31896551724137934
2025,"kranick, max",529,128.6,0.8766225394157081,0.0,0.017543859649122806,0.03225806451612903,0.3333333333333333,0.3157894736842105,0.3225806451612903,0.09090909090909091,0.05263157894736842,0.2727272727272727,0.3333333333333333,0.16666666666666666,0.45454545454545453,0.0,0.3217391304347826
2025,"jansen, kenley",878,128.5,0.8731712344371687,0.0,0.02666666666666667,0.12903225806451613,0.2222222222222222,0.32,0.3548387096774194,0.045454545454545456,0.04054054054054054,0.22727272727272727,0.24324324324324326,0.5555555555555556,0.2727272727272727,0.05555555555555555,0.263681592039801
2025,"walter, brandon",815,128.1,0.862162697671387,0.0,0.045454545454545456,0.061224489795918366,0.18181818181818182,0.3333333333333333,0.3469387755102041,0.02127659574468085,0.047619047619047616,0.3829787234042553,0.32142857142857145,0.42857142857142855,0.2127659574468085,0.0,0.32051282051282054
2025,"santana, dennis",1002,127.8,0.8519518756723491,0.07692307692307693,0.05405405405405406,0.05128205128205128,0.3076923076923077,0.2702702702702703,0.38461538461538464,0.0,0.08,0.23333333333333334,0.28,0.2631578947368421,0.36666666666666664,0.05263157894736842,0.30978260869565216
2025,"kittredge, andrew",772,126.7,0.8196369219758842,0.125,0.08064516129032258,0.12121212121212122,0.25,0.3064516129032258,0.3333333333333333,0.05263157894736842,0.019230769230769232,0.2631578947368421,0.17307692307692307,0.3333333333333333,0.21052631578947367,0.1111111111111111,0.32894736842105265
2025,"wesneski, hayden",508,125.7,0.787664190393641,0.0,0.0196078431372549,0.0,0.4,0.29411764705882354,0.35714285714285715,0.05,0.061224489795918366,0.4,0.3469387755102041,0.14285714285714285,0.15,0.14285714285714285,0.3888888888888889
2025,"cleavinger, garrett",874,124.9,0.7630670205175208,0.0,0.06557377049180328,0.16129032258064516,0.2857142857142857,0.3114754098360656,0.3225806451612903,0.19230769230769232,0.06896551724137931,0.23076923076923078,0.2413793103448276,0.2727272727272727,0.19230769230769232,0.045454545454545456,0.2826086956521739
2025,"sale, chris",2031,124.8,0.7603400107754297,0.0625,0.055944055944055944,0.037037037037037035,0.1875,0.2727272727272727,0.25925925925925924,0.11494252873563218,0.10303030303030303,0.3563218390804598,0.3212121212121212,0.23076923076923078,0.2413793103448276,0.10256410256410256,0.3247422680412371
2025,"englert, mason",725,124.2,0.7438534774991926,0.08333333333333333,0.05970149253731343,0.08695652173913043,0.16666666666666666,0.23880597014925373,0.2608695652173913,0.09090909090909091,0.06,0.3181818181818182,0.18,0.4166666666666667,0.45454545454545453,0.0,0.3873239436619718
2025,"ferrer, jose",1215,123.7,0.7276573452635257,0.0,0.042105263157894736,0.03636363636363636,0.2727272727272727,0.29473684210526313,0.32727272727272727,0.06,0.05555555555555555,0.28,0.28888888888888886,0.47619047619047616,0.38,0.047619047619047616,0.34080717488789236
2025,"skubal, tarik",2849,123.2,0.7111406471642425,0.05405405405405406,0.04807692307692308,0.07518796992481203,0.24324324324324326,0.27884615384615385,0.3082706766917293,0.06896551724137931,0.06593406593406594,0.3586206896551724,0.326007326007326,0.40540540540540543,0.25517241379310346,0.05405405405405406,0.31478260869565217
2025,"lodolo, nick",2483,123.1,0.7083993344463198,0.05714285714285714,0.06726457399103139,0.0873015873015873,0.2,0.3094170403587444,0.25396825396825395,0.05405405405405406,0.05439330543933055,0.2702702702702703,0.3054393305439331,0.4634146341463415,0.34234234234234234,0.0,0.3634361233480176
2025,"woodruff, brandon",964,122.8,0.6993874531861567,0.09090909090909091,0.05263157894736842,0.058823529411764705,0.36363636363636365,0.3157894736842105,0.29411764705882354,0.09523809523809523,0.10101010101010101,0.23809523809523808,0.36363636363636365,0.35294117647058826,0.23809523809523808,0.0,0.2994652406417112
2025,"enns, dietrich",757,122.4,0.6882209416618117,0.0,0.06779661016949153,0.023255813953488372,0.0,0.288135593220339,0.3023255813953488,0.06060606060606061,0.1076923076923077,0.3939393939393939,0.35384615384615387,0.5454545454545454,0.3939393939393939,0.0,0.2875816993464052
2025,"chapman, aroldis",920,122.2,0.6807429849266983,0.0,0.08163265306122448,0.06896551724137931,0.2857142857142857,0.24489795918367346,0.20689655172413793,0.09090909090909091,0.06521739130434782,0.4090909090909091,0.3695652173913043,0.2,0.4090909090909091,0.06666666666666667,0.3251231527093596
2025,"allard, kolby",1012,121.7,0.6653405121122787,0.0,0.010309278350515464,0.020833333333333332,0.2727272727272727,0.30927835051546393,0.375,0.12244897959183673,0.06542056074766354,0.3877551020408163,0.308411214953271,0.5454545454545454,0.2857142857142857,0.0,0.31521739130434784
2025,"hader, josh",851,121.6,0.6616501071820305,0.0,0.07894736842105263,0.14285714285714285,0.25,0.34210526315789475,0.3333333333333333,0.041666666666666664,0.09090909090909091,0.2916666666666667,0.2727272727272727,0.17647058823529413,0.2916666666666667,0.058823529411764705,0.35802469135802467
2025,"armstrong, shawn",1118,121.1,0.6486853010661874,0.0,0.1044776119402985,0.07894736842105263,0.3,0.31343283582089554,0.3157894736842105,0.0,0.10975609756097561,0.16129032258064516,0.32926829268292684,0.375,0.25806451612903225,0.125,0.3317972350230415
2025,"pomeranz, drew",805,120.8,0.6388690998247469,0.0,0.05555555555555555,0.0,0.2857142857142857,0.3148148148148148,0.3103448275862069,0.05,0.10638297872340426,0.35,0.2765957446808511,0.42105263157894735,0.4,0.05263157894736842,0.3390804597701149
2025,"speier, gabe",925,120.7,0.6361895578349024,0.0,0.03333333333333333,0.06666666666666667,0.2222222222222222,0.31666666666666665,0.3,0.11538461538461539,0.05357142857142857,0.4230769230769231,0.35714285714285715,0.3076923076923077,0.2692307692307692,0.07692307692307693,0.3387096774193548
2025,"matthews, zebby",1353,120.6,0.6318803402313778,0.041666666666666664,0.05555555555555555,0.05952380952380952,0.375,0.3333333333333333,0.2976190476190476,0.07407407407407407,0.043478260869565216,0.24074074074074073,0.26956521739130435,0.30434782608695654,0.3333333333333333,0.17391304347826086,0.33984375
2025,"garcia, robert",981,120.5,0.6278050936749132,0.0,0.0684931506849315,0.05555555555555555,0.2222222222222222,0.2876712328767123,0.2222222222222222,0.08108108108108109,0.1038961038961039,0.24324324324324326,0.2987012987012987,0.2777777777777778,0.43243243243243246,0.16666666666666666,0.3485714285714286
2025,"thompson, ryan",656,120.5,0.6284511636216358,0.0,0.061224489795918366,0.04,0.0,0.40816326530612246,0.12,0.15789473684210525,0.10714285714285714,0.15789473684210525,0.44642857142857145,0.18181818181818182,0.3684210526315789,0.18181818181818182,0.34579439252336447
2025,"vest, will",1141,120.3,0.6226488394716638,0.0,0.05333333333333334,0.023255813953488372,0.16666666666666666,0.32,0.2558139534883721,0.125,0.09876543209876543,0.325,0.3950617283950617,0.42857142857142855,0.25,0.09523809523809523,0.3127962085308057
2025,"messick, parker",625,120.3,0.6217599351904155,0.0,0.04918032786885246,0.03225806451612903,0.2857142857142857,0.3114754098360656,0.3548387096774194,0.0,0.027777777777777776,0.25925925925925924,0.25,0.6,0.5185185185185185,0.0,0.4065934065934066
2025,"gausman, kevin",3038,120.0,0.6124600727768961,0.09302325581395349,0.06761565836298933,0.07692307692307693,0.3023255813953488,0.3202846975088968,0.3076923076923077,0.034782608695652174,0.036231884057971016,0.3130434782608696,0.30434782608695654,0.3541666666666667,0.3652173913043478,0.10416666666666667,0.31493506493506496
2025,"strahm, matt",995,119.8,0.6059652165822634,0.16666666666666666,0.12698412698412698,0.05714285714285714,0.16666666666666666,0.3333333333333333,0.2,0.03225806451612903,0.12121212121212122,0.1935483870967742,0.36363636363636365,0.3684210526315789,0.3225806451612903,0.05263157894736842,0.30434782608695654
2025,"okert, steven",1057,118.9,0.5802939024249258,0.09090909090909091,0.0547945205479452,0.02702702702702703,0.18181818181818182,0.3150684931506849,0.35135135135135137,0.034482758620689655,0.041666666666666664,0.5172413793103449,0.4027777777777778,0.23529411764705882,0.27586206896551724,0.11764705882352941,0.31746031746031744
2025,"mears, nick",849,118.7,0.5742236292337415,0.06666666666666667,0.04054054054054054,0.075,0.26666666666666666,0.33783783783783783,0.275,0.05,0.037037037037037035,0.3,0.3888888888888889,0.46153846153846156,0.4,0.15384615384615385,0.23369565217391305
2025,"svanson, matt",965,118.4,0.5639639844639038,0.0,0.07575757575757576,0.06666666666666667,0.2,0.3181818181818182,0.26666666666666666,0.09375,0.07142857142857142,0.40625,0.35714285714285715,0.2916666666666667,0.3125,0.041666666666666664,0.3804347826086957
2025,"matz, steven",1160,118.2,0.5581040124283755,0.0,0.038461538461538464,0.0196078431372549,0.2727272727272727,0.34615384615384615,0.3137254901960784,0.05555555555555555,0.0743801652892562,0.37037037037037035,0.3305785123966942,0.46153846153846156,0.46296296296296297,0.0,0.34545454545454546
2025,"crismatt, nabil",534,118.2,0.5573138126146363,0.2,0.09433962264150944,0.05555555555555555,0.4,0.3584905660377358,0.3333333333333333,0.06666666666666667,0.0625,0.36666666666666664,0.390625,0.2,0.36666666666666664,0.0,0.20270270270270271
2025,"schwellenbach, spencer",1577,118.0,0.5509051032119162,0.08695652173913043,0.05,0.042105263157894736,0.21739130434782608,0.35,0.30526315789473685,0.0136986301369863,0.06622516556291391,0.3013698630136986,0.31788079470198677,0.5789473684210527,0.4383561643835616,0.0,0.34172661870503596
2025,"weaver, luke",1053,118.0,0.5536201755836965,0.0,0.06756756756756757,0.02702702702702703,0.25,0.36486486486486486,0.2702702702702703,0.17391304347826086,0.0945945945945946,0.21739130434782608,0.3108108108108108,0.5,0.17391304347826086,0.1,0.357487922705314
2025,"hart, kyle",692,117.9,0.5482056248532482,0.0,0.03389830508474576,0.125,0.125,0.3220338983050847,0.25,0.0625,0.04,0.40625,0.38666666666666666,0.4166666666666667,0.28125,0.16666666666666666,0.3247863247863248
2025,"baker, bryan",1102,117.7,0.5421255929564145,0.05,0.05063291139240506,0.03773584905660377,0.35,0.3291139240506329,0.3018867924528302,0.0625,0.06451612903225806,0.3125,0.3709677419354839,0.3333333333333333,0.4375,0.06666666666666667,0.3169642857142857
2025,"beeks, jalen",924,117.5,0.5374474863941772,0.0,0.03389830508474576,0.02857142857142857,0.07142857142857142,0.3898305084745763,0.3142857142857143,0.1,0.08196721311475409,0.3,0.3442622950819672,0.2,0.35,0.15,0.42857142857142855
2025,"bednar, david",1032,117.5,0.5367526470364807,0.18181818181818182,0.043478260869565216,0.10256410256410256,0.45454545454545453,0.3333333333333333,0.38461538461538464,0.037037037037037035,0.03389830508474576,0.2962962962962963,0.3220338983050847,0.35294117647058826,0.25925925925925924,0.058823529411764705,0.3036649214659686
2025,"junis, jakob",1037,117.1,0.5252133598298914,0.09090909090909091,0.07692307692307693,0.08333333333333333,0.36363636363636365,0.3076923076923077,0.3125,0.058823529411764705,0.04597701149425287,0.29411764705882354,0.2413793103448276,0.3157894736842105,0.3137254901960784,0.21052631578947367,0.33121019108280253
2025,"suter, brent",1141,117.0,0.5224399707022075,0.0,0.07407407407407407,0.0196078431372549,0.25,0.345679012345679,0.29411764705882354,0.04918032786885246,0.1,0.32786885245901637,0.36666666666666664,0.3157894736842105,0.3442622950819672,0.05263157894736842,0.4029126213592233
2025,"jax, griffin",1105,116.9,0.5190408401683244,0.0,0.045454545454545456,0.04,0.5,0.3939393939393939,0.34,0.06896551724137931,0.08928571428571429,0.27586206896551724,0.30357142857142855,0.4117647058823529,0.3448275862068966,0.058823529411764705,0.2972972972972973
2025,"scherzer, max",1392,116.7,0.5125758588346445,0.03333333333333333,0.07692307692307693,0.05555555555555555,0.3333333333333333,0.36153846153846153,0.3333333333333333,0.015384615384615385,0.072992700729927,0.3384615384615385,0.3284671532846715,0.28,0.4153846153846154,0.08,0.33214285714285713
2025,"kremer, dean",2756,116.6,0.5083407428427283,0.022727272727272728,0.05533596837944664,0.02877697841726619,0.2727272727272727,0.3557312252964427,0.30935251798561153,0.07518796992481203,0.07191780821917808,0.3308270676691729,0.3561643835616438,0.45454545454545453,0.3609022556390977,0.0,0.37832699619771865
2025,"wolfram, grant",525,116.6,0.5106048893287742,0.0,0.075,0.07692307692307693,0.0,0.375,0.34615384615384615,0.05263157894736842,0.08571428571428572,0.15789473684210525,0.3142857142857143,0.3333333333333333,0.3684210526315789,0.2,0.3956043956043956
2025,"suárez, ranger",2432,116.3,0.4989700654092317,0.125,0.09405940594059406,0.08108108108108109,0.16666666666666666,0.33663366336633666,0.3153153153153153,0.06818181818181818,0.06614785992217899,0.3181818181818182,0.3346303501945525,0.24390243902439024,0.2803030303030303,0.04878048780487805,0.41309255079006774
2025,"clarke, taylor",865,116.1,0.49501908006825035,0.09090909090909091,0.03225806451612903,0.05405405405405406,0.2727272727272727,0.24193548387096775,0.2702702702702703,0.037037037037037035,0.08695652173913043,0.25925925925925924,0.2898550724637681,0.6666666666666666,0.4444444444444444,0.0,0.42857142857142855
2025,"woo, bryan",2714,116.0,0.489460821953464,0.06976744186046512,0.06589147286821706,0.06870229007633588,0.23255813953488372,0.35658914728682173,0.3282442748091603,0.06722689075630252,0.06007067137809187,0.3697478991596639,0.3286219081272085,0.38461538461538464,0.31092436974789917,0.02564102564102564,0.37478108581436076
2025,"iglesias, raisel",974,115.9,0.4882290599869949,0.07692307692307693,0.08974358974358974,0.09523809523809523,0.23076923076923078,0.3333333333333333,0.40476190476190477,0.038461538461538464,0.07246376811594203,0.46153846153846156,0.42028985507246375,0.23529411764705882,0.19230769230769232,0.058823529411764705,0.2857142857142857
2025,"crochet, garrett",3151,115.8,0.48410462193614767,0.05555555555555555,0.05928853754940711,0.05442176870748299,0.2777777777777778,0.3359683794466403,0.3197278911564626,0.06896551724137931,0.06593406593406594,0.4068965517241379,0.3882783882783883,0.3617021276595745,0.30344827586206896,0.06382978723404255,0.3249607535321821
2025,"legumina, casey",869,115.5,0.4769699984690248,0.0,0.11290322580645161,0.07894736842105263,0.375,0.27419354838709675,0.3157894736842105,0.1111111111111111,0.1509433962264151,0.2777777777777778,0.2830188679245283,0.4166666666666667,0.1111111111111111,0.125,0.33152173913043476
2025,"banks, tanner",1088,115.4,0.47211828827066765,0.0,0.02702702702702703,0.019230769230769232,0.3333333333333333,0.33783783783783783,0.25,0.05128205128205128,0.0410958904109589,0.5384615384615384,0.3972602739726027,0.4166666666666667,0.46153846153846156,0.0,0.3652173913043478
2025,"gordon, colton",1459,115.4,0.4715874977511489,0.0,0.04861111111111111,0.02127659574468085,0.30303030303030304,0.3472222222222222,0.2978723404255319,0.05970149253731343,0.07692307692307693,0.47761194029850745,0.4405594405594406,0.3333333333333333,0.417910447761194,0.0,0.3226837060702875
2025,"horton, cade",1790,115.4,0.4720984915707345,0.09375,0.06417112299465241,0.07142857142857142,0.1875,0.3155080213903743,0.3469387755102041,0.09090909090909091,0.078125,0.36363636363636365,0.3177083333333333,0.3055555555555556,0.37662337662337664,0.05555555555555555,0.35526315789473684
2025,"mize, casey",2357,115.1,0.46340166595041377,0.05128205128205128,0.08835341365461848,0.078125,0.28205128205128205,0.27710843373493976,0.296875,0.06451612903225806,0.07755102040816327,0.3763440860215054,0.3346938775510204,0.37142857142857144,0.3548387096774194,0.02857142857142857,0.3833718244803695
2025,"gilbert, logan",2156,115.0,0.4592469928633509,0.037037037037037035,0.060109289617486336,0.07216494845360824,0.2962962962962963,0.3224043715846995,0.35051546391752575,0.0847457627118644,0.05056179775280899,0.4067796610169492,0.29213483146067415,0.3235294117647059,0.3559322033898305,0.058823529411764705,0.38929440389294406
2025,"gilbert, tyler",853,114.9,0.4586022838093777,0.1,0.07936507936507936,0.09090909090909091,0.2,0.2698412698412698,0.21212121212121213,0.17391304347826086,0.11475409836065574,0.34782608695652173,0.32786885245901637,0.3333333333333333,0.2608695652173913,0.047619047619047616,0.3783783783783784
2025,"ober, bailey",2356,114.7,0.45180765183733046,0.09803921568627451,0.06374501992031872,0.06206896551724138,0.37254901960784315,0.3386454183266932,0.3310344827586207,0.020202020202020204,0.042801556420233464,0.3434343434343434,0.36964980544747084,0.48484848484848486,0.35353535353535354,0.030303030303030304,0.33259911894273125
2025,"boyd, matt",2747,114.6,0.44828323198529196,0.15555555555555556,0.07569721115537849,0.1095890410958904,0.28888888888888886,0.3187250996015936,0.2945205479452055,0.06611570247933884,0.038314176245210725,0.2975206611570248,0.32950191570881227,0.3333333333333333,0.38016528925619836,0.0392156862745098,0.3765541740674956
2025,"hill, tim",912,114.6,0.4494515185109841,0.08333333333333333,0.031914893617021274,0.02702702702702703,0.3333333333333333,0.2872340425531915,0.2702702702702703,0.05714285714285714,0.05555555555555555,0.3142857142857143,0.26666666666666666,0.5454545454545454,0.5428571428571428,0.18181818181818182,0.3048128342245989
2025,"gray, sonny",2724,114.5,0.4456835579961759,0.0425531914893617,0.05859375,0.06172839506172839,0.2765957446808511,0.37109375,0.4012345679012346,0.05223880597014925,0.04780876494023904,0.3656716417910448,0.3346613545816733,0.375,0.3358208955223881,0.05,0.3619047619047619
2025,"stewart, brock",614,114.4,0.44211583553244926,0.0,0.18181818181818182,0.15789473684210525,0.25,0.36363636363636365,0.3157894736842105,0.05,0.0975609756097561,0.2,0.2682926829268293,0.07692307692307693,0.4,0.07692307692307693,0.3739130434782609
2025,"taillon, jameson",1979,114.3,0.4387225377333733,0.03125,0.06989247311827956,0.0603448275862069,0.28125,0.3172043010752688,0.3448275862068966,0.061224489795918366,0.06787330316742081,0.336734693877551,0.3393665158371041,0.5,0.3673469387755102,0.038461538461538464,0.35195530726256985
2025,"bivens, spencer",1298,114.3,0.43919573882863816,0.06666666666666667,0.0761904761904762,0.04918032786885246,0.4,0.2761904761904762,0.29508196721311475,0.07142857142857142,0.06956521739130435,0.30357142857142855,0.3652173913043478,0.3103448275862069,0.42857142857142855,0.10344827586206896,0.34558823529411764
2025,"schmidt, clarke",1227,114.3,0.43879835943363393,0.0,0.10476190476190476,0.1111111111111111,0.14285714285714285,0.29523809523809524,0.35185185185185186,0.07692307692307693,0.09302325581395349,0.3269230769230769,0.29457364341085274,0.3,0.3269230769230769,0.16666666666666666,0.34418604651162793
2025,"brown, ben",1759,114.2,0.4353669843868912,0.08823529411764706,0.047872340425531915,0.06481481481481481,0.2647058823529412,0.3404255319148936,0.32407407407407407,0.06,0.05228758169934641,0.38,0.33986928104575165,0.375,0.4,0.03125,0.38461538461538464
2025,"wheeler, zack",2394,114.2,0.43503267377219174,0.16666666666666666,0.09146341463414634,0.06315789473684211,0.375,0.3719512195121951,0.30526315789473685,0.022727272727272728,0.054455445544554455,0.3068181818181818,0.36633663366336633,0.2631578947368421,0.25,0.13157894736842105,0.34182590233545646
2025,"webb, logan",3282,114.1,0.4320854942858337,0.09090909090909091,0.06557377049180328,0.08620689655172414,0.3409090909090909,0.35737704918032787,0.3735632183908046,0.030303030303030304,0.037162162162162164,0.2878787878787879,0.30743243243243246,0.34,0.36363636363636365,0.08,0.3895870736086176
2025,"clase, emmanuel",754,114.1,0.4333799433327634,0.0,0.0847457627118644,0.125,0.5,0.3728813559322034,0.40625,0.034482758620689655,0.03389830508474576,0.3448275862068966,0.3389830508474576,0.35714285714285715,0.27586206896551724,0.07142857142857142,0.2867647058823529
2025,"williams, trevor",1448,113.9,0.4256308798011645,0.047619047619047616,0.04861111111111111,0.023255813953488372,0.23809523809523808,0.2986111111111111,0.3488372093023256,0.05,0.06164383561643835,0.3,0.3150684931506849,0.35,0.48333333333333334,0.2,0.37254901960784315
2025,"patrick, chad",2015,113.9,0.4276684352561057,0.08333333333333333,0.06470588235294118,0.06060606060606061,0.2916666666666667,0.3235294117647059,0.32323232323232326,0.0759493670886076,0.08045977011494253,0.379746835443038,0.3390804597701149,0.3488372093023256,0.3291139240506329,0.046511627906976744,0.371824480369515
2025,"sánchez, cristopher",2897,113.6,0.41723944955767006,0.03571428571428571,0.05474452554744526,0.046052631578947366,0.42857142857142855,0.3722627737226277,0.35526315789473684,0.03875968992248062,0.04792332268370607,0.34108527131782945,0.3769968051118211,0.3125,0.4263565891472868,0.0625,0.3429844097995546
2025,"gaddis, hunter",1060,113.5,0.41391273926094463,0.07142857142857142,0.07894736842105263,0.043478260869565216,0.21428571428571427,0.2631578947368421,0.1956521739130435,0.1,0.109375,0.5,0.421875,0.42105263157894735,0.26666666666666666,0.0,0.39106145251396646
2025,"curtiss, john",546,113.2,0.40426008924683365,0.0,0.04081632653061224,0.03225806451612903,0.75,0.3877551020408163,0.41935483870967744,0.0,0.02127659574468085,0.4,0.3829787234042553,0.2,0.55,0.0,0.30434782608695654
2025,"hanifee, brenan",955,113.2,0.4062865790427411,0.2222222222222222,0.07368421052631578,0.1,0.2222222222222222,0.2631578947368421,0.2,0.14285714285714285,0.06521739130434782,0.32142857142857145,0.32608695652173914,0.2857142857142857,0.35714285714285715,0.07142857142857142,0.4025974025974026
2025,"vargas, carlos",1117,113.0,0.40005409079869514,0.08333333333333333,0.06542056074766354,0.0625,0.16666666666666666,0.308411214953271,0.2708333333333333,0.07142857142857142,0.07407407407407407,0.38095238095238093,0.37037037037037035,0.391304347826087,0.42857142857142855,0.13043478260869565,0.3241758241758242
2025,"kinley, tyler",1239,112.9,0.39481667158300787,0.0,0.09722222222222222,0.0975609756097561,0.25,0.3333333333333333,0.2926829268292683,0.08888888888888889,0.0963855421686747,0.28888888888888886,0.3614457831325301,0.1724137931034483,0.3111111111111111,0.1724137931034483,0.38207547169811323
2025,"littell, zack",2791,112.8,0.3913680014232503,0.05263157894736842,0.047021943573667714,0.05714285714285714,0.3508771929824561,0.3761755485893417,0.4,0.035398230088495575,0.05245901639344262,0.35398230088495575,0.3737704918032787,0.43243243243243246,0.3893805309734513,0.02702702702702703,0.3333333333333333
2025,"imanaga, shota",2178,112.8,0.3921642705339409,0.0425531914893617,0.03305785123966942,0.03508771929824561,0.3829787234042553,0.34710743801652894,0.3684210526315789,0.03409090909090909,0.028455284552845527,0.45454545454545453,0.35772357723577236,0.4074074074074074,0.45454545454545453,0.07407407407407407,0.33406113537117904
2025,"greene, hunter",1748,112.7,0.3897231956779798,0.12,0.09395973154362416,0.0958904109589041,0.52,0.31543624161073824,0.3835616438356164,0.02,0.05925925925925926,0.36,0.3111111111111111,0.3076923076923077,0.38,0.07692307692307693,0.27586206896551724
2025,"darvish, yu",1160,112.6,0.38564781141550913,0.05555555555555555,0.10526315789473684,0.10869565217391304,0.3333333333333333,0.3263157894736842,0.391304347826087,0.01818181818181818,0.0423728813559322,0.41818181818181815,0.2966101694915254,0.4583333333333333,0.32727272727272727,0.041666666666666664,0.32710280373831774
2025,"abel, mick",720,112.4,0.37980912096052233,0.0,0.014705882352941176,0.047619047619047616,0.3,0.35294117647058826,0.35714285714285715,0.16666666666666666,0.06557377049180328,0.3333333333333333,0.32786885245901637,0.23529411764705882,0.2777777777777778,0.29411764705882354,0.3356164383561644
2025,"sheehan, emmet",1146,112.2,0.3753462628536676,0.0,0.11578947368421053,0.06818181818181818,0.3333333333333333,0.3263157894736842,0.2727272727272727,0.075,0.13402061855670103,0.3,0.35051546391752575,0.4166666666666667,0.25,0.0,0.4174757281553398
2025,"junk, janson",1622,112.0,0.3678486854274934,0.034482758620689655,0.037914691943127965,0.02654867256637168,0.3793103448275862,0.35071090047393366,0.3274336283185841,0.028169014084507043,0.05917159763313609,0.30985915492957744,0.3609467455621302,0.5625,0.4647887323943662,0.0625,0.3588235294117647
2025,"ryan, joe",2798,111.9,0.3666067088357668,0.16,0.07317073170731707,0.08661417322834646,0.42,0.32926829268292684,0.3543307086614173,0.033707865168539325,0.06557377049180328,0.29213483146067415,0.3360655737704918,0.32,0.39325842696629215,0.04,0.35751295336787564
2025,"seymour, ian",999,111.8,0.3629421843327769,0.09090909090909091,0.07142857142857142,0.08888888888888889,0.18181818181818182,0.3142857142857143,0.37777777777777777,0.0975609756097561,0.06493506493506493,0.4146341463414634,0.3246753246753247,0.38095238095238093,0.3170731707317073,0.09523809523809523,0.33497536945812806
2025,"bowlan, jonathan",727,111.8,0.3612370274771637,0.0,0.0392156862745098,0.06666666666666667,0.2727272727272727,0.2549019607843137,0.26666666666666666,0.17647058823529413,0.14035087719298245,0.35294117647058826,0.3684210526315789,0.3125,0.2647058823529412,0.0625,0.45217391304347826
2025,"pivetta, nick",2856,111.7,0.35928139038624984,0.0392156862745098,0.08076923076923077,0.09352517985611511,0.3333333333333333,0.3576923076923077,0.31654676258992803,0.06930693069306931,0.05303030303030303,0.33663366336633666,0.3560606060606061,0.47058823529411764,0.3069306930693069,0.0784313725490196,0.3382352941176471
2025,"wilson, bryse",854,111.7,0.35951601303633707,0.0,0.05555555555555555,0.058823529411764705,0.11764705882352941,0.35555555555555557,0.35294117647058826,0.05405405405405406,0.10606060606060606,0.3783783783783784,0.3484848484848485,0.2857142857142857,0.35135135135135137,0.14285714285714285,0.4140127388535032
2025,"wilson, justin",832,111.6,0.3568688046141787,0.2857142857142857,0.08695652173913043,0.0625,0.2857142857142857,0.2826086956521739,0.34375,0.09523809523809523,0.11904761904761904,0.38095238095238093,0.3333333333333333,0.11764705882352941,0.23809523809523808,0.058823529411764705,0.3841059602649007
2025,"detmers, reid",1100,111.6,0.3544635074009316,0.0,0.08955223880597014,0.06818181818181818,0.18181818181818182,0.3582089552238806,0.2727272727272727,0.1,0.0967741935483871,0.26666666666666666,0.4838709677419355,0.391304347826087,0.4,0.08695652173913043,0.29591836734693877
2025,"abbott, andrew",2677,111.5,0.3526290278475967,0.05555555555555555,0.06696428571428571,0.08461538461538462,0.3888888888888889,0.35714285714285715,0.2923076923076923,0.056451612903225805,0.06319702602230483,0.3790322580645161,0.3828996282527881,0.41304347826086957,0.3870967741935484,0.043478260869565216,0.32122370936902483
2025,"rogers, trevor",1627,111.5,0.352384341446064,0.14285714285714285,0.08917197452229299,0.13157894736842105,0.2857142857142857,0.3821656050955414,0.3815789473684211,0.013333333333333334,0.05555555555555555,0.30666666666666664,0.3402777777777778,0.3870967741935484,0.38666666666666666,0.06451612903225806,0.27714285714285714
2025,"montero, keider",1474,111.3,0.34739122345816725,0.045454545454545456,0.10884353741496598,0.07407407407407407,0.36363636363636365,0.3469387755102041,0.35802469135802467,0.0625,0.08904109589041095,0.34375,0.3561643835616438,0.3125,0.421875,0.03125,0.3057553956834532
2025,"festa, david",882,111.2,0.3430392241932086,0.0,0.06593406593406594,0.08333333333333333,0.2777777777777778,0.3076923076923077,0.3125,0.1935483870967742,0.0963855421686747,0.2903225806451613,0.3493975903614458,0.3157894736842105,0.3870967741935484,0.05263157894736842,0.37572254335260113
2025,"eisert, brandon",1239,111.2,0.34459239149543475,0.0,0.041666666666666664,0.020833333333333332,0.35294117647058826,0.3333333333333333,0.3958333333333333,0.1590909090909091,0.13095238095238096,0.3409090909090909,0.38095238095238093,0.3333333333333333,0.1590909090909091,0.047619047619047616,0.4207650273224044
2025,"ashcraft, graham",1039,111.2,0.34471070360071654,0.125,0.08571428571428572,0.08695652173913043,0.5,0.4142857142857143,0.43478260869565216,0.03773584905660377,0.05405405405405406,0.3584905660377358,0.4189189189189189,0.20833333333333334,0.2641509433962264,0.0,0.2976190476190476
2025,"degrom, jacob",2617,111.1,0.3405392594732729,0.025,0.06224066390041494,0.05,0.4,0.34854771784232363,0.35714285714285715,0.07692307692307693,0.07083333333333333,0.3626373626373626,0.32916666666666666,0.3157894736842105,0.38461538461538464,0.07894736842105263,0.3867735470941884
2025,"freeland, kyle",2490,111.1,0.3393932924467096,0.12244897959183673,0.07028753993610223,0.0782122905027933,0.3673469387755102,0.3258785942492013,0.3407821229050279,0.04716981132075472,0.05405405405405406,0.3490566037735849,0.3127413127413127,0.5,0.4339622641509434,0.0,0.35560344827586204
2025,"sauer, matt",512,111.0,0.33635732696352505,0.0,0.044444444444444446,0.1111111111111111,0.0,0.24444444444444444,0.25925925925925924,0.1111111111111111,0.022222222222222223,0.5,0.4888888888888889,0.3,0.5,0.1,0.40350877192982454
2025,"whitlock, garrett",1188,110.9,0.3334088141008577,0.0,0.0945945945945946,0.07692307692307693,0.2727272727272727,0.35135135135135137,0.3076923076923077,0.06451612903225806,0.12162162162162163,0.3548387096774194,0.36486486486486486,0.2692307692307692,0.4838709677419355,0.038461538461538464,0.33877551020408164
2025,"paddack, chris",2566,110.9,0.3358057073137262,0.02,0.0456140350877193,0.058823529411764705,0.32,0.34385964912280703,0.3464052287581699,0.102803738317757,0.06666666666666667,0.3364485981308411,0.3296296296296296,0.2894736842105263,0.4485981308411215,0.10526315789473684,0.3950381679389313
2025,"manaea, sean",1095,110.8,0.33284631426868533,0.0,0.06741573033707865,0.0784313725490196,0.4,0.39325842696629215,0.4117647058823529,0.075,0.06097560975609756,0.375,0.35365853658536583,0.4117647058823529,0.375,0.0,0.3187250996015936
2025,"rea, colin",2536,110.7,0.32812205849970655,0.08333333333333333,0.09163346613545817,0.09154929577464789,0.3333333333333333,0.3545816733067729,0.3591549295774648,0.05,0.07024793388429752,0.4,0.33884297520661155,0.4375,0.25,0.041666666666666664,0.3487858719646799
2025,"pfaadt, brandon",2931,110.7,0.32735496877865483,0.03333333333333333,0.04746835443037975,0.04040404040404041,0.35,0.31962025316455694,0.31313131313131315,0.06557377049180328,0.06439393939393939,0.4262295081967213,0.3787878787878788,0.40425531914893614,0.36885245901639346,0.0851063829787234,0.39338235294117646
2025,"holton, tyler",1164,110.6,0.32673012013597463,0.0,0.07526881720430108,0.06779661016949153,0.47058823529411764,0.40860215053763443,0.3728813559322034,0.04081632653061224,0.042105263157894736,0.24489795918367346,0.3473684210526316,0.5,0.32653061224489793,0.08333333333333333,0.35911602209944754
2025,"rolison, ryan",678,110.6,0.32422616930482995,0.21428571428571427,0.09375,0.02631578947368421,0.2857142857142857,0.25,0.2894736842105263,0.11764705882352941,0.08955223880597014,0.29411764705882354,0.26865671641791045,0.4117647058823529,0.4411764705882353,0.11764705882352941,0.3577981651376147
2025,"dobbins, hunter",936,110.6,0.3262942915595164,0.0,0.049019607843137254,0.07142857142857142,0.23076923076923078,0.35294117647058826,0.3333333333333333,0.06818181818181818,0.06422018348623854,0.45454545454545453,0.3853211009174312,0.23529411764705882,0.45454545454545453,0.11764705882352941,0.36551724137931035
2025,"graceffo, gordon",756,110.5,0.3230317133882541,0.0,0.06578947368421052,0.07894736842105263,0.2222222222222222,0.3026315789473684,0.3157894736842105,0.15789473684210525,0.08928571428571429,0.42105263157894735,0.39285714285714285,0.4,0.2631578947368421,0.0,0.41843971631205673
2025,"alexander, tyler",1603,110.4,0.31906426989419806,0.07692307692307693,0.05405405405405406,0.0449438202247191,0.23076923076923078,0.33783783783783783,0.3707865168539326,0.08695652173913043,0.0948905109489051,0.37681159420289856,0.3284671532846715,0.4074074074074074,0.4057971014492754,0.037037037037037035,0.38095238095238093
2025,"hendricks, kyle",2583,110.4,0.32058644559136557,0.047619047619047616,0.06578947368421052,0.07246376811594203,0.42857142857142855,0.35964912280701755,0.3115942028985507,0.08433734939759036,0.07666666666666666,0.3373493975903614,0.3433333333333333,0.30952380952380953,0.3855421686746988,0.07142857142857142,0.3699788583509514
2025,"mahle, tyler",1381,110.2,0.3116039370326039,0.2,0.06818181818181818,0.09090909090909091,0.25,0.3106060606060606,0.3246753246753247,0.017857142857142856,0.043478260869565216,0.30357142857142855,0.34782608695652173,0.4444444444444444,0.4642857142857143,0.07407407407407407,0.3695652173913043
2025,"suarez, robert",1086,110.1,0.31090869788907793,0.0,0.08433734939759036,0.020833333333333332,0.16666666666666666,0.2891566265060241,0.2708333333333333,0.06451612903225806,0.1232876712328767,0.3225806451612903,0.3150684931506849,0.5,0.41935483870967744,0.21428571428571427,0.3726235741444867
2025,"bibee, tanner",2975,110.1,0.30946582535164985,0.07894736842105263,0.07003891050583658,0.061068702290076333,0.2631578947368421,0.3424124513618677,0.3282442748091603,0.11764705882352941,0.08552631578947369,0.29411764705882354,0.33223684210526316,0.3220338983050847,0.36764705882352944,0.1016949152542373,0.39763779527559057
2025,"scott, tanner",919,110.0,0.307101668886677,0.09090909090909091,0.08771929824561403,0.04878048780487805,0.36363636363636365,0.3157894736842105,0.2682926829268293,0.043478260869565216,0.12962962962962962,0.34782608695652173,0.4074074074074074,0.3157894736842105,0.43478260869565216,0.10526315789473684,0.2964824120603015
2025,"mikolas, miles",2487,109.9,0.30353713532151394,0.046875,0.07194244604316546,0.06206896551724138,0.28125,0.34532374100719426,0.32413793103448274,0.07874015748031496,0.0683453237410072,0.3700787401574803,0.3381294964028777,0.4864864864864865,0.4330708661417323,0.0,0.3900862068965517
2025,"burns, chase",765,109.9,0.30443422318656754,0.0,0.06451612903225806,0.1111111111111111,0.3333333333333333,0.3548387096774194,0.3611111111111111,0.13043478260869565,0.043478260869565216,0.43478260869565216,0.43478260869565216,0.13333333333333333,0.391304347826087,0.0,0.3869047619047619
2025,"uceta, edwin",1226,109.9,0.3044981576524985,0.0,0.0958904109589041,0.06,0.2,0.3013698630136986,0.3,0.15789473684210525,0.11538461538461539,0.47368421052631576,0.358974358974359,0.4838709677419355,0.3157894736842105,0.0,0.3333333333333333
2025,"bubic, kris",1799,109.7,0.29829700105661044,0.09523809523809523,0.08860759493670886,0.08536585365853659,0.3333333333333333,0.37341772151898733,0.2926829268292683,0.06976744186046512,0.096045197740113,0.4069767441860465,0.4067796610169492,0.41025641025641024,0.2441860465116279,0.07692307692307693,0.2838283828382838
2025,"young, brandon",941,109.7,0.29853112977752116,0.05263157894736842,0.08571428571428572,0.12,0.3684210526315789,0.3333333333333333,0.34,0.06666666666666667,0.08080808080808081,0.37777777777777777,0.37373737373737376,0.4,0.3111111111111111,0.0,0.35714285714285715
2025,"megill, trevor",765,109.5,0.2902675639916129,0.14285714285714285,0.12244897959183673,0.0967741935483871,0.5714285714285714,0.3469387755102041,0.3870967741935484,0.0,0.08888888888888889,0.1875,0.2,0.35714285714285715,0.4375,0.0,0.41605839416058393
2025,"montas, frankie",709,109.5,0.2914358186119386,0.0,0.03225806451612903,0.025,0.35714285714285715,0.3709677419354839,0.45,0.14285714285714285,0.08064516129032258,0.2857142857142857,0.27419354838709675,0.42857142857142855,0.37142857142857144,0.07142857142857142,0.4122137404580153
2025,"spence, mitch",1362,109.4,0.287620220708206,0.10344827586206896,0.055944055944055944,0.08888888888888889,0.41379310344827586,0.32867132867132864,0.34444444444444444,0.07272727272727272,0.04032258064516129,0.43636363636363634,0.31451612903225806,0.46153846153846156,0.34545454545454546,0.038461538461538464,0.3684210526315789
2025,"muñoz, andrés",1047,109.4,0.28724368119091503,0.125,0.10526315789473684,0.03333333333333333,0.375,0.3157894736842105,0.4,0.0,0.1568627450980392,0.44,0.3137254901960784,0.20689655172413793,0.16,0.13793103448275862,0.3939393939393939
2025,"lee, chase",604,109.4,0.28965579119620405,0.08333333333333333,0.0625,0.034482758620689655,0.3333333333333333,0.4166666666666667,0.41379310344827586,0.10526315789473684,0.07894736842105263,0.42105263157894735,0.2894736842105263,0.2,0.2631578947368421,0.1,0.4036697247706422
2025,"liberatore, matthew",2390,109.3,0.28530119035658263,0.04,0.07037037037037037,0.07142857142857142,0.32,0.3962962962962963,0.36363636363636365,0.09090909090909091,0.06808510638297872,0.3181818181818182,0.3872340425531915,0.3,0.42045454545454547,0.05,0.35498839907192575
2025,"beck, tristan",817,109.2,0.2809032386473522,0.14285714285714285,0.07446808510638298,0.1,0.2857142857142857,0.32978723404255317,0.3,0.08695652173913043,0.08333333333333333,0.391304347826087,0.3333333333333333,0.4,0.391304347826087,0.06666666666666667,0.3161764705882353
2025,"varland, louis",1070,109.1,0.2783676355752604,0.0,0.0375,0.07692307692307693,0.21428571428571427,0.4,0.46153846153846156,0.10714285714285714,0.0684931506849315,0.32142857142857145,0.3835616438356164,0.42857142857142855,0.4642857142857143,0.0,0.3349282296650718
2025,"matsui, yuki",1073,109.1,0.27974229554976543,0.0,0.07792207792207792,0.019230769230769232,0.3125,0.3246753246753247,0.34615384615384615,0.0625,0.13513513513513514,0.5,0.36486486486486486,0.23076923076923078,0.375,0.15384615384615385,0.32608695652173914
2025,"smith, cade",1194,109.1,0.28018916285870765,0.16666666666666666,0.06153846153846154,0.05263157894736842,0.5,0.4,0.3684210526315789,0.03333333333333333,0.0410958904109589,0.36666666666666664,0.3013698630136986,0.35,0.36666666666666664,0.1,0.3391304347826087
2025,"skenes, paul",2997,109.1,0.2781312931466586,0.07692307692307693,0.06986899563318777,0.09016393442622951,0.23076923076923078,0.34934497816593885,0.4098360655737705,0.05925925925925926,0.04395604395604396,0.43703703703703706,0.41025641025641024,0.3191489361702128,0.34074074074074073,0.0851063829787234,0.3415492957746479
2025,"pérez, martín",904,109.0,0.2749733158066626,0.043478260869565216,0.10126582278481013,0.14285714285714285,0.2608695652173913,0.3037974683544304,0.30612244897959184,0.11363636363636363,0.07228915662650602,0.36363636363636365,0.3253012048192771,0.43478260869565216,0.2727272727272727,0.08695652173913043,0.36879432624113473
2025,"peralta, wandy",1153,109.0,0.2773584196603072,0.07692307692307693,0.12658227848101267,0.10638297872340426,0.3076923076923077,0.3670886075949367,0.2978723404255319,0.08,0.03409090909090909,0.36,0.3409090909090909,0.3076923076923077,0.28,0.0,0.47674418604651164
2025,"yarbrough, ryan",1018,108.7,0.2660275009203067,0.07692307692307693,0.058823529411764705,0.05555555555555555,0.38461538461538464,0.2823529411764706,0.25925925925925924,0.10714285714285714,0.09183673469387756,0.39285714285714285,0.35714285714285715,0.38095238095238093,0.3392857142857143,0.047619047619047616,0.4533333333333333
2025,"henriquez, ronny",1167,108.5,0.26018275811760744,0.17647058823529413,0.0759493670886076,0.02631578947368421,0.29411764705882354,0.3291139240506329,0.3684210526315789,0.09375,0.07894736842105263,0.34375,0.35526315789473684,0.3333333333333333,0.28125,0.14814814814814814,0.3684210526315789
2025,"webb, jacob",986,108.4,0.2575394031525281,0.1,0.09230769230769231,0.09090909090909091,0.4,0.36923076923076925,0.4318181818181818,0.0,0.04597701149425287,0.4444444444444444,0.3793103448275862,0.23529411764705882,0.37777777777777777,0.058823529411764705,0.3352601156069364
2025,"evans, logan",1344,108.3,0.25555209360017217,0.038461538461538464,0.07352941176470588,0.08235294117647059,0.2692307692307692,0.34558823529411764,0.3764705882352941,0.14545454545454545,0.112,0.32727272727272727,0.368,0.3939393939393939,0.2727272727272727,0.030303030303030304,0.37280701754385964
2025,"thielbar, caleb",842,108.2,0.2519887275743978,0.1,0.07407407407407407,0.034482758620689655,0.3,0.35185185185185186,0.27586206896551724,0.06666666666666667,0.047619047619047616,0.36666666666666664,0.3968253968253968,0.4,0.43333333333333335,0.2,0.3137254901960784
2025,"myers, tobias",826,108.2,0.251331755373356,0.0,0.0989010989010989,0.13953488372093023,0.18181818181818182,0.3626373626373626,0.3023255813953488,0.03225806451612903,0.05194805194805195,0.3870967741935484,0.4155844155844156,0.3125,0.5806451612903226,0.0625,0.3212121212121212
2025,"johnson, pierce",979,108.1,0.24937905274428668,0.0,0.09859154929577464,0.10256410256410256,0.3,0.3380281690140845,0.46153846153846156,0.047619047619047616,0.06896551724137931,0.23809523809523808,0.25862068965517243,0.2,0.5238095238095238,0.2,0.3782051282051282
2025,"luzardo, jesús",3015,108.0,0.24676208620979395,0.06666666666666667,0.09649122807017543,0.125,0.23333333333333334,0.34210526315789475,0.2986111111111111,0.06557377049180328,0.06870229007633588,0.3360655737704918,0.35877862595419846,0.43636363636363634,0.30327868852459017,0.09090909090909091,0.396484375
2025,"kelly, merrill",2835,107.9,0.24206900903121034,0.0851063829787234,0.04844290657439446,0.08917197452229299,0.2978723404255319,0.3356401384083045,0.35668789808917195,0.10569105691056911,0.05776173285198556,0.35772357723577236,0.3176895306859206,0.3829787234042553,0.4715447154471545,0.0851063829787234,0.3669201520912547
2025,"lauer, eric",1690,107.9,0.24206220376919654,0.09090909090909091,0.08333333333333333,0.08139534883720931,0.36363636363636365,0.34523809523809523,0.4069767441860465,0.05357142857142857,0.06493506493506493,0.26785714285714285,0.2922077922077922,0.36,0.5,0.04,0.4024390243902439
2025,"weissert, greg",1073,107.8,0.2402592635552672,0.08333333333333333,0.0375,0.058823529411764705,0.25,0.325,0.20588235294117646,0.08695652173913043,0.022727272727272728,0.6086956521739131,0.4772727272727273,0.30434782608695654,0.30434782608695654,0.21739130434782608,0.3492063492063492
2025,"green, chad",718,107.7,0.23674561505563835,0.0,0.06493506493506493,0.07317073170731707,0.2222222222222222,0.2857142857142857,0.43902439024390244,0.0,0.0847457627118644,0.5555555555555556,0.3559322033898305,0.4166666666666667,0.4444444444444444,0.0,0.41304347826086957
2025,"leahy, kyle",1352,107.6,0.23270674103903186,0.05555555555555555,0.08695652173913043,0.1267605633802817,0.3888888888888889,0.30434782608695654,0.19718309859154928,0.11666666666666667,0.08653846153846154,0.3333333333333333,0.3557692307692308,0.4074074074074074,0.4,0.037037037037037035,0.40229885057471265
2025,"corbin, patrick",2590,107.6,0.2346709703296724,0.05128205128205128,0.08130081300813008,0.09859154929577464,0.358974358974359,0.34552845528455284,0.323943661971831,0.06837606837606838,0.07346938775510205,0.37606837606837606,0.34285714285714286,0.24489795918367346,0.39316239316239315,0.061224489795918366,0.4379746835443038
2025,"fairbanks, pete",987,107.6,0.2317853832711329,0.0,0.13043478260869565,0.1111111111111111,0.3333333333333333,0.4057971014492754,0.4722222222222222,0.08,0.05555555555555555,0.28,0.2777777777777778,0.4117647058823529,0.36,0.058823529411764705,0.33
2025,"eovaldi, nathan",1924,107.3,0.22495227462545594,0.125,0.054878048780487805,0.05813953488372093,0.25,0.4024390243902439,0.43023255813953487,0.07142857142857142,0.07567567567567568,0.38095238095238093,0.4,0.4,0.3333333333333333,0.04,0.3333333333333333
2025,"slaten, justin",504,107.2,0.2215695376561993,0.16666666666666666,0.027777777777777776,0.08695652173913043,0.16666666666666666,0.3888888888888889,0.21739130434782608,0.09090909090909091,0.10416666666666667,0.2727272727272727,0.4791666666666667,0.6666666666666666,0.45454545454545453,0.0,0.2826086956521739
2025,"miller, shelby",720,107.2,0.220940964208987,0.16666666666666666,0.10416666666666667,0.20689655172413793,0.5,0.2916666666666667,0.3448275862068966,0.05,0.0,0.4,0.3023255813953488,0.2,0.5,0.06666666666666667,0.3178294573643411
2025,"mattson, isaac",786,107.0,0.21589069691636537,0.14285714285714285,0.08163265306122448,0.17857142857142858,0.5714285714285714,0.30612244897959184,0.42857142857142855,0.2222222222222222,0.058823529411764705,0.3888888888888889,0.2549019607843137,0.1875,0.16666666666666666,0.0625,0.3136094674556213
2025,"desclafani, anthony",637,106.8,0.2073194092030571,0.0,0.04838709677419355,0.06896551724137931,0.3,0.41935483870967744,0.41379310344827586,0.13043478260869565,0.11290322580645161,0.391304347826087,0.4032258064516129,0.23076923076923078,0.2608695652173913,0.07692307692307693,0.37254901960784315
2025,"rasmussen, drew",2317,106.8,0.20925797576546667,0.08,0.09606986899563319,0.09401709401709402,0.44,0.37117903930131,0.358974358974359,0.05063291139240506,0.07174887892376682,0.27848101265822783,0.33183856502242154,0.4634146341463415,0.3670886075949367,0.024390243902439025,0.38293216630196936
2025,"ragans, cole",1079,106.5,0.1993880635426415,0.07692307692307693,0.07462686567164178,0.07692307692307693,0.23076923076923078,0.3880597014925373,0.38461538461538464,0.09375,0.10144927536231885,0.3125,0.4057971014492754,0.36363636363636365,0.375,0.0,0.3875598086124402
2025,"de los santos, enyel",1118,106.3,0.192249662846765,0.0625,0.10256410256410256,0.12,0.3125,0.358974358974359,0.3,0.057692307692307696,0.10526315789473684,0.3076923076923077,0.3684210526315789,0.5652173913043478,0.3076923076923077,0.0,0.375609756097561
2025,"brash, matt",828,106.3,0.1920085153471762,0.16666666666666666,0.09302325581395349,0.0625,0.3333333333333333,0.4883720930232558,0.25,0.1111111111111111,0.125,0.18518518518518517,0.45,0.11764705882352941,0.18518518518518517,0.11764705882352941,0.4152542372881356
2025,"finnegan, kyle",855,106.3,0.1942407710653665,0.0,0.04477611940298507,0.05405405405405406,0.45454545454545453,0.3880597014925373,0.3783783783783784,0.07692307692307693,0.08771929824561403,0.46153846153846156,0.3684210526315789,0.5294117647058824,0.2692307692307692,0.058823529411764705,0.33540372670807456
2025,"flexen, chris",673,106.1,0.1870193091408839,0.25,0.08108108108108109,0.10526315789473684,0.25,0.35135135135135137,0.42105263157894735,0.09523809523809523,0.07462686567164178,0.19047619047619047,0.2835820895522388,0.5833333333333334,0.42857142857142855,0.0,0.3308270676691729
2025,"verlander, justin",2612,106.0,0.18520402312189196,0.07894736842105263,0.09243697478991597,0.06338028169014084,0.39473684210526316,0.3907563025210084,0.39436619718309857,0.06363636363636363,0.09274193548387097,0.34545454545454546,0.3467741935483871,0.35185185185185186,0.32727272727272727,0.09259259259259259,0.34647302904564314
2025,"estévez, carlos",1064,105.9,0.18038129422194096,0.13333333333333333,0.05333333333333334,0.021739130434782608,0.4666666666666667,0.38666666666666666,0.5,0.0967741935483871,0.1527777777777778,0.3225806451612903,0.2361111111111111,0.25,0.3548387096774194,0.1,0.34210526315789475
2025,"burke, brock",1028,105.9,0.18197251381100119,0.1,0.0958904109589041,0.06976744186046512,0.2,0.4794520547945205,0.4418604651162791,0.0,0.06153846153846154,0.3888888888888889,0.4153846153846154,0.4375,0.3055555555555556,0.0625,0.3094170403587444
2025,"kirby, george",2087,105.9,0.18098107478839448,0.06896551724137931,0.07653061224489796,0.09345794392523364,0.27586206896551724,0.34183673469387754,0.38317757009345793,0.041666666666666664,0.05421686746987952,0.4027777777777778,0.3674698795180723,0.4722222222222222,0.4166666666666667,0.05555555555555555,0.37531486146095716
2025,"zerpa, angel",1100,105.9,0.18203452123229638,0.0,0.08888888888888889,0.05,0.3076923076923077,0.3888888888888889,0.275,0.05405405405405406,0.11235955056179775,0.2702702702702703,0.3595505617977528,0.47368421052631576,0.4864864864864865,0.10526315789473684,0.3781094527363184
2025,"sousa, bennett",728,105.8,0.17726710910308263,0.0,0.05555555555555555,0.05555555555555555,0.4444444444444444,0.42592592592592593,0.4166666666666667,0.045454545454545456,0.07407407407407407,0.4090909090909091,0.46296296296296297,0.5384615384615384,0.36363636363636365,0.07692307692307693,0.21739130434782608
2025,"garcia, rico",589,105.7,0.17355035223828702,0.0,0.05405405405405406,0.07407407407407407,0.5714285714285714,0.40540540540540543,0.2962962962962963,0.08333333333333333,0.024390243902439025,0.375,0.4634146341463415,0.3333333333333333,0.375,0.1111111111111111,0.35135135135135137
2025,"wacha, michael",2666,105.7,0.17338796895062986,0.07894736842105263,0.05668016194331984,0.08496732026143791,0.3684210526315789,0.3765182186234818,0.3660130718954248,0.08860759493670886,0.06506849315068493,0.3670886075949367,0.3904109589041096,0.3181818181818182,0.34810126582278483,0.09090909090909091,0.38551859099804303
2025,"nola, aaron",1568,105.7,0.17564578937182876,0.041666666666666664,0.05228758169934641,0.08045977011494253,0.375,0.3464052287581699,0.3448275862068966,0.08823529411764706,0.07801418439716312,0.4264705882352941,0.3900709219858156,0.4666666666666667,0.4117647058823529,0.06666666666666667,0.3210332103321033
2025,"lópez, pablo",1259,105.7,0.17619701057565562,0.07692307692307693,0.07692307692307693,0.08955223880597014,0.3076923076923077,0.40384615384615385,0.4925373134328358,0.08,0.05785123966942149,0.36,0.34710743801652894,0.30434782608695654,0.38,0.0,0.39148936170212767
2025,"díaz, edwin",1067,105.7,0.17398640543996405,0.16666666666666666,0.13333333333333333,0.10714285714285714,0.16666666666666666,0.35,0.35714285714285715,0.04,0.10526315789473684,0.32,0.3684210526315789,0.25,0.36,0.14285714285714285,0.3373493975903614
2025,"helsley, ryan",994,105.7,0.17586175520630862,0.08333333333333333,0.06493506493506493,0.0392156862745098,0.16666666666666666,0.37662337662337664,0.29411764705882354,0.045454545454545456,0.10526315789473684,0.45454545454545453,0.5263157894736842,0.36363636363636365,0.4090909090909091,0.13636363636363635,0.27860696517412936
2025,"walker, ryan",1024,105.6,0.17191255271979483,0.0,0.07575757575757576,0.10638297872340426,0.42857142857142855,0.3484848484848485,0.3191489361702128,0.14634146341463414,0.08955223880597014,0.5365853658536586,0.373134328358209,0.391304347826087,0.21951219512195122,0.043478260869565216,0.3333333333333333
2025,"sugano, tomoyuki",2573,105.6,0.17205857632629118,0.05084745762711865,0.051094890510948905,0.04678362573099415,0.423728813559322,0.38686131386861317,0.4444444444444444,0.017857142857142856,0.060240963855421686,0.45535714285714285,0.39357429718875503,0.4,0.38392857142857145,0.05,0.3634361233480176
2025,"yamamoto, yoshinobu",2792,105.6,0.17249457368199295,0.043478260869565216,0.12077294685990338,0.10679611650485436,0.2608695652173913,0.3671497584541063,0.3592233009708738,0.07142857142857142,0.10756972111553785,0.3392857142857143,0.3705179282868526,0.3333333333333333,0.3392857142857143,0.05,0.37924151696606784
2025,"hancock, emerson",1423,105.4,0.1651802942313258,0.05,0.1,0.07777777777777778,0.1,0.3466666666666667,0.32222222222222224,0.11267605633802817,0.12408759124087591,0.29577464788732394,0.38686131386861317,0.42857142857142855,0.39436619718309857,0.11428571428571428,0.3602941176470588
2025,"bellozo, valente",1322,105.4,0.1657842696797094,0.03333333333333333,0.08396946564885496,0.05714285714285714,0.3,0.3511450381679389,0.35714285714285715,0.08333333333333333,0.07692307692307693,0.43333333333333335,0.36923076923076925,0.34615384615384615,0.4,0.07692307692307693,0.3984375
2025,"sears, jp",2366,105.4,0.1658067854780012,0.05405405405405406,0.051643192488262914,0.04838709677419355,0.2702702702702703,0.36619718309859156,0.3709677419354839,0.05813953488372093,0.059574468085106386,0.46511627906976744,0.3659574468085106,0.325,0.4883720930232558,0.125,0.376940133037694
2025,"mcgreevy, michael",1466,105.4,0.16426359777463914,0.07142857142857142,0.045714285714285714,0.07692307692307693,0.5,0.37714285714285717,0.42857142857142855,0.046153846153846156,0.05521472392638037,0.36923076923076925,0.36809815950920244,0.391304347826087,0.4153846153846154,0.0,0.4
2025,"montgomery, mason",859,105.3,0.1627300564100353,0.14285714285714285,0.15,0.1935483870967742,0.2857142857142857,0.3,0.2903225806451613,0.17857142857142858,0.058823529411764705,0.35714285714285715,0.29411764705882354,0.34615384615384615,0.17857142857142858,0.15384615384615385,0.3148148148148148
2025,"irvin, jake",2947,105.2,0.15951922467970098,0.11428571428571428,0.08959537572254335,0.08064516129032258,0.44285714285714284,0.3468208092485549,0.3817204301075269,0.08208955223880597,0.08169934640522876,0.31343283582089554,0.29411764705882354,0.375,0.44776119402985076,0.09375,0.3365019011406844
2025,"eflin, zach",1127,105.1,0.15724916271965453,0.08695652173913043,0.07692307692307693,0.04477611940298507,0.5217391304347826,0.3769230769230769,0.43283582089552236,0.057692307692307696,0.05426356589147287,0.38461538461538464,0.34108527131782945,0.4666666666666667,0.4423076923076923,0.0,0.33663366336633666
2025,"herget, jimmy",1287,105.0,0.1546330022409129,0.15384615384615385,0.08333333333333333,0.07017543859649122,0.46153846153846156,0.3425925925925926,0.2631578947368421,0.11320754716981132,0.12727272727272726,0.3584905660377358,0.37272727272727274,0.41935483870967744,0.18867924528301888,0.0967741935483871,0.355
2025,"harris, hogan",1141,105.0,0.1531709803003005,0.0,0.07142857142857142,0.06521739130434782,0.3333333333333333,0.34285714285714286,0.34782608695652173,0.09090909090909091,0.13253012048192772,0.3939393939393939,0.37349397590361444,0.3076923076923077,0.30303030303030304,0.15384615384615385,0.3870967741935484
2025,"lucchesi, joey",637,104.9,0.15168338209612728,0.14285714285714285,0.09090909090909091,0.06896551724137931,0.2857142857142857,0.3181818181818182,0.4482758620689655,0.11538461538461539,0.12727272727272726,0.38461538461538464,0.4,0.23076923076923078,0.38461538461538464,0.0,0.3394495412844037
2025,"woodford, jake",629,104.8,0.14791918909555218,0.0,0.038461538461538464,0.030303030303030304,0.2857142857142857,0.3076923076923077,0.3333333333333333,0.07894736842105263,0.08771929824561403,0.47368421052631576,0.38596491228070173,0.35714285714285715,0.39473684210526316,0.14285714285714285,0.46296296296296297
2025,"fried, max",3110,104.8,0.1458946255249061,0.08333333333333333,0.07116104868913857,0.07453416149068323,0.3333333333333333,0.33707865168539325,0.3167701863354037,0.12962962962962962,0.10032362459546926,0.43209876543209874,0.39805825242718446,0.3389830508474576,0.3271604938271605,0.03389830508474576,0.3945841392649903
2025,"williams, devin",1119,104.8,0.14711258535990143,0.09090909090909091,0.109375,0.16666666666666666,0.2727272727272727,0.359375,0.2777777777777778,0.04,0.0847457627118644,0.4,0.423728813559322,0.23076923076923078,0.44,0.038461538461538464,0.36097560975609755
2025,"cecconi, slade",2069,104.7,0.14450070841414436,0.02127659574468085,0.06382978723404255,0.07936507936507936,0.3191489361702128,0.33191489361702126,0.3492063492063492,0.04225352112676056,0.031088082901554404,0.36619718309859156,0.36787564766839376,0.48484848484848486,0.49295774647887325,0.06060606060606061,0.4633431085043988
2025,"baz, shane",2724,104.5,0.13727469969697154,0.046511627906976744,0.10612244897959183,0.07194244604316546,0.37209302325581395,0.40408163265306124,0.4172661870503597,0.10576923076923077,0.13725490196078433,0.28846153846153844,0.30980392156862746,0.3283582089552239,0.28846153846153844,0.14925373134328357,0.31285988483685223
2025,"lorenzen, michael",2318,104.4,0.13489004914466446,0.08823529411764706,0.058823529411764705,0.03787878787878788,0.3235294117647059,0.4072398190045249,0.4166666666666667,0.08235294117647059,0.09649122807017543,0.36470588235294116,0.38596491228070173,0.37777777777777777,0.4117647058823529,0.044444444444444446,0.3583535108958838
2025,"priester, quinn",2469,104.3,0.13234433730677211,0.030303030303030304,0.05907172995780591,0.03361344537815126,0.36363636363636365,0.34177215189873417,0.3277310924369748,0.125,0.1111111111111111,0.35714285714285715,0.36507936507936506,0.49056603773584906,0.35714285714285715,0.07547169811320754,0.40625
2025,"gallen, zac",3137,104.2,0.1298870813841919,0.058823529411764705,0.06774193548387097,0.05421686746987952,0.39215686274509803,0.33225806451612905,0.3313253012048193,0.11504424778761062,0.09333333333333334,0.3274336283185841,0.31666666666666665,0.417910447761194,0.40707964601769914,0.11940298507462686,0.41164658634538154
2025,"soriano, george",696,104.2,0.12952555563483398,0.23529411764705882,0.13559322033898305,0.06818181818181818,0.47058823529411764,0.3389830508474576,0.29545454545454547,0.09090909090909091,0.10526315789473684,0.18181818181818182,0.2894736842105263,0.3684210526315789,0.4090909090909091,0.10526315789473684,0.34959349593495936
2025,"lord, brad",2129,104.1,0.12731714423231785,0.07142857142857142,0.07253886010362694,0.07964601769911504,0.2857142857142857,0.38341968911917096,0.40707964601769914,0.07692307692307693,0.05913978494623656,0.41346153846153844,0.4032258064516129,0.2727272727272727,0.36538461538461536,0.1590909090909091,0.34545454545454546
2025,"bassitt, chris",2836,104.1,0.12485418297037068,0.13953488372093023,0.10043668122270742,0.12418300653594772,0.37209302325581395,0.37117903930131,0.39215686274509803,0.051094890510948905,0.06319702602230483,0.3795620437956204,0.36059479553903345,0.31666666666666665,0.27007299270072993,0.06666666666666667,0.3937007874015748
2025,"harrison, kyle",592,104.0,0.12186805202391704,0.0,0.0784313725490196,0.1,0.5714285714285714,0.4117647058823529,0.43333333333333335,0.045454545454545456,0.07272727272727272,0.36363636363636365,0.34545454545454546,0.5714285714285714,0.22727272727272727,0.07142857142857142,0.31896551724137934
2025,"snell, blake",1033,104.0,0.12267274960227212,0.2222222222222222,0.11428571428571428,0.11627906976744186,0.2222222222222222,0.35714285714285715,0.32558139534883723,0.08620689655172414,0.07317073170731707,0.3275862068965517,0.4268292682926829,0.24,0.25862068965517243,0.04,0.43870967741935485
2025,"jacob, alek",586,103.9,0.1184920073523941,0.0,0.08571428571428572,0.038461538461538464,0.2,0.3142857142857143,0.34615384615384615,0.16666666666666666,0.16666666666666666,0.5,0.3958333333333333,0.3684210526315789,0.36666666666666664,0.05263157894736842,0.32673267326732675
2025,"dreyer, jack",1166,103.9,0.12003817463721365,0.0,0.024096385542168676,0.027777777777777776,0.42857142857142855,0.4819277108433735,0.4722222222222222,0.0625,0.04395604395604396,0.4375,0.3956043956043956,0.2777777777777778,0.40625,0.16666666666666666,0.3271889400921659
2025,"parker, mitchell",2707,103.7,0.1122507796516553,0.12,0.08656716417910448,0.10695187165775401,0.32,0.3701492537313433,0.37433155080213903,0.06666666666666667,0.09293680297397769,0.35555555555555557,0.3754646840148699,0.45,0.3888888888888889,0.06666666666666667,0.3071297989031079
2025,"bernardino, brennan",855,103.6,0.111355934375904,0.0,0.1568627450980392,0.15384615384615385,0.14285714285714285,0.35294117647058826,0.4230769230769231,0.02857142857142857,0.07042253521126761,0.3142857142857143,0.29577464788732394,0.43478260869565216,0.4,0.13043478260869565,0.3795620437956204
2025,"erceg, lucas",976,103.6,0.10982298824565305,0.08333333333333333,0.10606060606060606,0.06666666666666667,0.5,0.3484848484848485,0.26666666666666666,0.058823529411764705,0.09090909090909091,0.35294117647058826,0.38961038961038963,0.5263157894736842,0.29411764705882354,0.05263157894736842,0.39080459770114945
2025,"martínez, nick",2582,103.3,0.10162891920969908,0.058823529411764705,0.075,0.06802721088435375,0.47058823529411764,0.42083333333333334,0.4217687074829932,0.06451612903225806,0.07865168539325842,0.3629032258064516,0.3857677902621723,0.3409090909090909,0.3790322580645161,0.06818181818181818,0.3392857142857143
2025,"nelson, ryne",2467,103.3,0.09985623635883241,0.13333333333333333,0.07518796992481203,0.056451612903225805,0.43333333333333335,0.3684210526315789,0.3467741935483871,0.06060606060606061,0.08438818565400844,0.2878787878787879,0.3881856540084388,0.5227272727272727,0.3787878787878788,0.06818181818181818,0.3629489603024575
2025,"newcomb, sean",1554,103.3,0.09990525447594457,0.0,0.06153846153846154,0.1,0.23076923076923078,0.38461538461538464,0.3875,0.18867924528301888,0.10743801652892562,0.4339622641509434,0.4214876033057851,0.34375,0.33962264150943394,0.0,0.35494880546075086
2025,"ohtani, shohei",753,102.8,0.08641762359411505,0.0,0.05555555555555555,0.058823529411764705,0.75,0.3888888888888889,0.4117647058823529,0.02702702702702703,0.05172413793103448,0.4864864864864865,0.3448275862068966,0.25,0.40540540540540543,0.125,0.3602941176470588
2025,"maton, phil",1017,102.8,0.08665281197230931,0.0,0.12244897959183673,0.08333333333333333,0.3333333333333333,0.42857142857142855,0.4166666666666667,0.09090909090909091,0.13725490196078433,0.30303030303030304,0.43137254901960786,0.21428571428571427,0.30303030303030304,0.10714285714285714,0.32515337423312884
2025,"hoffman, jeff",1132,102.8,0.08491033367694481,0.11764705882352941,0.10810810810810811,0.09090909090909091,0.47058823529411764,0.36486486486486486,0.4090909090909091,0.09375,0.125,0.28125,0.2777777777777778,0.35714285714285715,0.28125,0.07142857142857142,0.3944954128440367
2025,"castillo, luis",2988,102.8,0.0858176497207295,0.07407407407407407,0.08361204013377926,0.07096774193548387,0.3333333333333333,0.4013377926421405,0.3870967741935484,0.06796116504854369,0.07434944237918216,0.32038834951456313,0.3420074349442379,0.4807692307692308,0.4077669902912621,0.07692307692307693,0.38412698412698415
2025,"burrows, mike",1542,102.5,0.07638381941521473,0.07692307692307693,0.06569343065693431,0.10112359550561797,0.34615384615384615,0.34306569343065696,0.3595505617977528,0.2,0.08450704225352113,0.4,0.34507042253521125,0.34285714285714286,0.3333333333333333,0.08571428571428572,0.36363636363636365
2025,"enright, nic",532,102.5,0.07646962771974755,0.0,0.125,0.15,0.25,0.34375,0.45,0.1,0.19444444444444445,0.45,0.3888888888888889,0.38461538461538464,0.15,0.0,0.3050847457627119
2025,"hoglund, gunnar",548,102.4,0.07233127628074214,0.0625,0.09375,0.05128205128205128,0.375,0.359375,0.28205128205128205,0.0,0.06382978723404255,0.42105263157894735,0.5106382978723404,0.2,0.3684210526315789,0.3,0.34831460674157305
2025,"thornton, trent",664,102.3,0.0693745617603884,0.0,0.14516129032258066,0.11904761904761904,0.125,0.3387096774193548,0.3333333333333333,0.07407407407407407,0.09803921568627451,0.3333333333333333,0.37254901960784315,0.6,0.2962962962962963,0.06666666666666667,0.41732283464566927
2025,"kelly, kevin",592,102.3,0.07182336813305286,0.14285714285714285,0.04477611940298507,0.07692307692307693,0.35714285714285715,0.40298507462686567,0.41025641025641024,0.058823529411764705,0.023809523809523808,0.35294117647058826,0.35714285714285715,0.7142857142857143,0.23529411764705882,0.0,0.45977011494252873
2025,"allen, logan",2713,102.2,0.06652576574748971,0.16279069767441862,0.09163346613545817,0.07971014492753623,0.27906976744186046,0.3346613545816733,0.32608695652173914,0.10256410256410256,0.09615384615384616,0.41025641025641024,0.3769230769230769,0.38095238095238093,0.37606837606837606,0.09523809523809523,0.3542116630669546
2025,"yates, kirby",762,102.2,0.06605010214869732,0.1,0.09302325581395349,0.1724137931034483,0.2,0.37209302325581395,0.41379310344827586,0.09090909090909091,0.075,0.4090909090909091,0.45,0.25,0.13636363636363635,0.125,0.38620689655172413
2025,"schreiber, john",1051,102.1,0.06473361887030467,0.0,0.046875,0.05263157894736842,0.3076923076923077,0.390625,0.47368421052631576,0.1282051282051282,0.0821917808219178,0.38461538461538464,0.3972602739726027,0.3888888888888889,0.28205128205128205,0.1111111111111111,0.40816326530612246
2025,"civale, aaron",1748,102.1,0.06551147774081933,0.0,0.0625,0.05,0.2962962962962963,0.3472222222222222,0.2875,0.14102564102564102,0.1377245508982036,0.3974358974358974,0.40718562874251496,0.38461538461538464,0.3717948717948718,0.07692307692307693,0.4299363057324841
2025,"ashcraft, braxton",1107,102.0,0.06204130418233628,0.0,0.07368421052631578,0.10714285714285714,0.2222222222222222,0.4105263157894737,0.42857142857142855,0.11538461538461539,0.07446808510638298,0.4423076923076923,0.4148936170212766,0.30434782608695654,0.40384615384615385,0.17391304347826086,0.2688679245283019
2025,"alcalá, jorge",1062,102.0,0.062380383987209805,0.125,0.08,0.14634146341463414,0.25,0.32,0.3170731707317073,0.07142857142857142,0.07575757575757576,0.42857142857142855,0.45454545454545453,0.2857142857142857,0.39285714285714285,0.10714285714285714,0.36097560975609755
2025,"bazardo, eduard",1232,101.9,0.05702658986651482,0.0,0.045454545454545456,0.0784313725490196,0.5,0.4318181818181818,0.4117647058823529,0.125,0.06329113924050633,0.375,0.35443037974683544,0.4,0.34375,0.08,0.38181818181818183
2025,"casparius, ben",1263,101.9,0.05852792381217927,0.058823529411764705,0.0673076923076923,0.058823529411764705,0.4117647058823529,0.40384615384615385,0.4117647058823529,0.05263157894736842,0.06896551724137931,0.38596491228070173,0.46551724137931033,0.4090909090909091,0.3333333333333333,0.09090909090909091,0.35046728971962615
2025,"berríos, josé",2592,101.8,0.055000375495341154,0.08,0.09195402298850575,0.08108108108108109,0.32,0.3563218390804598,0.2702702702702703,0.12149532710280374,0.10218978102189781,0.40186915887850466,0.4233576642335766,0.43859649122807015,0.38317757009345793,0.03508771929824561,0.37236533957845436
2025,"kolek, stephen",1693,101.8,0.05403070168755553,0.047619047619047616,0.05641025641025641,0.05434782608695652,0.19047619047619047,0.3435897435897436,0.31521739130434784,0.07936507936507936,0.1005586592178771,0.36507936507936506,0.40782122905027934,0.5588235294117647,0.4444444444444444,0.08823529411764706,0.42574257425742573
2025,"mclean, nolan",740,101.8,0.05662033302403025,0.125,0.04838709677419355,0.08571428571428572,0.625,0.41935483870967744,0.42857142857142855,0.125,0.01818181818181818,0.2916666666666667,0.38181818181818183,0.2777777777777778,0.2916666666666667,0.1111111111111111,0.3963963963963964
2025,"melton, troy",656,101.6,0.04883795157783027,0.0,0.09722222222222222,0.1111111111111111,0.2727272727272727,0.3333333333333333,0.37037037037037035,0.07692307692307693,0.09333333333333334,0.2692307692307692,0.3466666666666667,0.3333333333333333,0.38461538461538464,0.2,0.45217391304347826
2025,"sterner, justin",1101,101.5,0.045665366445349846,0.07142857142857142,0.09859154929577464,0.14634146341463414,0.5,0.3380281690140845,0.36585365853658536,0.12,0.09090909090909091,0.28,0.3333333333333333,0.32,0.4,0.04,0.39712918660287083
2025,"topa, justin",990,101.5,0.04618383956362087,0.0,0.031578947368421054,0.06666666666666667,0.6,0.3894736842105263,0.36666666666666664,0.125,0.07792207792207792,0.4,0.38961038961038963,0.3333333333333333,0.475,0.05555555555555555,0.36464088397790057
2025,"latz, jacob",1397,101.4,0.041443615602344164,0.0,0.08403361344537816,0.09859154929577464,0.2857142857142857,0.35294117647058826,0.38028169014084506,0.16279069767441862,0.08870967741935484,0.37209302325581395,0.3709677419354839,0.39285714285714285,0.32558139534883723,0.10714285714285714,0.39669421487603307
2025,"alcántara, sandy",2893,101.2,0.03715798679185019,0.15217391304347827,0.08333333333333333,0.10778443113772455,0.43478260869565216,0.36217948717948717,0.3652694610778443,0.09433962264150944,0.09252669039145907,0.3490566037735849,0.34519572953736655,0.4444444444444444,0.39622641509433965,0.031746031746031744,0.34523809523809523
2025,"king, john",782,101.2,0.0376777234755854,0.0,0.07142857142857142,0.02631578947368421,0.2857142857142857,0.3333333333333333,0.2631578947368421,0.09375,0.10810810810810811,0.4375,0.43243243243243246,0.6,0.5,0.0,0.42105263157894735
2025,"boushley, caleb",743,101.1,0.032548917683838115,0.14285714285714285,0.10144927536231885,0.06382978723404255,0.35714285714285715,0.42028985507246375,0.3617021276595745,0.047619047619047616,0.10204081632653061,0.42857142857142855,0.3469387755102041,0.26666666666666666,0.42857142857142855,0.06666666666666667,0.375
2025,"gomber, austin",999,101.0,0.03106089997230083,0.06451612903225806,0.056074766355140186,0.046875,0.45161290322580644,0.3644859813084112,0.296875,0.09090909090909091,0.075,0.38181818181818183,0.36666666666666664,0.5882352941176471,0.4727272727272727,0.058823529411764705,0.3854166666666667
2025,"wrobleski, justin",1096,100.8,0.02376868471442108,0.16666666666666666,0.0707070707070707,0.05555555555555555,0.5,0.37373737373737376,0.3333333333333333,0.0625,0.10588235294117647,0.40625,0.38823529411764707,0.2777777777777778,0.375,0.16666666666666666,0.3274336283185841
2025,"houser, adrian",1892,100.8,0.023842559298561834,0.08695652173913043,0.09523809523809523,0.10101010101010101,0.391304347826087,0.3619047619047619,0.3939393939393939,0.0375,0.10096153846153846,0.4,0.3701923076923077,0.5217391304347826,0.4,0.021739130434782608,0.34285714285714286
2025,"ohl, pierson",545,100.8,0.025128899839076402,0.125,0.07407407407407407,0.058823529411764705,0.5,0.4074074074074074,0.3235294117647059,0.05,0.02631578947368421,0.3,0.3684210526315789,0.42857142857142855,0.65,0.0,0.415929203539823
2025,"milner, hoby",1170,100.8,0.024559351094211597,0.07142857142857142,0.056818181818181816,0.12195121951219512,0.5714285714285714,0.3181818181818182,0.43902439024390244,0.1,0.053763440860215055,0.4,0.34408602150537637,0.6470588235294118,0.3,0.0,0.36018957345971564
2025,"keller, mitch",2871,100.5,0.01493439494328253,0.0,0.07094594594594594,0.06748466257668712,0.4594594594594595,0.36486486486486486,0.4171779141104294,0.061946902654867256,0.08098591549295775,0.46017699115044247,0.3767605633802817,0.43636363636363634,0.39823008849557523,0.09090909090909091,0.368141592920354
2025,"pepiot, ryan",2700,100.4,0.011507819907827326,0.125,0.11836734693877551,0.0847457627118644,0.25,0.37551020408163266,0.3728813559322034,0.07692307692307693,0.11914893617021277,0.3956043956043956,0.39148936170212767,0.26865671641791045,0.3956043956043956,0.08955223880597014,0.36036036036036034
2025,"cabrera, génesis",720,100.3,0.009342947033977549,0.0,0.09523809523809523,0.08823529411764706,0.25,0.36507936507936506,0.3235294117647059,0.07407407407407407,0.125,0.48148148148148145,0.4107142857142857,0.5882352941176471,0.48148148148148145,0.0,0.3103448275862069
2025,"fitts, richard",735,100.3,0.009128999517639822,0.17647058823529413,0.08108108108108109,0.07142857142857142,0.17647058823529413,0.36486486486486486,0.2857142857142857,0.11764705882352941,0.1111111111111111,0.2647058823529412,0.36507936507936506,0.42105263157894735,0.4117647058823529,0.21052631578947367,0.3717948717948718
2025,"may, dustin",2182,100.3,0.009527794253378852,0.11428571428571428,0.09545454545454546,0.11023622047244094,0.2571428571428571,0.37727272727272726,0.3858267716535433,0.11904761904761904,0.09900990099009901,0.42857142857142855,0.37623762376237624,0.3709677419354839,0.36904761904761907,0.08064516129032258,0.3178294573643411
2025,"fedde, erick",2374,100.2,0.0059012630347071,0.08333333333333333,0.11020408163265306,0.11382113821138211,0.2222222222222222,0.32653061224489793,0.35772357723577236,0.13,0.12121212121212122,0.31,0.341991341991342,0.3384615384615385,0.42,0.09230769230769231,0.4143222506393862
2025,"coulombe, danny",720,100.2,0.006005944487275566,0.0,0.07692307692307693,0.12,0.0,0.4358974358974359,0.44,0.19047619047619047,0.1,0.47619047619047616,0.475,0.3125,0.2857142857142857,0.0,0.3741496598639456
2025,"smith, shane",2423,100.1,0.0017051552734014144,0.08,0.09734513274336283,0.07476635514018691,0.32,0.3893805309734513,0.42990654205607476,0.08860759493670886,0.11162790697674418,0.31645569620253167,0.3767441860465116,0.4090909090909091,0.3670886075949367,0.10606060606060606,0.3506787330316742
2025,"romero, jojo",1008,100.1,0.0039126232787975845,0.14285714285714285,0.03571428571428571,0.03125,0.2857142857142857,0.3392857142857143,0.375,0.14285714285714285,0.14084507042253522,0.4523809523809524,0.4084507042253521,0.25,0.30952380952380953,0.125,0.4198473282442748
2025,"de los santos, yerry",592,100.0,0.0012479734801992906,0.2,0.13043478260869565,0.13793103448275862,0.6,0.34782608695652173,0.41379310344827586,0.1111111111111111,0.09259259259259259,0.2222222222222222,0.2222222222222222,0.14285714285714285,0.4074074074074074,0.07142857142857142,0.4270833333333333
2025,"anderson, tyler",2353,100.0,0.0012015638322836575,0.10638297872340426,0.07207207207207207,0.09523809523809523,0.3191489361702128,0.42342342342342343,0.42063492063492064,0.09345794392523364,0.05982905982905983,0.3644859813084112,0.36324786324786323,0.2777777777777778,0.40186915887850466,0.16666666666666666,0.3617021276595745
2025,"kerkering, orion",1083,99.8,-0.005201405800104253,0.18181818181818182,0.11290322580645161,0.06976744186046512,0.36363636363636365,0.3548387096774194,0.2558139534883721,0.1111111111111111,0.14516129032258066,0.4166666666666667,0.3870967741935484,0.3333333333333333,0.3055555555555556,0.1111111111111111,0.34444444444444444
2025,"taylor, grant",614,99.7,-0.010101001940246879,0.0,0.11904761904761904,0.09090909090909091,0.6666666666666666,0.38095238095238093,0.4090909090909091,0.05263157894736842,0.09375,0.42105263157894735,0.40625,0.2857142857142857,0.2631578947368421,0.14285714285714285,0.3185840707964602
2025,"akin, keegan",1066,99.5,-0.016353164679719003,0.15384615384615385,0.09722222222222222,0.16279069767441862,0.15384615384615385,0.3472222222222222,0.3023255813953488,0.16666666666666666,0.09090909090909091,0.3888888888888889,0.3484848484848485,0.2413793103448276,0.5,0.10344827586206896,0.35135135135135137
2025,"rocker, kumar",1128,99.2,-0.02501207507736865,0.17391304347826086,0.09243697478991597,0.046153846153846156,0.391304347826087,0.4117647058823529,0.36923076923076925,0.045454545454545456,0.08421052631578947,0.3181818181818182,0.3894736842105263,0.4166666666666667,0.4772727272727273,0.125,0.3287671232876712
2025,"gordon, tanner",1245,99.2,-0.023341085545770763,0.03571428571428571,0.05343511450381679,0.09782608695652174,0.5,0.3511450381679389,0.3804347826086957,0.12727272727272726,0.05982905982905983,0.38181818181818183,0.38461538461538464,0.6111111111111112,0.43636363636363634,0.05555555555555555,0.3229166666666667
2025,"blanco, ronel",794,99.2,-0.025701588157866846,0.09090909090909091,0.03773584905660377,0.08823529411764706,0.2727272727272727,0.3584905660377358,0.29411764705882354,0.10416666666666667,0.13333333333333333,0.4791666666666667,0.4666666666666667,0.4117647058823529,0.2916666666666667,0.0,0.46825396825396826
2025,"valdez, framber",2898,99.1,-0.0266976627401365,0.08571428571428572,0.0949367088607595,0.08053691275167785,0.3142857142857143,0.37658227848101267,0.3959731543624161,0.08411214953271028,0.09310344827586207,0.411214953271028,0.3758620689655172,0.4594594594594595,0.45794392523364486,0.06756756756756757,0.33186813186813185
2025,"garrett, reed",987,99.1,-0.028755419485325864,0.0,0.13793103448275862,0.14705882352941177,0.6,0.3793103448275862,0.29411764705882354,0.125,0.13333333333333333,0.1875,0.38333333333333336,0.3333333333333333,0.28125,0.08333333333333333,0.39751552795031053
2025,"leiter, mark",832,98.9,-0.034734798398755436,0.0,0.08695652173913043,0.0967741935483871,0.4,0.32608695652173914,0.41935483870967744,0.2,0.1111111111111111,0.44,0.42592592592592593,0.2222222222222222,0.16,0.1111111111111111,0.42857142857142855
2025,"pagán, emilio",1069,98.9,-0.03372539890846244,0.0,0.07936507936507936,0.08571428571428572,0.5,0.38095238095238093,0.42857142857142855,0.10714285714285714,0.08450704225352113,0.5357142857142857,0.43661971830985913,0.20833333333333334,0.32142857142857145,0.041666666666666664,0.3922413793103448
2025,"elder, bryce",2519,98.9,-0.03361192268615266,0.18421052631578946,0.09854014598540146,0.08609271523178808,0.39473684210526316,0.3759124087591241,0.37748344370860926,0.05084745762711865,0.06719367588932806,0.3050847457627119,0.383399209486166,0.42857142857142855,0.423728813559322,0.08928571428571429,0.38271604938271603
2025,"peterson, david",2703,98.7,-0.040267017486999734,0.0967741935483871,0.08928571428571429,0.09259259259259259,0.4838709677419355,0.32857142857142857,0.3333333333333333,0.0660377358490566,0.08502024291497975,0.41509433962264153,0.38461538461538464,0.417910447761194,0.42452830188679247,0.1044776119402985,0.3711111111111111
2025,"anderson, grant",1170,98.6,-0.043163266882327696,0.125,0.0963855421686747,0.08196721311475409,0.375,0.37349397590361444,0.3442622950819672,0.125,0.10810810810810811,0.375,0.43243243243243246,0.23076923076923078,0.45,0.0,0.4126984126984127
2025,"wentz, joey",1825,98.2,-0.05480222131494141,0.07407407407407407,0.08383233532934131,0.08139534883720931,0.4074074074074074,0.39520958083832336,0.37209302325581395,0.1016949152542373,0.1079136690647482,0.3898305084745763,0.3597122302158273,0.4722222222222222,0.3728813559322034,0.08333333333333333,0.35656836461126007
2025,"blackburn, paul",666,98.1,-0.05703347318932054,0.1,0.09615384615384616,0.1388888888888889,0.3,0.46153846153846156,0.4444444444444444,0.05714285714285714,0.07462686567164178,0.34285714285714286,0.4626865671641791,0.16666666666666666,0.4,0.08333333333333333,0.3620689655172414
2025,"gusto, ryan",1762,98.1,-0.05792256894102739,0.10714285714285714,0.11602209944751381,0.09782608695652174,0.5,0.3314917127071823,0.33695652173913043,0.04918032786885246,0.08387096774193549,0.36065573770491804,0.3419354838709677,0.5128205128205128,0.4098360655737705,0.1282051282051282,0.3554913294797688
2025,"cruz, steven",646,98.1,-0.059027718900144514,0.14285714285714285,0.0847457627118644,0.09375,0.14285714285714285,0.4745762711864407,0.375,0.16,0.12698412698412698,0.36,0.5079365079365079,0.5,0.08,0.125,0.27927927927927926
2025,"castillo, josé",549,98.1,-0.057693041453819524,0.3333333333333333,0.0851063829787234,0.12,0.5,0.3404255319148936,0.28,0.09523809523809523,0.10256410256410256,0.19047619047619047,0.3076923076923077,0.3125,0.47619047619047616,0.125,0.3870967741935484
2025,"funderburk, kody",730,98.1,-0.05786435144172792,0.0,0.14035087719298245,0.06666666666666667,0.5,0.3333333333333333,0.36666666666666664,0.058823529411764705,0.18518518518518517,0.47058823529411764,0.42592592592592593,0.3157894736842105,0.29411764705882354,0.05263157894736842,0.3504273504273504
2025,"chivilli, angel",1028,98.0,-0.06203025247218167,0.05263157894736842,0.06862745098039216,0.05357142857142857,0.47368421052631576,0.4215686274509804,0.3392857142857143,0.08888888888888889,0.11235955056179775,0.4888888888888889,0.5056179775280899,0.2692307692307692,0.4444444444444444,0.07692307692307693,0.2948717948717949
2025,"fernandez, ryan",532,98.0,-0.05991292324777892,0.0,0.0,0.09090909090909091,0.5,0.36363636363636365,0.4090909090909091,0.1,0.05555555555555555,0.45,0.3611111111111111,0.3076923076923077,0.45,0.23076923076923078,0.4090909090909091
2025,"kikuchi, yusei",3109,97.9,-0.06349479178918929,0.08333333333333333,0.08843537414965986,0.09302325581395349,0.375,0.3435374149659864,0.3953488372093023,0.1276595744680851,0.10810810810810811,0.39361702127659576,0.3745173745173745,0.44285714285714284,0.35106382978723405,0.07142857142857142,0.37540453074433655
2025,"gómez, yoendrys",1104,97.9,-0.06367290513275263,0.13636363636363635,0.10101010101010101,0.05357142857142857,0.4090909090909091,0.40404040404040403,0.32142857142857145,0.05555555555555555,0.11956521739130435,0.3888888888888889,0.41304347826086957,0.3333333333333333,0.2777777777777778,0.2,0.3640776699029126
2025,"bender, anthony",793,97.9,-0.06568471352727946,0.1,0.13114754098360656,0.16129032258064516,0.3,0.4918032786885246,0.5161290322580645,0.05,0.07142857142857142,0.3,0.30357142857142855,0.42857142857142855,0.35,0.047619047619047616,0.3305084745762712
2025,"pérez, eury",1675,97.7,-0.06934978447830079,0.09523809523809523,0.11564625850340136,0.11290322580645161,0.38095238095238093,0.42857142857142855,0.45161290322580644,0.023255813953488372,0.08695652173913043,0.37209302325581395,0.38405797101449274,0.40625,0.4418604651162791,0.0,0.36235955056179775
2025,"lugo, seth",2381,97.7,-0.0694077893462917,0.044444444444444446,0.10743801652892562,0.08888888888888889,0.3111111111111111,0.3512396694214876,0.35555555555555557,0.10344827586206896,0.12962962962962962,0.4367816091954023,0.4027777777777778,0.34545454545454546,0.3103448275862069,0.07272727272727272,0.43434343434343436
2025,"seymour, carson",622,97.6,-0.07315693112023279,0.16666666666666666,0.08196721311475409,0.08823529411764706,0.2777777777777778,0.39344262295081966,0.3235294117647059,0.07692307692307693,0.07547169811320754,0.38461538461538464,0.4339622641509434,0.46153846153846156,0.46153846153846156,0.0,0.4166666666666667
2025,"severino, luis",2735,97.6,-0.07410692668667981,0.16129032258064516,0.08203125,0.09615384615384616,0.45161290322580644,0.41015625,0.3782051282051282,0.06206896551724138,0.07462686567164178,0.36551724137931035,0.3880597014925373,0.328125,0.42758620689655175,0.09375,0.37174721189591076
2025,"stroman, marcus",705,97.5,-0.07737977305651565,0.07142857142857142,0.08108108108108109,0.09523809523809523,0.2857142857142857,0.2702702702702703,0.2857142857142857,0.06896551724137931,0.13432835820895522,0.41379310344827586,0.40298507462686567,0.47058823529411764,0.3793103448275862,0.17647058823529413,0.4264705882352941
2025,"abreu, bryan",1191,97.5,-0.07709781442374927,0.09090909090909091,0.1038961038961039,0.125,0.45454545454545453,0.4805194805194805,0.4791666666666667,0.05555555555555555,0.10344827586206896,0.2222222222222222,0.3275862068965517,0.30303030303030304,0.3888888888888889,0.12121212121212122,0.3473053892215569
2025,"estrada, jeremiah",1244,97.4,-0.08113117430983892,0.16666666666666666,0.1111111111111111,0.07692307692307693,0.25,0.3333333333333333,0.358974358974359,0.07407407407407407,0.09090909090909091,0.5185185185185185,0.3484848484848485,0.32,0.4444444444444444,0.08,0.41767068273092367
2025,"doval, camilo",1113,97.4,-0.08082574605809083,0.0,0.10126582278481013,0.13636363636363635,0.0,0.4050632911392405,0.3409090909090909,0.06666666666666667,0.11290322580645161,0.5666666666666667,0.6129032258064516,0.3142857142857143,0.3,0.11428571428571428,0.3121951219512195
2025,"rodón, carlos",3213,97.3,-0.08135439925519027,0.17647058823529413,0.1033210332103321,0.10236220472440945,0.4117647058823529,0.35424354243542433,0.3543307086614173,0.10077519379844961,0.08940397350993377,0.34108527131782945,0.3576158940397351,0.35064935064935066,0.3953488372093023,0.07792207792207792,0.41222879684418146
2025,"schlittler, cam",1253,97.3,-0.08217446453005482,0.23076923076923078,0.08791208791208792,0.09090909090909091,0.3076923076923077,0.34065934065934067,0.2909090909090909,0.15,0.12359550561797752,0.35,0.38202247191011235,0.38235294117647056,0.4,0.14705882352941177,0.32142857142857145
2025,"faucher, calvin",1055,97.1,-0.0894724537258007,0.125,0.11290322580645161,0.08333333333333333,0.375,0.43548387096774194,0.3541666666666667,0.07407407407407407,0.1,0.2962962962962963,0.43333333333333335,0.38461538461538464,0.2222222222222222,0.11538461538461539,0.4269005847953216
2025,"roupp, landen",1853,97.1,-0.08887524135127974,0.07407407407407407,0.08695652173913043,0.08602150537634409,0.5555555555555556,0.453416149068323,0.4838709677419355,0.10843373493975904,0.0658682634730539,0.37349397590361444,0.3772455089820359,0.38636363636363635,0.26506024096385544,0.09090909090909091,0.33941605839416056
2025,"rodríguez, eduardo",2597,96.9,-0.09437148504156061,0.1,0.07659574468085106,0.07741935483870968,0.6,0.43829787234042555,0.4774193548387097,0.072992700729927,0.08171206225680934,0.40875912408759124,0.3540856031128405,0.2962962962962963,0.34306569343065696,0.037037037037037035,0.39909297052154197
2025,"uribe, abner",1174,96.8,-0.09908266600324953,0.3333333333333333,0.05172413793103448,0.11764705882352941,0.3333333333333333,0.29310344827586204,0.35294117647058826,0.0625,0.06756756756756757,0.5416666666666666,0.5135135135135135,0.16666666666666666,0.3333333333333333,0.2,0.31351351351351353
2025,"festa, matt",823,96.6,-0.10289203859504684,0.2222222222222222,0.11864406779661017,0.2,0.3333333333333333,0.3050847457627119,0.34285714285714286,0.14285714285714285,0.09615384615384616,0.4642857142857143,0.4230769230769231,0.4444444444444444,0.25,0.0,0.3006535947712418
2025,"bird, jake",975,96.6,-0.1038608157692088,0.1,0.11290322580645161,0.08888888888888889,0.7,0.3709677419354839,0.37777777777777777,0.05263157894736842,0.04838709677419355,0.3684210526315789,0.4032258064516129,0.35,0.42105263157894735,0.15,0.3194444444444444
2025,"sands, cole",1152,96.6,-0.1050772740592032,0.2,0.07526881720430108,0.05555555555555555,0.4666666666666667,0.41935483870967744,0.35185185185185186,0.12121212121212122,0.10714285714285714,0.48484848484848486,0.44047619047619047,0.42857142857142855,0.21212121212121213,0.0,0.37209302325581395
2025,"assad, javier",567,96.6,-0.10493341455059212,0.0,0.1206896551724138,0.1111111111111111,0.5,0.3448275862068966,0.2777777777777778,0.041666666666666664,0.10526315789473684,0.3333333333333333,0.38596491228070173,0.5333333333333333,0.4166666666666667,0.13333333333333333,0.39805825242718446
2025,"giolito, lucas",2372,96.4,-0.10912509851557663,0.0,0.09649122807017543,0.06293706293706294,0.40540540540540543,0.4298245614035088,0.4405594405594406,0.09195402298850575,0.11160714285714286,0.3103448275862069,0.3482142857142857,0.3584905660377358,0.41379310344827586,0.1509433962264151,0.39952718676122934
2025,"fisher, braydon",839,96.3,-0.11251461148416485,0.125,0.1,0.09375,0.5,0.44,0.4375,0.07692307692307693,0.10416666666666667,0.46153846153846156,0.375,0.23529411764705882,0.3076923076923077,0.058823529411764705,0.3656716417910448
2025,"cabrera, edward",2253,96.3,-0.11423763141760815,0.16129032258064516,0.1201923076923077,0.1111111111111111,0.3870967741935484,0.4230769230769231,0.35185185185185186,0.0963855421686747,0.13471502590673576,0.27710843373493976,0.43523316062176165,0.21818181818181817,0.37349397590361444,0.07272727272727272,0.37168141592920356
2025,"palencia, daniel",845,96.1,-0.1190002668974429,0.25,0.13559322033898305,0.125,0.25,0.4406779661016949,0.34375,0.125,0.07547169811320754,0.2916666666666667,0.33962264150943394,0.4117647058823529,0.2916666666666667,0.058823529411764705,0.4114285714285714
2025,"hurter, brant",1064,95.9,-0.12687873473654912,0.16666666666666666,0.1038961038961039,0.16666666666666666,0.3333333333333333,0.33766233766233766,0.35714285714285715,0.1111111111111111,0.0963855421686747,0.3055555555555556,0.30120481927710846,0.3793103448275862,0.3055555555555556,0.20689655172413793,0.40350877192982454
2025,"bradley, taj",2327,95.7,-0.13256412194442144,0.10344827586206896,0.0821256038647343,0.06086956521739131,0.4482758620689655,0.42995169082125606,0.4434782608695652,0.11827956989247312,0.09821428571428571,0.3870967741935484,0.4017857142857143,0.4642857142857143,0.3333333333333333,0.05357142857142857,0.3464203233256351
2025,"cameron, noah",2167,95.7,-0.13305365383639076,0.13043478260869565,0.08247422680412371,0.08108108108108109,0.5217391304347826,0.4329896907216495,0.3783783783783784,0.08108108108108109,0.09210526315789473,0.36936936936936937,0.40350877192982454,0.34146341463414637,0.40540540540540543,0.0975609756097561,0.3536231884057971
2025,"miller, bryce",1545,95.6,-0.1340438180764723,0.04,0.11377245508982035,0.031578947368421054,0.32,0.31137724550898205,0.35789473684210527,0.125,0.16541353383458646,0.3958333333333333,0.38345864661654133,0.5294117647058824,0.4375,0.058823529411764705,0.39171974522292996
2025,"ashby, aaron",1033,95.6,-0.1347173703331171,0.0,0.1232876712328767,0.09523809523809523,0.5,0.3972602739726027,0.30952380952380953,0.075,0.13333333333333333,0.4,0.41333333333333333,0.2692307692307692,0.3,0.15384615384615385,0.41496598639455784
2025,"povich, cade",1976,95.6,-0.13392505084657,0.10810810810810811,0.10052910052910052,0.07339449541284404,0.4864864864864865,0.41798941798941797,0.43119266055045874,0.05,0.07534246575342465,0.31666666666666665,0.3561643835616438,0.5,0.4,0.075,0.40350877192982454
2025,"buttó, josé",1106,95.5,-0.13857385173971146,0.125,0.11494252873563218,0.01818181818181818,0.4375,0.42528735632183906,0.45454545454545453,0.1935483870967742,0.17105263157894737,0.3225806451612903,0.35526315789473684,0.2857142857142857,0.16129032258064516,0.07142857142857142,0.4147727272727273
2025,"falter, bailey",1952,95.5,-0.13745105759665385,0.06060606060606061,0.08450704225352113,0.07142857142857142,0.45454545454545453,0.38967136150234744,0.42857142857142855,0.07058823529411765,0.095,0.38823529411764707,0.415,0.4666666666666667,0.47058823529411764,0.08888888888888889,0.3305084745762712
2025,"o'brien, riley",767,95.3,-0.14562001046247516,0.0,0.14,0.26666666666666666,0.25,0.46,0.4,0.16666666666666666,0.14,0.3,0.38,0.2,0.16666666666666666,0.12,0.3435114503816794
2025,"flaherty, jack",2835,95.1,-0.15177131835135502,0.125,0.10970464135021098,0.1259259259259259,0.375,0.35864978902953587,0.37037037037037035,0.1262135922330097,0.09545454545454546,0.3786407766990291,0.33181818181818185,0.4406779661016949,0.33980582524271846,0.06779661016949153,0.4251968503937008
2025,"smith-shawver, aj",711,95.0,-0.15309223686587176,0.2,0.10810810810810811,0.1111111111111111,0.3333333333333333,0.40540540540540543,0.42592592592592593,0.05,0.10416666666666667,0.35,0.3333333333333333,0.38095238095238093,0.4,0.14285714285714285,0.35135135135135137
2025,"gibson, cade",917,94.9,-0.15635736970375808,0.0,0.08450704225352113,0.11627906976744186,0.5,0.39436619718309857,0.4418604651162791,0.0975609756097561,0.07142857142857142,0.3902439024390244,0.4,0.5,0.3170731707317073,0.0,0.45652173913043476
2025,"lopez, jacob",1666,94.6,-0.16494299710307292,0.25,0.1743119266055046,0.12857142857142856,0.4375,0.3577981651376147,0.42857142857142855,0.09090909090909091,0.12121212121212122,0.2878787878787879,0.26515151515151514,0.25,0.2727272727272727,0.09090909090909091,0.43097643097643096
2025,"woods richardson, simeon",1881,94.6,-0.1646747661592181,0.12121212121212122,0.08823529411764706,0.10588235294117647,0.3939393939393939,0.4470588235294118,0.4117647058823529,0.15517241379310345,0.09944751381215469,0.3448275862068966,0.4143646408839779,0.40425531914893614,0.29310344827586204,0.06382978723404255,0.3532608695652174
2025,"walker, taijuan",2062,94.6,-0.16649983898376194,0.06666666666666667,0.10526315789473684,0.10344827586206896,0.5,0.3923444976076555,0.43103448275862066,0.08888888888888889,0.07407407407407407,0.3111111111111111,0.3611111111111111,0.5227272727272727,0.36666666666666664,0.09090909090909091,0.39255014326647564
2025,"bido, osvaldo",1386,94.2,-0.1782146580758384,0.03333333333333333,0.08088235294117647,0.07317073170731707,0.4,0.29411764705882354,0.4024390243902439,0.09259259259259259,0.104,0.5370370370370371,0.344,0.5128205128205128,0.48148148148148145,0.1282051282051282,0.36964980544747084
2025,"singer, brady",2850,94.2,-0.1786788694255121,0.12195121951219512,0.1111111111111111,0.08609271523178808,0.4634146341463415,0.35714285714285715,0.3708609271523179,0.09375,0.104,0.4895833333333333,0.396,0.3424657534246575,0.3125,0.0958904109589041,0.39789473684210525
2025,"carrasco, carlos",779,94.2,-0.1780734345293924,0.0,0.036585365853658534,0.0,0.4117647058823529,0.47560975609756095,0.42592592592592593,0.09375,0.08860759493670886,0.34375,0.4177215189873418,0.35294117647058826,0.5,0.058823529411764705,0.5309734513274337
2025,"cavalli, cade",790,94.2,-0.17810665137139486,0.16666666666666666,0.1,0.18181818181818182,0.3333333333333333,0.375,0.38636363636363635,0.12,0.07142857142857142,0.34,0.34523809523809523,0.5263157894736842,0.42,0.0,0.3884297520661157
2025,"morillo, juan",618,94.1,-0.18164754053969331,0.25,0.08333333333333333,0.08333333333333333,0.25,0.25,0.3333333333333333,0.21739130434782608,0.13157894736842105,0.5652173913043478,0.34210526315789475,0.3333333333333333,0.17391304347826086,0.2222222222222222,0.384
2025,"quantrill, cal",2006,94.1,-0.18235942147526643,0.044444444444444446,0.08837209302325581,0.13114754098360656,0.37777777777777777,0.3813953488372093,0.45901639344262296,0.05952380952380952,0.05789473684210526,0.3333333333333333,0.35789473684210527,0.5384615384615384,0.38095238095238093,0.10256410256410256,0.4519774011299435
2025,"hamilton, ian",642,93.9,-0.18746303915643617,0.0,0.0975609756097561,0.1,0.375,0.3170731707317073,0.3,0.3125,0.21621621621621623,0.375,0.40540540540540543,0.2631578947368421,0.25,0.10526315789473684,0.373015873015873
2025,"pallante, andre",2722,93.9,-0.1879010796516131,0.125,0.1282051282051282,0.13076923076923078,0.28125,0.3882783882783883,0.36923076923076925,0.06299212598425197,0.09302325581395349,0.41732283464566927,0.4019933554817276,0.2923076923076923,0.41732283464566927,0.06153846153846154,0.4441860465116279
2025,"feltner, ryan",523,93.9,-0.18837757808731756,0.0,0.1111111111111111,0.09523809523809523,0.25,0.3333333333333333,0.38095238095238093,0.05,0.125,0.4,0.44642857142857145,0.5454545454545454,0.45,0.09090909090909091,0.4090909090909091
2025,"kershaw, clayton",1772,93.8,-0.18893962067459633,0.21428571428571427,0.08333333333333333,0.10752688172043011,0.42857142857142855,0.39444444444444443,0.3870967741935484,0.06097560975609756,0.06741573033707865,0.32926829268292684,0.3707865168539326,0.4594594594594595,0.4268292682926829,0.13513513513513514,0.375
2025,"neris, héctor",551,93.7,-0.19309970956856054,0.1,0.09090909090909091,0.05263157894736842,0.5,0.48484848484848486,0.5789473684210527,0.07692307692307693,0.14814814814814814,0.23076923076923078,0.3333333333333333,0.3076923076923077,0.3076923076923077,0.15384615384615385,0.3611111111111111
2025,"long, sam",790,93.7,-0.19183178268263232,0.1,0.16363636363636364,0.06666666666666667,0.5,0.4,0.35555555555555557,0.06896551724137931,0.12,0.41379310344827586,0.44,0.47619047619047616,0.3793103448275862,0.0,0.32919254658385094
2025,"márquez, germán",2091,93.7,-0.1942627585947137,0.10204081632653061,0.08058608058608059,0.10666666666666667,0.42857142857142855,0.4139194139194139,0.3933333333333333,0.05952380952380952,0.08189655172413793,0.34523809523809523,0.3620689655172414,0.4583333333333333,0.47619047619047616,0.10416666666666667,0.40502793296089384
2025,"hatch, thomas",591,93.7,-0.19198504599618849,0.0,0.07547169811320754,0.1111111111111111,0.4444444444444444,0.37735849056603776,0.4074074074074074,0.1388888888888889,0.09836065573770492,0.4444444444444444,0.39344262295081966,0.3333333333333333,0.3333333333333333,0.08333333333333333,0.4576271186440678
2025,"brazobán, huascar",1017,93.6,-0.19718081907305796,0.08333333333333333,0.08450704225352113,0.075,0.6666666666666666,0.38028169014084506,0.4,0.08888888888888889,0.11688311688311688,0.37777777777777777,0.4025974025974026,0.20689655172413793,0.4444444444444444,0.1724137931034483,0.34536082474226804
2025,"treinen, blake",526,93.5,-0.19796658166689213,0.2,0.10714285714285714,0.15,0.4,0.4642857142857143,0.55,0.0625,0.037037037037037035,0.3125,0.3333333333333333,0.14285714285714285,0.4375,0.21428571428571427,0.3238095238095238
2025,"durán, jhoan",1086,93.3,-0.20613555157902888,0.14285714285714285,0.08860759493670886,0.061224489795918366,0.5714285714285714,0.3924050632911392,0.46938775510204084,0.046511627906976744,0.09523809523809523,0.46511627906976744,0.42857142857142855,0.16666666666666666,0.5813953488372093,0.1111111111111111,0.2966507177033493
2025,"warren, will",2808,93.1,-0.21099261237687597,0.06818181818181818,0.10622710622710622,0.11038961038961038,0.36363636363636365,0.3882783882783883,0.4090909090909091,0.16279069767441862,0.08771929824561403,0.3372093023255814,0.37280701754385964,0.5076923076923077,0.32558139534883723,0.12307692307692308,0.37819025522041766
2025,"ferguson, tyler",998,93.1,-0.21153638022489227,0.1,0.1935483870967742,0.14705882352941177,0.4,0.3548387096774194,0.38235294117647056,0.07407407407407407,0.15625,0.3333333333333333,0.390625,0.41935483870967744,0.1111111111111111,0.12903225806451613,0.3817204301075269
2025,"meyer, max",1040,93.0,-0.21326996987624008,0.0625,0.08403361344537816,0.07352941176470588,0.25,0.3445378151260504,0.38235294117647056,0.16129032258064516,0.10638297872340426,0.3548387096774194,0.32978723404255317,0.5,0.6129032258064516,0.1,0.4025157232704403
2025,"king, mike",1219,92.9,-0.2166074914652431,0.19047619047619047,0.1188118811881188,0.11864406779661017,0.38095238095238093,0.38613861386138615,0.3898305084745763,0.08620689655172414,0.06666666666666667,0.3103448275862069,0.3619047619047619,0.37037037037037035,0.3620689655172414,0.14814814814814814,0.4336734693877551
2025,"ross, joe",863,92.8,-0.22101859511159055,0.11764705882352941,0.10975609756097561,0.1,0.4117647058823529,0.4268292682926829,0.42,0.13157894736842105,0.09859154929577464,0.42105263157894735,0.4225352112676056,0.3333333333333333,0.4473684210526316,0.0,0.3508771929824561
2025,"cannon, jonathan",1799,92.4,-0.23209401964565174,0.05555555555555555,0.12154696132596685,0.1111111111111111,0.3888888888888889,0.3701657458563536,0.4074074074074074,0.0684931506849315,0.11515151515151516,0.4246575342465753,0.40606060606060607,0.5121951219512195,0.3424657534246575,0.07317073170731707,0.3893805309734513
2025,"senzatela, antonio",2289,92.3,-0.2368820837696026,0.07317073170731707,0.06338028169014084,0.0783132530120482,0.43902439024390244,0.36971830985915494,0.4036144578313253,0.16326530612244897,0.07834101382488479,0.46938775510204084,0.4009216589861751,0.574468085106383,0.3979591836734694,0.0425531914893617,0.37994722955145116
2025,"cantillo, joey",1637,92.1,-0.24386689722521832,0.1875,0.1111111111111111,0.13043478260869565,0.375,0.48412698412698413,0.391304347826087,0.061224489795918366,0.10483870967741936,0.2857142857142857,0.3790322580645161,0.3157894736842105,0.40816326530612246,0.13157894736842105,0.3673469387755102
2025,"mlodzinski, carmen",1648,92.1,-0.24363929994165964,0.17647058823529413,0.07878787878787878,0.09278350515463918,0.47058823529411764,0.3939393939393939,0.422680412371134,0.08928571428571429,0.061224489795918366,0.42857142857142855,0.3333333333333333,0.4482758620689655,0.4642857142857143,0.06896551724137931,0.41114982578397213
2025,"brown, hunter",2968,91.9,-0.24891323356979206,0.037037037037037035,0.08133971291866028,0.08064516129032258,0.48148148148148145,0.4688995215311005,0.46774193548387094,0.07352941176470588,0.10276679841897234,0.4485294117647059,0.45454545454545453,0.31666666666666665,0.36764705882352944,0.05,0.3967280163599182
2025,"lively, ben",720,91.8,-0.25038298204329995,0.14285714285714285,0.10588235294117647,0.08108108108108109,0.35714285714285715,0.36470588235294116,0.3783783783783784,0.05263157894736842,0.08108108108108109,0.5263157894736842,0.40540540540540543,0.4666666666666667,0.47368421052631576,0.06666666666666667,0.38926174496644295
2025,"jobe, jackson",877,91.7,-0.2534514052738281,0.15384615384615385,0.1282051282051282,0.1794871794871795,0.3076923076923077,0.3333333333333333,0.38461538461538464,0.16129032258064516,0.08333333333333333,0.2903225806451613,0.2619047619047619,0.17857142857142858,0.5161290322580645,0.10714285714285714,0.5144927536231884
2025,"burke, sean",2380,91.7,-0.2547736330882679,0.1,0.10849056603773585,0.1111111111111111,0.3,0.42452830188679247,0.35185185185185186,0.09090909090909091,0.10628019323671498,0.4090909090909091,0.48792270531400966,0.36363636363636365,0.3977272727272727,0.13636363636363635,0.3440366972477064
2025,"cease, dylan",3052,91.5,-0.2596508890992932,0.08571428571428572,0.1050228310502283,0.05426356589147287,0.37142857142857144,0.3972602739726027,0.3333333333333333,0.09574468085106383,0.14678899082568808,0.44680851063829785,0.46788990825688076,0.352112676056338,0.32978723404255317,0.1267605633802817,0.4110320284697509
2025,"heaney, andrew",2085,91.3,-0.26585899490671944,0.10256410256410256,0.1111111111111111,0.10852713178294573,0.38461538461538464,0.41333333333333333,0.37209302325581395,0.15,0.0851063829787234,0.425,0.44148936170212766,0.45652173913043476,0.3875,0.10869565217391304,0.30569948186528495
2025,"springs, jeffrey",2849,91.2,-0.26969745940039147,0.12195121951219512,0.08171206225680934,0.1310344827586207,0.36585365853658536,0.4280155642023346,0.41379310344827586,0.10852713178294573,0.072992700729927,0.4263565891472868,0.39416058394160586,0.38596491228070173,0.4418604651162791,0.07017543859649122,0.3968957871396896
2025,"teng, kai-wei",573,91.2,-0.2713551068287411,0.5,0.11764705882352941,0.23809523809523808,0.0,0.29411764705882354,0.2857142857142857,0.1875,0.06976744186046512,0.3125,0.32558139534883723,0.2608695652173913,0.25,0.21739130434782608,0.4423076923076923
2025,"alexander, jason",1252,90.9,-0.2797937557259843,0.25,0.11194029850746269,0.14864864864864866,0.3,0.3582089552238806,0.4189189189189189,0.0392156862745098,0.09322033898305085,0.3333333333333333,0.2966101694915254,0.5185185185185185,0.43137254901960786,0.0,0.5116279069767442
2025,"hicks, jordan",1203,90.8,-0.28102020418410156,0.1,0.17391304347826086,0.20634920634920634,0.5,0.4260869565217391,0.36507936507936506,0.06976744186046512,0.11764705882352941,0.2558139534883721,0.4117647058823529,0.3333333333333333,0.37209302325581395,0.05555555555555555,0.35135135135135137
2025,"peralta, freddy",3089,90.6,-0.2872700733455375,0.24324324324324326,0.1330049261083744,0.13793103448275862,0.5405405405405406,0.4039408866995074,0.47413793103448276,0.061946902654867256,0.09727626459143969,0.3185840707964602,0.3229571984435798,0.2361111111111111,0.3185840707964602,0.125,0.4092526690391459
2025,"fluharty, mason",875,90.4,-0.2952749607970983,0.25,0.08695652173913043,0.07692307692307693,0.25,0.43478260869565216,0.4230769230769231,0.1935483870967742,0.16393442622950818,0.45161290322580644,0.4098360655737705,0.2631578947368421,0.2903225806451613,0.05263157894736842,0.3602941176470588
2025,"vodnik, victor",927,90.3,-0.29726440464645515,0.09090909090909091,0.11940298507462686,0.07692307692307693,0.36363636363636365,0.43283582089552236,0.41025641025641024,0.1,0.15384615384615385,0.35,0.36538461538461536,0.30434782608695654,0.45,0.08695652173913043,0.42948717948717946
2025,"keller, brad",1114,90.2,-0.29962414640707685,0.2857142857142857,0.05263157894736842,0.125,0.42857142857142855,0.2982456140350877,0.34375,0.12195121951219512,0.11538461538461539,0.43902439024390244,0.358974358974359,0.15384615384615385,0.43902439024390244,0.15384615384615385,0.484375
2025,"bello, brayan",2698,90.1,-0.30237752039654314,0.06060606060606061,0.0963855421686747,0.0763888888888889,0.42424242424242425,0.42971887550200805,0.4236111111111111,0.15151515151515152,0.1297709923664122,0.3333333333333333,0.37404580152671757,0.43478260869565216,0.3333333333333333,0.11594202898550725,0.42083333333333334
2025,"bachar, lake",1153,90.1,-0.3027950530623407,0.1111111111111111,0.10112359550561797,0.06382978723404255,0.5,0.4943820224719101,0.40425531914893614,0.037037037037037035,0.14814814814814814,0.2222222222222222,0.4444444444444444,0.5517241379310345,0.4074074074074074,0.06896551724137931,0.36464088397790057
2025,"winn, cole",627,90.1,-0.3043991578075152,0.125,0.11363636363636363,0.18181818181818182,0.375,0.4090909090909091,0.45454545454545453,0.0,0.045454545454545456,0.3157894736842105,0.2727272727272727,0.5,0.5263157894736842,0.0625,0.504424778761062
2025,"buehler, walker",2191,90.1,-0.30520777357143597,0.18421052631578946,0.14356435643564355,0.1557377049180328,0.2631578947368421,0.3564356435643564,0.29508196721311475,0.1346153846153846,0.12077294685990338,0.3942307692307692,0.3719806763285024,0.2647058823529412,0.38461538461538464,0.17647058823529413,0.4067357512953368
2025,"herrin, tim",756,90.0,-0.3055685786976373,0.0,0.13333333333333333,0.041666666666666664,0.25,0.3333333333333333,0.3333333333333333,0.2,0.2564102564102564,0.5,0.38461538461538464,0.2903225806451613,0.35,0.12903225806451613,0.3867924528301887
2025,"lazar, max",646,89.9,-0.3109477018018615,0.09090909090909091,0.02631578947368421,0.022727272727272728,0.36363636363636365,0.4342105263157895,0.4090909090909091,0.1,0.0851063829787234,0.5,0.46808510638297873,0.6,0.45,0.1,0.38461538461538464
2025,"quintana, jose",2177,89.8,-0.3141272133582996,0.10810810810810811,0.07272727272727272,0.11290322580645161,0.40540540540540543,0.40454545454545454,0.4112903225806452,0.10476190476190476,0.07547169811320754,0.38095238095238093,0.4056603773584906,0.3148148148148148,0.47619047619047616,0.16666666666666666,0.4224137931034483
2025,"ortiz, luis",1502,89.7,-0.31572446582184643,0.13043478260869565,0.11564625850340136,0.1282051282051282,0.4782608695652174,0.3469387755102041,0.44871794871794873,0.08888888888888889,0.12,0.4666666666666667,0.312,0.4186046511627907,0.4444444444444444,0.06976744186046512,0.3745019920318725
2025,"blubaugh, aj",508,89.7,-0.3157659636932459,0.25,0.13157894736842105,0.15789473684210525,0.5,0.34210526315789475,0.42105263157894735,0.15789473684210525,0.06818181818181818,0.3684210526315789,0.36363636363636365,0.3333333333333333,0.2631578947368421,0.16666666666666666,0.3516483516483517
2025,"phillips, tyler",1114,89.4,-0.3252326715194957,0.09090909090909091,0.06422018348623854,0.08,0.7272727272727273,0.3761467889908257,0.52,0.09090909090909091,0.10569105691056911,0.45454545454545453,0.3333333333333333,0.4,0.4318181818181818,0.08,0.37333333333333335
2025,"borucki, ryan",598,89.4,-0.32632341661939357,0.0,0.10526315789473684,0.038461538461538464,0.2857142857142857,0.42105263157894735,0.3076923076923077,0.1111111111111111,0.12121212121212122,0.5925925925925926,0.48484848484848486,0.38461538461538464,0.4074074074074074,0.15384615384615385,0.39361702127659576
2025,"chafin, andrew",614,89.3,-0.3294855733343059,0.0,0.12903225806451613,0.09090909090909091,0.5,0.3548387096774194,0.5454545454545454,0.13636363636363635,0.16216216216216217,0.45454545454545453,0.32432432432432434,0.25,0.3181818181818182,0.125,0.40707964601769914
2025,"burnes, corbin",1010,89.3,-0.3272808515618003,0.2857142857142857,0.13402061855670103,0.20454545454545456,0.42857142857142855,0.41237113402061853,0.4772727272727273,0.045454545454545456,0.08791208791208792,0.2727272727272727,0.32967032967032966,0.35714285714285715,0.38636363636363635,0.07142857142857142,0.37572254335260113
2025,"vásquez, randy",2153,89.2,-0.33259613332227855,0.044444444444444446,0.11013215859030837,0.075,0.3333333333333333,0.42290748898678415,0.425,0.10101010101010101,0.1222707423580786,0.3838383838383838,0.3930131004366812,0.4339622641509434,0.43434343434343436,0.1509433962264151,0.4
2025,"knack, landon",773,89.1,-0.33347503044272836,0.16666666666666666,0.09090909090909091,0.13333333333333333,0.3888888888888889,0.36363636363636365,0.37777777777777777,0.11538461538461539,0.09836065573770492,0.19230769230769232,0.29508196721311475,0.55,0.5,0.15,0.46405228758169936
2025,"holmes, grant",1970,89.1,-0.33317636304662274,0.13793103448275862,0.12941176470588237,0.12631578947368421,0.27586206896551724,0.3764705882352941,0.35789473684210527,0.1267605633802817,0.1524390243902439,0.4647887323943662,0.4634146341463415,0.3157894736842105,0.38028169014084506,0.10526315789473684,0.33613445378151263
2025,"ray, robbie",3072,89.0,-0.3362945092683453,0.13333333333333333,0.10431654676258993,0.10687022900763359,0.4222222222222222,0.4136690647482014,0.3969465648854962,0.13253012048192772,0.10861423220973783,0.4457831325301205,0.43820224719101125,0.3157894736842105,0.3855421686746988,0.09210526315789473,0.3716216216216216
2025,"morgan, david",770,88.9,-0.34075532130907493,0.0,0.1568627450980392,0.034482758620689655,0.8,0.4117647058823529,0.3793103448275862,0.058823529411764705,0.17647058823529413,0.4117647058823529,0.43137254901960786,0.21739130434782608,0.35294117647058826,0.08695652173913043,0.4074074074074074
2025,"kelly, michael",665,88.9,-0.33996390328059806,0.0,0.125,0.07407407407407407,0.5,0.5,0.48148148148148145,0.08333333333333333,0.1590909090909091,0.5,0.45454545454545453,0.17647058823529413,0.375,0.058823529411764705,0.3431372549019608
2025,"barlow, scott",1286,88.7,-0.3481144944798236,0.0,0.14285714285714285,0.12244897959183673,0.2727272727272727,0.42857142857142855,0.5102040816326531,0.1388888888888889,0.19117647058823528,0.4166666666666667,0.4264705882352941,0.3023255813953488,0.19444444444444445,0.13953488372093023,0.35294117647058826
2025,"bergert, ryan",1316,88.7,-0.3451917992140282,0.13333333333333333,0.1559633027522936,0.12698412698412698,0.6,0.44954128440366975,0.4126984126984127,0.14285714285714285,0.12389380530973451,0.22857142857142856,0.3893805309734513,0.3333333333333333,0.22857142857142856,0.13333333333333333,0.3705179282868526
2025,"scott, tayler",537,88.6,-0.3506518812101705,0.125,0.16216216216216217,0.08,0.375,0.32432432432432434,0.28,0.08333333333333333,0.14634146341463414,0.4166666666666667,0.3902439024390244,0.3888888888888889,0.375,0.16666666666666666,0.4594594594594595
2025,"garcía, luis",914,88.6,-0.35046362752436006,0.14285714285714285,0.13513513513513514,0.15555555555555556,0.2857142857142857,0.44594594594594594,0.5111111111111111,0.08333333333333333,0.08771929824561403,0.4583333333333333,0.3157894736842105,0.5,0.3333333333333333,0.05,0.3764705882352941
2025,"senga, kodai",1908,88.5,-0.3524533070360773,0.041666666666666664,0.10062893081761007,0.0975609756097561,0.4166666666666667,0.36477987421383645,0.35365853658536583,0.16049382716049382,0.14130434782608695,0.48148148148148145,0.46195652173913043,0.3018867924528302,0.4444444444444444,0.07547169811320754,0.3987138263665595
2025,"miller, mason",981,88.4,-0.35592912684064054,0.0,0.10810810810810811,0.09523809523809523,0.375,0.4594594594594595,0.38095238095238093,0.0,0.13513513513513514,0.631578947368421,0.4864864864864865,0.46153846153846156,0.3157894736842105,0.07692307692307693,0.38271604938271603
2025,"dana, caden",563,88.4,-0.3553316035743598,0.125,0.1111111111111111,0.21428571428571427,0.375,0.35555555555555557,0.39285714285714285,0.20833333333333334,0.09302325581395349,0.4166666666666667,0.3953488372093023,0.2777777777777778,0.375,0.05555555555555555,0.3950617283950617
2025,"jackson, luke",802,88.2,-0.3617710542603164,0.14285714285714285,0.15151515151515152,0.07692307692307693,0.42857142857142855,0.4090909090909091,0.38461538461538464,0.2,0.12307692307692308,0.4,0.4461538461538462,0.5217391304347826,0.3333333333333333,0.043478260869565216,0.2846153846153846
2025,"murphy, chris",573,88.2,-0.3607618345899887,0.0,0.13043478260869565,0.047619047619047616,0.3333333333333333,0.32608695652173914,0.3333333333333333,0.16666666666666666,0.21739130434782608,0.3888888888888889,0.391304347826087,0.2727272727272727,0.3333333333333333,0.2727272727272727,0.43333333333333335
2025,"orze, eric",685,88.1,-0.36416371001861564,0.16666666666666666,0.07317073170731707,0.037037037037037035,0.3333333333333333,0.4146341463414634,0.2962962962962963,0.2608695652173913,0.14285714285714285,0.4782608695652174,0.44642857142857145,0.3157894736842105,0.17391304347826086,0.10526315789473684,0.49242424242424243
2025,"lynch, daniel",1092,88.1,-0.3639995543016134,0.14285714285714285,0.07216494845360824,0.11538461538461539,0.5714285714285714,0.422680412371134,0.40384615384615385,0.045454545454545456,0.043478260869565216,0.4090909090909091,0.3804347826086957,0.34615384615384615,0.6136363636363636,0.15384615384615385,0.38666666666666666
2025,"montero, rafael",1096,88.1,-0.36532545124630145,0.0,0.15384615384615385,0.21428571428571427,0.375,0.36923076923076925,0.25,0.2,0.15492957746478872,0.3,0.36619718309859156,0.5,0.3,0.125,0.4
2025,"holmes, clay",2766,88.0,-0.36952731726944094,0.12121212121212122,0.11152416356877323,0.11627906976744186,0.3333333333333333,0.44981412639405205,0.35658914728682173,0.06722689075630252,0.10071942446043165,0.4117647058823529,0.44244604316546765,0.3783783783783784,0.4789915966386555,0.12162162162162163,0.38913043478260867
2025,"koenig, jared",1047,88.0,-0.3680547522497502,0.14285714285714285,0.08823529411764706,0.05714285714285714,0.5714285714285714,0.4264705882352941,0.4,0.0967741935483871,0.09876543209876543,0.5483870967741935,0.4567901234567901,0.2631578947368421,0.3548387096774194,0.10526315789473684,0.3942857142857143
2025,"weathers, ryan",642,87.9,-0.37144147008275086,0.0,0.06944444444444445,0.030303030303030304,0.45454545454545453,0.4861111111111111,0.3939393939393939,0.23809523809523808,0.14754098360655737,0.5714285714285714,0.45901639344262296,0.45454545454545453,0.23809523809523808,0.0,0.3867924528301887
2025,"waddell, brandon",513,87.8,-0.37352379043522904,0.1,0.03773584905660377,0.02631578947368421,0.5,0.4339622641509434,0.39473684210526316,0.10526315789473684,0.08333333333333333,0.3684210526315789,0.375,0.3333333333333333,0.5789473684210527,0.3333333333333333,0.375
2025,"martin, davis",2315,87.8,-0.37575821447101515,0.07142857142857142,0.10080645161290322,0.07194244604316546,0.5,0.4475806451612903,0.4244604316546763,0.061224489795918366,0.10176991150442478,0.45918367346938777,0.42920353982300885,0.4339622641509434,0.4897959183673469,0.07547169811320754,0.3741648106904232
2025,"dubin, shawn",551,87.7,-0.3770403078758351,0.5,0.08695652173913043,0.09090909090909091,0.5,0.2826086956521739,0.45454545454545453,0.045454545454545456,0.0784313725490196,0.5454545454545454,0.39215686274509803,0.45454545454545453,0.3181818181818182,0.0,0.4111111111111111
2025,"shugart, chase",701,87.6,-0.38046958401273673,0.2,0.09259259259259259,0.16129032258064516,0.6,0.42592592592592593,0.5161290322580645,0.03225806451612903,0.034482758620689655,0.3548387096774194,0.3620689655172414,0.5,0.45161290322580644,0.0,0.42105263157894735
2025,"santillan, tony",1230,87.6,-0.37987765941332136,0.08333333333333333,0.11494252873563218,0.1206896551724138,0.6666666666666666,0.42528735632183906,0.43103448275862066,0.13043478260869565,0.0945945945945946,0.30434782608695654,0.3783783783783784,0.40625,0.391304347826087,0.0625,0.4103585657370518
2025,"blewett, scott",711,87.5,-0.38363652495314743,0.21428571428571427,0.08536585365853659,0.07894736842105263,0.21428571428571427,0.32926829268292684,0.3684210526315789,0.13636363636363635,0.14516129032258066,0.36363636363636365,0.3548387096774194,0.47058823529411764,0.45454545454545453,0.17647058823529413,0.4485981308411215
2025,"rogers, taylor",899,87.3,-0.39040438993660587,0.23076923076923078,0.12698412698412698,0.17647058823529413,0.5384615384615384,0.3333333333333333,0.4117647058823529,0.07692307692307693,0.11320754716981132,0.34615384615384615,0.3584905660377358,0.5,0.46153846153846156,0.1,0.30434782608695654
2025,"ramírez, yohan",608,86.8,-0.4053289908729953,0.16666666666666666,0.11904761904761904,0.16666666666666666,0.5833333333333334,0.35714285714285715,0.36666666666666664,0.16666666666666666,0.175,0.3888888888888889,0.375,0.47058823529411764,0.3333333333333333,0.058823529411764705,0.2900763358778626
2025,"bieber, shane",645,86.8,-0.4050101376396019,0.14285714285714285,0.0821917808219178,0.10526315789473684,0.5714285714285714,0.4246575342465753,0.39473684210526316,0.0,0.038461538461538464,0.5384615384615384,0.46153846153846156,0.625,0.5384615384615384,0.0,0.36633663366336633
2025,"alvarado, elvis",767,86.5,-0.4134944383213656,0.25,0.10416666666666667,0.10714285714285714,0.5,0.3958333333333333,0.42857142857142855,0.18181818181818182,0.12,0.5,0.4,0.21739130434782608,0.3181818181818182,0.08695652173913043,0.35658914728682173
2025,"romano, jordan",705,86.4,-0.4180130839639709,0.0,0.058823529411764705,0.037037037037037035,0.5555555555555556,0.4117647058823529,0.5555555555555556,0.041666666666666664,0.046511627906976744,0.5,0.4186046511627907,0.5789473684210527,0.4583333333333333,0.10526315789473684,0.45132743362831856
2025,"kochanowicz, jack",1875,86.1,-0.4274699552670575,0.11764705882352941,0.125,0.13709677419354838,0.5,0.41203703703703703,0.3790322580645161,0.13432835820895522,0.12371134020618557,0.3582089552238806,0.37628865979381443,0.3888888888888889,0.4626865671641791,0.1111111111111111,0.3611111111111111
2025,"gage, matt",536,86.0,-0.42979109009212035,0.3333333333333333,0.08333333333333333,0.10526315789473684,0.6666666666666666,0.3333333333333333,0.2631578947368421,0.19047619047619047,0.075,0.47619047619047616,0.4,0.3076923076923077,0.3333333333333333,0.07692307692307693,0.4583333333333333
2025,"salazar, eduardo",545,85.9,-0.4338218710351468,0.3333333333333333,0.2037037037037037,0.12903225806451613,0.5555555555555556,0.46296296296296297,0.3548387096774194,0.0,0.05714285714285714,0.23529411764705882,0.34285714285714286,0.5294117647058824,0.5294117647058824,0.0,0.3917525773195876
2025,"ogasawara, shinnosuke",674,85.8,-0.4346633562288154,0.1,0.08620689655172414,0.15151515151515152,0.3,0.3620689655172414,0.3939393939393939,0.23529411764705882,0.10526315789473684,0.6470588235294118,0.47368421052631576,0.45,0.23529411764705882,0.2,0.23853211009174313
2025,"morton, charlie",2559,85.7,-0.4379754698900974,0.15151515151515152,0.13675213675213677,0.15079365079365079,0.3939393939393939,0.3974358974358974,0.3888888888888889,0.125,0.10576923076923077,0.4625,0.40865384615384615,0.43037974683544306,0.35,0.1518987341772152,0.32265446224256294
2025,"olson, reese",1167,85.7,-0.4377124947770589,0.3333333333333333,0.08849557522123894,0.10714285714285714,0.5,0.39823008849557523,0.48214285714285715,0.08108108108108109,0.08571428571428572,0.4594594594594595,0.3904761904761905,0.34615384615384615,0.35135135135135137,0.07692307692307693,0.4
2025,"gore, mackenzie",2819,85.7,-0.4377313206038914,0.1951219512195122,0.12033195020746888,0.11267605633802817,0.34146341463414637,0.4024896265560166,0.3732394366197183,0.12222222222222222,0.11428571428571428,0.5,0.44761904761904764,0.35384615384615387,0.36666666666666664,0.09230769230769231,0.3905109489051095
2025,"canning, griffin",1343,85.6,-0.4427143276158295,0.10526315789473684,0.13385826771653545,0.10714285714285714,0.2631578947368421,0.47244094488188976,0.35714285714285715,0.18604651162790697,0.14285714285714285,0.37209302325581395,0.44642857142857145,0.5161290322580645,0.32558139534883723,0.06451612903225806,0.36796536796536794
2025,"ferguson, caleb",1054,85.5,-0.4455507159720281,0.5,0.16666666666666666,0.19444444444444445,0.5,0.46296296296296297,0.4444444444444444,0.09803921568627451,0.07317073170731707,0.35294117647058826,0.35365853658536583,0.13636363636363635,0.2549019607843137,0.09090909090909091,0.33163265306122447
2025,"mccullers, lance",1147,85.3,-0.44950335136395886,0.125,0.09782608695652174,0.10204081632653061,0.5625,0.34782608695652173,0.3877551020408163,0.22857142857142856,0.15476190476190477,0.5142857142857142,0.4166666666666667,0.2222222222222222,0.22857142857142856,0.2222222222222222,0.3409090909090909
2025,"mejia, juan",1078,85.1,-0.4582494305953989,0.125,0.09523809523809523,0.08571428571428572,0.375,0.4603174603174603,0.42857142857142855,0.1,0.10294117647058823,0.6,0.5294117647058824,0.4074074074074074,0.275,0.07407407407407407,0.36548223350253806
2025,"sasaki, roki",624,84.7,-0.4692528523361498,0.0,0.15625,0.0967741935483871,0.4166666666666667,0.453125,0.45161290322580644,0.2,0.2,0.45,0.38333333333333336,0.22727272727272727,0.25,0.13636363636363635,0.37
2025,"francis, bowden",1143,84.6,-0.47292094667803275,0.2,0.12,0.07462686567164178,0.4,0.464,0.44776119402985076,0.11428571428571428,0.11827956989247312,0.3142857142857143,0.3763440860215054,0.41935483870967744,0.42857142857142855,0.16129032258064516,0.37681159420289856
2025,"leiter, jack",2585,84.6,-0.4715423571549456,0.15555555555555556,0.102880658436214,0.13008130081300814,0.4666666666666667,0.411522633744856,0.4796747967479675,0.12359550561797752,0.12556053811659193,0.42696629213483145,0.3811659192825112,0.3787878787878788,0.3595505617977528,0.10606060606060606,0.3831041257367387
2025,"misiorowski, jacob",1165,84.4,-0.4786200833286915,0.09090909090909091,0.1038961038961039,0.05263157894736842,0.6363636363636364,0.45454545454545453,0.5,0.1,0.12195121951219512,0.43333333333333335,0.3780487804878049,0.3870967741935484,0.3,0.25806451612903225,0.32677165354330706
2025,"cano, yennier",992,84.2,-0.4839069604486593,0.16666666666666666,0.13636363636363635,0.11627906976744186,0.6666666666666666,0.3787878787878788,0.4186046511627907,0.08823529411764706,0.14925373134328357,0.4117647058823529,0.4925373134328358,0.3333333333333333,0.35294117647058826,0.041666666666666664,0.3532934131736527
2025,"leasure, jordan",1133,84.1,-0.48811506966176654,0.13333333333333333,0.15254237288135594,0.16666666666666666,0.5333333333333333,0.423728813559322,0.5,0.125,0.10294117647058823,0.3125,0.39705882352941174,0.35714285714285715,0.40625,0.03571428571428571,0.3835616438356164
2025,"javier, cristian",618,83.9,-0.4954770133701854,0.0,0.08163265306122448,0.038461538461538464,0.5,0.42857142857142855,0.5,0.16,0.15625,0.6,0.515625,0.375,0.16,0.0625,0.4380952380952381
2025,"bummer, aaron",946,83.6,-0.502360265564935,0.25,0.13513513513513514,0.09302325581395349,0.5,0.4189189189189189,0.37209302325581395,0.1724137931034483,0.15492957746478872,0.4482758620689655,0.4084507042253521,0.5,0.3448275862068966,0.09090909090909091,0.25675675675675674
2025,"houck, tanner",749,83.4,-0.5088198071077926,0.16666666666666666,0.10843373493975904,0.1276595744680851,0.4166666666666667,0.40963855421686746,0.3191489361702128,0.14285714285714285,0.13157894736842105,0.42857142857142855,0.42105263157894735,0.5,0.35714285714285715,0.1,0.4107142857142857
2025,"hernández, carlos",761,83.3,-0.5138386044922226,0.14285714285714285,0.12962962962962962,0.14634146341463414,0.5714285714285714,0.5,0.5365853658536586,0.13333333333333333,0.09615384615384616,0.3333333333333333,0.4423076923076923,0.4782608695652174,0.2,0.043478260869565216,0.35507246376811596
2025,"soriano, josé",2784,83.3,-0.5137178082317071,0.0625,0.11971830985915492,0.11475409836065574,0.46875,0.44014084507042256,0.5,0.12,0.11654135338345864,0.42,0.44360902255639095,0.42168674698795183,0.4,0.07228915662650602,0.3783132530120482
2025,"fermin, josé",655,83.2,-0.5155193496120613,0.2,0.14285714285714285,0.22727272727272727,0.1,0.2857142857142857,0.2727272727272727,0.1875,0.0975609756097561,0.5625,0.5365853658536586,0.47058823529411764,0.25,0.17647058823529413,0.34579439252336447
2025,"blalock, bradley",1035,83.2,-0.5157670238028687,0.08,0.06611570247933884,0.07692307692307693,0.6,0.4049586776859504,0.4230769230769231,0.10869565217391304,0.14150943396226415,0.43478260869565216,0.4528301886792453,0.5652173913043478,0.43478260869565216,0.043478260869565216,0.40425531914893614
2025,"soroka, michael",1528,83.0,-0.5212166436873243,0.21428571428571427,0.12213740458015267,0.11666666666666667,0.5714285714285714,0.42748091603053434,0.55,0.14,0.1510791366906475,0.42,0.381294964028777,0.2619047619047619,0.38,0.047619047619047616,0.3310344827586207
2025,"dollander, chase",1778,82.8,-0.5275887828903965,0.09375,0.16560509554140126,0.1375,0.40625,0.47770700636942676,0.4625,0.041666666666666664,0.08982035928143713,0.4166666666666667,0.46706586826347307,0.32075471698113206,0.4583333333333333,0.1320754716981132,0.3590504451038576
2025,"ginn, j. t.",1580,82.7,-0.5322186452760634,0.125,0.08208955223880597,0.058823529411764705,0.2916666666666667,0.41044776119402987,0.36764705882352944,0.09859154929577464,0.08148148148148149,0.6197183098591549,0.5333333333333333,0.5,0.2676056338028169,0.14705882352941177,0.4774774774774775
2025,"glasnow, tyler",1484,82.6,-0.5352143012115754,0.11764705882352941,0.11711711711711711,0.125,0.5294117647058824,0.43243243243243246,0.46875,0.16326530612244897,0.14285714285714285,0.40816326530612246,0.4369747899159664,0.3181818181818182,0.30612244897959184,0.11363636363636363,0.36752136752136755
2025,"rodríguez, yariel",1172,82.3,-0.5442463890355879,0.1111111111111111,0.1038961038961039,0.12,0.5555555555555556,0.44155844155844154,0.46,0.10638297872340426,0.13333333333333333,0.425531914893617,0.44,0.37142857142857144,0.3191489361702128,0.08571428571428572,0.425531914893617
2025,"ribalta, orlando",502,82.1,-0.5495142169090493,0.2222222222222222,0.1935483870967742,0.20833333333333334,0.2222222222222222,0.3548387096774194,0.4166666666666667,0.09523809523809523,0.2,0.38095238095238093,0.4,0.375,0.2857142857142857,0.125,0.35294117647058826
2025,"molina, anthony",611,82.0,-0.5526851338530021,0.0,0.06153846153846154,0.02857142857142857,0.5454545454545454,0.47692307692307695,0.4857142857142857,0.045454545454545456,0.07407407407407407,0.45454545454545453,0.46296296296296297,0.5,0.6363636363636364,0.125,0.4235294117647059
2025,"wilson, steven",982,81.9,-0.5540972818561258,0.125,0.16176470588235295,0.15,0.25,0.4411764705882353,0.5,0.16666666666666666,0.12903225806451613,0.625,0.5161290322580645,0.5,0.08333333333333333,0.0,0.3314917127071823
2025,"adam, jason",1097,81.6,-0.5642205500841587,0.3,0.11594202898550725,0.14285714285714285,0.4,0.4782608695652174,0.5142857142857142,0.14285714285714285,0.0945945945945946,0.42857142857142855,0.43243243243243246,0.3333333333333333,0.2857142857142857,0.125,0.31666666666666665
2025,"vesia, alex",1036,81.6,-0.5658568818042061,0.14285714285714285,0.14545454545454545,0.1935483870967742,0.5,0.41818181818181815,0.45161290322580644,0.25,0.13725490196078433,0.5,0.4117647058823529,0.17391304347826086,0.17857142857142858,0.13043478260869565,0.32882882882882886
2025,"domínguez, seranthony",1109,81.3,-0.5738602858653016,0.2,0.13793103448275862,0.08571428571428572,0.6,0.5172413793103449,0.45714285714285713,0.15625,0.109375,0.40625,0.484375,0.24242424242424243,0.1875,0.09090909090909091,0.40437158469945356
2025,"trivino, lou",843,81.1,-0.5785275746578181,0.2,0.19230769230769232,0.20588235294117646,0.6,0.46153846153846156,0.5,0.02857142857142857,0.08196721311475409,0.37142857142857144,0.3770491803278688,0.5714285714285714,0.2571428571428571,0.0,0.375
2025,"hall, dl",589,81.1,-0.5789069350653783,0.16666666666666666,0.19047619047619047,0.13043478260869565,0.5,0.5,0.21739130434782608,0.07692307692307693,0.14285714285714285,0.5,0.5,0.21428571428571427,0.5,0.07142857142857142,0.3402061855670103
2025,"stanek, ryne",1063,81.0,-0.5830705352211037,0.16666666666666666,0.16666666666666666,0.17073170731707318,0.5,0.3787878787878788,0.34146341463414637,0.13043478260869565,0.13114754098360656,0.4782608695652174,0.45901639344262296,0.4,0.34782608695652173,0.06666666666666667,0.3644067796610169
2025,"perkins, jack",637,80.4,-0.6011749785919787,0.2,0.0975609756097561,0.16,0.7,0.5365853658536586,0.48,0.10714285714285714,0.07272727272727272,0.39285714285714285,0.4727272727272727,0.25,0.32142857142857145,0.1,0.3592233009708738
2025,"rodríguez, randy",808,80.1,-0.6095279973840858,0.14285714285714285,0.11627906976744186,0.12903225806451613,0.7142857142857143,0.4418604651162791,0.5161290322580645,0.2,0.10869565217391304,0.52,0.4782608695652174,0.4,0.24,0.0,0.310126582278481
2025,"cortés, néstor",599,79.8,-0.6209555732925588,0.07142857142857142,0.1774193548387097,0.14285714285714285,0.21428571428571427,0.46774193548387094,0.45714285714285713,0.15384615384615385,0.13333333333333333,0.46153846153846156,0.4,0.3333333333333333,0.38461538461538464,0.16666666666666666,0.3764705882352941
2025,"cruz, fernando",793,79.6,-0.6243604661445123,0.25,0.20588235294117646,0.1935483870967742,0.375,0.4411764705882353,0.4838709677419355,0.12,0.13513513513513514,0.36,0.3783783783783784,0.25,0.24,0.20833333333333334,0.3291139240506329
2025,"adams, travis",664,79.2,-0.6387049612360852,0.15384615384615385,0.16,0.11764705882352941,0.23076923076923078,0.44,0.4117647058823529,0.037037037037037035,0.045454545454545456,0.48148148148148145,0.4318181818181818,0.26666666666666666,0.4444444444444444,0.3333333333333333,0.4672131147540984
2025,"rutledge, jackson",1341,78.9,-0.6485004917364955,0.047619047619047616,0.10833333333333334,0.19696969696969696,0.47619047619047616,0.49166666666666664,0.5454545454545454,0.06976744186046512,0.039603960396039604,0.5348837209302325,0.4752475247524752,0.4827586206896552,0.3023255813953488,0.10344827586206896,0.39330543933054396
2025,"little, brendon",1252,78.9,-0.6483767736198003,0.1111111111111111,0.12121212121212122,0.03125,0.4444444444444444,0.42424242424242425,0.5625,0.09090909090909091,0.19047619047619047,0.3939393939393939,0.4126984126984127,0.28205128205128205,0.42424242424242425,0.10256410256410256,0.5
2025,"arrighetti, spencer",619,77.7,-0.6855031814758711,0.3333333333333333,0.14814814814814814,0.12,0.2222222222222222,0.35185185185185186,0.24,0.11538461538461539,0.14814814814814814,0.46153846153846156,0.5,0.4090909090909091,0.46153846153846156,0.18181818181818182,0.40425531914893614
2025,"hodge, porter",628,77.4,-0.6920326917099625,0.25,0.11904761904761904,0.13793103448275862,0.375,0.47619047619047616,0.4482758620689655,0.3333333333333333,0.16129032258064516,0.3333333333333333,0.3548387096774194,0.4,0.3333333333333333,0.0,0.39166666666666666
2025,"banda, anthony",1091,77.3,-0.6966400992403068,0.21428571428571427,0.13432835820895522,0.17647058823529413,0.5714285714285714,0.43283582089552236,0.5,0.14285714285714285,0.13043478260869565,0.42857142857142855,0.42028985507246375,0.36,0.35714285714285715,0.0,0.3979591836734694
2025,"ureña, josé",938,77.1,-0.7020439552511076,0.22727272727272727,0.12631578947368421,0.14285714285714285,0.4090909090909091,0.4421052631578947,0.42857142857142855,0.08695652173913043,0.10752688172043011,0.4782608695652174,0.4838709677419355,0.28,0.5,0.16,0.3620689655172414
2025,"morales, luis",821,76.7,-0.7150101057577223,0.0,0.1,0.15384615384615385,0.6666666666666666,0.5857142857142857,0.5128205128205128,0.0,0.05970149253731343,0.42424242424242425,0.47761194029850745,0.3333333333333333,0.5151515151515151,0.16666666666666666,0.39568345323741005
2025,"ort, kaleb",793,76.5,-0.7209418833319463,0.1111111111111111,0.1346153846153846,0.23076923076923078,0.4444444444444444,0.5,0.5769230769230769,0.15,0.1,0.35,0.42,0.3181818181818182,0.2,0.13636363636363635,0.4316546762589928
2025,"williams, gavin",2925,76.1,-0.7320960531802311,0.1282051282051282,0.1274131274131274,0.15503875968992248,0.5384615384615384,0.444015444015444,0.4573643410852713,0.10975609756097561,0.13414634146341464,0.4878048780487805,0.483739837398374,0.34146341463414637,0.3780487804878049,0.0975609756097561,0.39080459770114945
2025,"simpson, josh",619,75.4,-0.755655415815703,0.2,0.08333333333333333,0.08695652173913043,0.4,0.375,0.4782608695652174,0.06666666666666667,0.030303030303030304,0.7333333333333333,0.5454545454545454,0.2857142857142857,0.4666666666666667,0.2857142857142857,0.38461538461538464
2025,"strider, spencer",2111,74.8,-0.7720603683546725,0.2,0.14084507042253522,0.15178571428571427,0.6,0.38967136150234744,0.4732142857142857,0.07692307692307693,0.11428571428571428,0.5538461538461539,0.38285714285714284,0.42857142857142855,0.4307692307692308,0.10714285714285714,0.3953488372093023
2025,"gil, luis",970,74.7,-0.7769354071411125,0.14285714285714285,0.10112359550561797,0.13333333333333333,0.5,0.42696629213483145,0.4444444444444444,0.2413793103448276,0.13402061855670103,0.3793103448275862,0.4329896907216495,0.3939393939393939,0.41379310344827586,0.12121212121212122,0.4233128834355828
2025,"halvorsen, seth",640,74.7,-0.7759437003672335,0.125,0.18604651162790697,0.16,0.25,0.46511627906976744,0.36,0.14285714285714285,0.15555555555555556,0.5714285714285714,0.6,0.2631578947368421,0.3333333333333333,0.05263157894736842,0.3939393939393939
2025,"vasil, mike",1669,74.3,-0.7883982461788764,0.15789473684210525,0.12030075187969924,0.09375,0.3157894736842105,0.48120300751879697,0.5,0.1016949152542373,0.1323529411764706,0.4915254237288136,0.47058823529411764,0.38461538461538464,0.4576271186440678,0.15384615384615385,0.4112903225806452
2025,"waldrep, hurston",887,73.9,-0.8011411157864818,0.16666666666666666,0.13580246913580246,0.13043478260869565,0.5,0.5432098765432098,0.5,0.029411764705882353,0.07894736842105263,0.4411764705882353,0.5,0.375,0.4411764705882353,0.125,0.417910447761194
2025,"pressly, ryan",661,72.9,-0.8311878788604776,0.0,0.1111111111111111,0.08333333333333333,0.625,0.5079365079365079,0.4166666666666667,0.22727272727272727,0.1956521739130435,0.36363636363636365,0.45652173913043476,0.5789473684210527,0.3181818181818182,0.15789473684210525,0.3565217391304348
2025,"boyle, joe",936,72.5,-0.8446857230341553,0.15384615384615385,0.17105263157894737,0.19047619047619047,0.07692307692307693,0.40789473684210525,0.40476190476190477,0.125,0.1076923076923077,0.625,0.5230769230769231,0.25,0.5833333333333334,0.07142857142857142,0.44805194805194803
2025,"henry, cole",969,72.2,-0.8522188782643162,0.0,0.13114754098360656,0.16666666666666666,0.375,0.4262295081967213,0.3,0.2,0.18333333333333332,0.44,0.5666666666666667,0.2777777777777778,0.32,0.19444444444444445,0.5
2025,"birdsong, hayden",1195,71.9,-0.8632293093981943,0.1111111111111111,0.1320754716981132,0.16666666666666666,0.3333333333333333,0.49056603773584906,0.5185185185185185,0.15789473684210525,0.10891089108910891,0.47368421052631576,0.44554455445544555,0.3783783783783784,0.47368421052631576,0.1891891891891892,0.3567567567567568
2025,"megill, tylor",1234,71.0,-0.8900728165924789,0.2727272727272727,0.13,0.18518518518518517,0.8181818181818182,0.39,0.48148148148148145,0.20588235294117646,0.0989010989010989,0.38235294117647056,0.3516483516483517,0.2571428571428571,0.35294117647058826,0.22857142857142856,0.3864734299516908
2025,"zeferjahn, ryan",1039,70.8,-0.8956667284140746,0.23076923076923078,0.1568627450980392,0.18421052631578946,0.6153846153846154,0.49019607843137253,0.631578947368421,0.24242424242424243,0.13114754098360656,0.30303030303030304,0.2786885245901639,0.1875,0.3333333333333333,0.15625,0.40804597701149425
2025,"gonsolin, tony",609,70.6,-0.9035054431733937,0.2727272727272727,0.15517241379310345,0.12903225806451613,0.45454545454545453,0.3448275862068966,0.45161290322580644,0.19047619047619047,0.12727272727272726,0.5714285714285714,0.36363636363636365,0.3333333333333333,0.42857142857142855,0.14285714285714285,0.45348837209302323
2025,"nicolas, kyle",652,67.8,-0.9882366802489645,0.16666666666666666,0.21568627450980393,0.2692307692307692,0.6666666666666666,0.47058823529411764,0.5384615384615384,0.1,0.1320754716981132,0.35,0.4528301886792453,0.3333333333333333,0.35,0.05555555555555555,0.37735849056603776
2025,"booser, cam",572,66.3,-1.0347336185957305,0.2727272727272727,0.09090909090909091,0.09523809523809523,0.5454545454545454,0.3333333333333333,0.5714285714285714,0.21052631578947367,0.2571428571428571,0.631578947368421,0.45714285714285713,0.3888888888888889,0.3157894736842105,0.05555555555555555,0.38613861386138615
2025,"agnos, zach",527,65.8,-1.049398804847559,0.18181818181818182,0.14285714285714285,0.20833333333333334,0.5454545454545454,0.5714285714285714,0.7083333333333334,0.26666666666666666,0.11363636363636363,0.3333333333333333,0.29545454545454547,0.3333333333333333,0.4,0.08333333333333333,0.37662337662337664
2025,"brown, mccade",502,65.4,-1.0625160026252758,0.14285714285714285,0.14,0.19047619047619047,0.2857142857142857,0.36,0.2857142857142857,0.42857142857142855,0.2222222222222222,0.5714285714285714,0.37777777777777777,0.45,0.35714285714285715,0.15,0.39325842696629215
2025,"palmquist, carson",705,62.7,-1.1429451958564905,0.11764705882352941,0.16393442622950818,0.1,0.5294117647058824,0.47540983606557374,0.5,0.1,0.18032786885245902,0.6,0.47540983606557374,0.30434782608695654,0.4,0.2608695652173913,0.4132231404958678
2025,"kahnle, tommy",1037,62.3,-1.1562626235493296,0.2857142857142857,0.16216216216216217,0.2,0.5,0.5,0.425,0.2,0.13580246913580246,0.42857142857142855,0.4567901234567901,0.24,0.37142857142857144,0.2,0.44
2025,"hernández, daysbel",723,54.4,-1.3990794899731007,0.14285714285714285,0.17073170731707318,0.35,0.7142857142857143,0.4878048780487805,0.55,0.13333333333333333,0.125,0.5333333333333333,0.45,0.20689655172413793,0.26666666666666666,0.20689655172413793,0.4745762711864407
2025,"richardson, lyon",684,53.4,-1.4302592005815957,0.16666666666666666,0.08928571428571429,0.15625,0.5,0.5357142857142857,0.5,0.25,0.15217391304347827,0.55,0.5217391304347826,0.6470588235294118,0.45,0.11764705882352941,0.41304347826086957
2025,"bautista, félix",629,53.0,-1.4417793616504095,0.4,0.24,0.2857142857142857,0.4,0.52,0.5714285714285714,0.11764705882352941,0.16666666666666666,0.5294117647058824,0.4444444444444444,0.13043478260869565,0.47058823529411764,0.13043478260869565,0.36607142857142855
2025,"pilkington, konnor",500,47.7,-1.6030698992936363,0.3,0.22580645161290322,0.23809523809523808,0.4,0.5483870967741935,0.47619047619047616,0.3333333333333333,0.2727272727272727,0.4444444444444444,0.45454545454545453,0.35294117647058826,0.3333333333333333,0.058823529411764705,0.38636363636363635
2025,"oviedo, johan",667,39.3,-1.8609765271731287,0.2857142857142857,0.2857142857142857,0.25,0.5714285714285714,0.5306122448979592,0.5625,0.17391304347826086,0.2,0.5652173913043478,0.48333333333333334,0.36,0.391304347826087,0.08,0.47368421052631576
2025,"sabrowski, erik",503,30.6,-2.130449356299773,0.5,0.38461538461538464,0.375,1.0,0.5769230769230769,0.375,0.1111111111111111,0.25,0.3333333333333333,0.6,0.05,0.2222222222222222,0.25,0.36363636363636365
