season,pitcher_name,pitch_count,composure_plus,composure_score,walk_after_barrel,walk_after_hard_hit,walk_after_high_xba,first_ball_after_barrel,first_ball_after_hard_hit,first_ball_after_high_xba,walk_after_soft_hit,walk_after_low_xba,first_ball_after_soft_hit,first_ball_after_low_xba,hard_hit_after_walk,hard_hit_after_soft,walk_after_walk,ball_after_foul
2024,"núñez, dedniel",526,149.1,1.4488097321359603,0.0,0.05405405405405406,0.08695652173913043,0.2857142857142857,0.2972972972972973,0.17391304347826086,0.0625,0.02564102564102564,0.125,0.3076923076923077,0.2857142857142857,0.25,0.0,0.19469026548672566
2024,"daniel, davis",508,142.8,1.2627326473993141,0.0,0.021739130434782608,0.0,0.3333333333333333,0.30434782608695654,0.16129032258064516,0.038461538461538464,0.10416666666666667,0.15384615384615385,0.3333333333333333,0.0,0.4230769230769231,0.0,0.34
2024,"snider, collin",684,137.9,1.1169328302054529,0.1,0.02631578947368421,0.05714285714285714,0.5,0.2631578947368421,0.2857142857142857,0.038461538461538464,0.0,0.2692307692307692,0.21621621621621623,0.36363636363636365,0.3076923076923077,0.0,0.2814814814814815
2024,"woo, bryan",1717,135.4,1.0443500542131765,0.06666666666666667,0.04,0.08333333333333333,0.3333333333333333,0.24571428571428572,0.2619047619047619,0.024390243902439025,0.023148148148148147,0.2926829268292683,0.24537037037037038,0.3076923076923077,0.35365853658536583,0.0,0.32941176470588235
2024,"pagán, emilio",594,135.0,1.0330699357029398,0.0,0.09259259259259259,0.0,0.125,0.25925925925925924,0.25806451612903225,0.0,0.05714285714285714,0.375,0.3142857142857143,0.1111111111111111,0.1875,0.2222222222222222,0.3333333333333333
2024,"hurter, brant",645,134.6,1.0207829070002281,0.0,0.03333333333333333,0.0,0.16666666666666666,0.26666666666666666,0.20833333333333334,0.058823529411764705,0.04819277108433735,0.35294117647058826,0.3373493975903614,0.4,0.35294117647058826,0.0,0.33620689655172414
2024,"kittredge, andrew",1038,132.5,0.9590085555168137,0.0625,0.04819277108433735,0.05555555555555555,0.25,0.26506024096385544,0.2037037037037037,0.06896551724137931,0.04285714285714286,0.2413793103448276,0.3,0.3125,0.3103448275862069,0.0,0.38974358974358975
2024,"martin, chris",659,131.9,0.9416298349276188,0.0,0.02,0.04878048780487805,0.4,0.28,0.24390243902439024,0.06896551724137931,0.024390243902439025,0.27586206896551724,0.24390243902439024,0.4,0.3793103448275862,0.0,0.3680555555555556
2024,"martínez, nick",2126,131.0,0.9140406584617462,0.0,0.041884816753926704,0.032520325203252036,0.3333333333333333,0.32460732984293195,0.2682926829268293,0.01652892561983471,0.03571428571428571,0.2892561983471074,0.32589285714285715,0.30434782608695654,0.33884297520661155,0.0,0.375
2024,"estévez, carlos",837,129.9,0.8835709581186891,0.0,0.014084507042253521,0.03333333333333333,0.09090909090909091,0.23943661971830985,0.23333333333333334,0.043478260869565216,0.014925373134328358,0.391304347826087,0.2835820895522388,0.5,0.391304347826087,0.125,0.3609467455621302
2024,"lee, dylan",879,129.7,0.877758922125136,0.0,0.06896551724137931,0.027777777777777776,0.3,0.3103448275862069,0.3333333333333333,0.06451612903225806,0.0684931506849315,0.3548387096774194,0.2876712328767123,0.36363636363636365,0.16129032258064516,0.0,0.3333333333333333
2024,"jax, griffin",1072,129.5,0.8707961905039866,0.0,0.078125,0.02564102564102564,0.16666666666666666,0.296875,0.3333333333333333,0.030303030303030304,0.08955223880597014,0.18181818181818182,0.23880597014925373,0.5,0.24242424242424243,0.0625,0.37362637362637363
2024,"treinen, blake",737,129.1,0.8598044732033187,0.0,0.07317073170731707,0.0,0.3333333333333333,0.2926829268292683,0.2727272727272727,0.037037037037037035,0.0784313725490196,0.2962962962962963,0.29411764705882354,0.15384615384615385,0.37037037037037035,0.15384615384615385,0.31654676258992803
2024,"skubal, tarik",2868,127.8,0.820403335494586,0.09375,0.04672897196261682,0.064,0.28125,0.3177570093457944,0.272,0.056,0.04247104247104247,0.296,0.29343629343629346,0.37209302325581395,0.272,0.09302325581395349,0.29333333333333333
2024,"gordon, tanner",607,126.3,0.7749248301381255,0.2,0.045454545454545456,0.046511627906976744,0.2,0.24242424242424243,0.23255813953488372,0.038461538461538464,0.05084745762711865,0.23076923076923078,0.3389830508474576,0.5714285714285714,0.46153846153846156,0.0,0.28776978417266186
2024,"rogers, tyler",1010,126.1,0.7703919243627031,0.1111111111111111,0.057971014492753624,0.037037037037037035,0.2222222222222222,0.34782608695652173,0.35185185185185186,0.05084745762711865,0.06896551724137931,0.3220338983050847,0.3218390804597701,0.2,0.3728813559322034,0.0,0.3069306930693069
2024,"hjelle, sean",1217,126.1,0.7701385379256059,0.16666666666666666,0.06796116504854369,0.06779661016949153,0.25,0.30097087378640774,0.288135593220339,0.0,0.056074766355140186,0.30612244897959184,0.29906542056074764,0.375,0.3673469387755102,0.0,0.3131868131868132
2024,"sands, cole",1154,125.9,0.7654343017906393,0.0,0.043478260869565216,0.057692307692307696,0.09090909090909091,0.31521739130434784,0.36538461538461536,0.125,0.07692307692307693,0.40625,0.2692307692307692,0.29411764705882354,0.3125,0.0,0.3277310924369748
2024,"blach, ty",1133,124.6,0.7267400999148512,0.03225806451612903,0.07534246575342465,0.08695652173913043,0.12903225806451613,0.3013698630136986,0.2717391304347826,0.04,0.06299212598425197,0.24,0.33858267716535434,0.5217391304347826,0.36,0.043478260869565216,0.30660377358490565
2024,"jansen, kenley",810,124.5,0.7235704397351974,0.0,0.06349206349206349,0.05405405405405406,0.21428571428571427,0.36507936507936506,0.32432432432432434,0.05,0.019230769230769232,0.1,0.2692307692307692,0.3888888888888889,0.35,0.2222222222222222,0.36423841059602646
2024,"iglesias, raisel",940,124.5,0.7239227259054225,0.2,0.05263157894736842,0.037037037037037035,0.2,0.38596491228070173,0.4074074074074074,0.023809523809523808,0.046511627906976744,0.21428571428571427,0.32558139534883723,0.46153846153846156,0.2619047619047619,0.0,0.3006535947712418
2024,"pivetta, nick",2392,123.9,0.7061127002513746,0.0,0.05641025641025641,0.08771929824561403,0.22857142857142856,0.3333333333333333,0.3157894736842105,0.02531645569620253,0.05741626794258373,0.3037974683544304,0.31100478468899523,0.2647058823529412,0.35443037974683544,0.058823529411764705,0.375
2024,"crochet, garrett",2395,123.6,0.6950312307079809,0.03333333333333333,0.03529411764705882,0.03773584905660377,0.4,0.35294117647058826,0.33962264150943394,0.06896551724137931,0.04864864864864865,0.3333333333333333,0.3621621621621622,0.2631578947368421,0.26436781609195403,0.07894736842105263,0.3106212424849699
2024,"cecconi, slade",1298,123.4,0.6891710833307354,0.038461538461538464,0.031746031746031744,0.039473684210526314,0.2692307692307692,0.29365079365079366,0.2631578947368421,0.02127659574468085,0.046153846153846156,0.2765957446808511,0.3230769230769231,0.4444444444444444,0.48936170212765956,0.05555555555555555,0.3715415019762846
2024,"junis, jakob",944,123.3,0.6880672853109612,0.0,0.06,0.058823529411764705,0.26666666666666666,0.23,0.29411764705882354,0.027777777777777776,0.03571428571428571,0.3888888888888889,0.25,0.6363636363636364,0.4722222222222222,0.0,0.33793103448275863
2024,"bradford, cody",1176,123.2,0.6860206310215349,0.0,0.04504504504504504,0.046153846153846156,0.25,0.2882882882882883,0.3076923076923077,0.08163265306122448,0.04032258064516129,0.3673469387755102,0.3387096774193548,0.2727272727272727,0.40816326530612246,0.09090909090909091,0.33488372093023255
2024,"ross, joe",1202,122.4,0.6619613424676105,0.0,0.08928571428571429,0.078125,0.3125,0.33035714285714285,0.328125,0.021739130434782608,0.07627118644067797,0.30434782608695654,0.2966101694915254,0.3076923076923077,0.2826086956521739,0.038461538461538464,0.36764705882352944
2024,"uceta, edwin",674,122.1,0.6511400416673776,0.3333333333333333,0.07142857142857142,0.037037037037037035,0.6666666666666666,0.2857142857142857,0.3333333333333333,0.043478260869565216,0.06521739130434782,0.21739130434782608,0.17391304347826086,0.25,0.2608695652173913,0.0,0.37593984962406013
2024,"akin, keegan",1246,122.0,0.6502283618201574,0.08333333333333333,0.0759493670886076,0.05128205128205128,0.08333333333333333,0.26582278481012656,0.28205128205128205,0.10810810810810811,0.10126582278481013,0.3783783783783784,0.34177215189873417,0.3684210526315789,0.2972972972972973,0.0,0.33649289099526064
2024,"steele, justin",2047,120.8,0.6129498567616719,0.13333333333333333,0.05649717514124294,0.08333333333333333,0.3333333333333333,0.2994350282485876,0.23958333333333334,0.102803738317757,0.058823529411764705,0.29906542056074764,0.3167420814479638,0.4,0.3177570093457944,0.025,0.3253588516746411
2024,"holton, tyler",1344,120.8,0.614560073896551,0.0,0.028846153846153848,0.03571428571428571,0.42857142857142855,0.33653846153846156,0.3392857142857143,0.029850746268656716,0.0390625,0.44776119402985076,0.359375,0.2777777777777778,0.2835820895522388,0.1111111111111111,0.33480176211453744
2024,"ober, bailey",2697,120.7,0.6116015106298638,0.05555555555555555,0.07272727272727272,0.05785123966942149,0.3055555555555556,0.2727272727272727,0.2727272727272727,0.056451612903225805,0.06060606060606061,0.3387096774193548,0.3333333333333333,0.3958333333333333,0.27419354838709675,0.10416666666666667,0.34774436090225563
2024,"gaddis, hunter",1079,120.7,0.6111815172544663,0.0,0.06756756756756757,0.02631578947368421,0.2222222222222222,0.33783783783783783,0.39473684210526316,0.02702702702702703,0.047619047619047616,0.35135135135135137,0.34523809523809523,0.29411764705882354,0.43243243243243246,0.0,0.38425925925925924
2024,"nola, aaron",3193,120.6,0.6076890198554834,0.04878048780487805,0.05723905723905724,0.0375,0.3170731707317073,0.2996632996632997,0.23125,0.06153846153846154,0.056105610561056105,0.35384615384615387,0.31353135313531355,0.40384615384615385,0.3230769230769231,0.09615384615384616,0.3758620689655172
2024,"sale, chris",2818,120.5,0.6044064126592356,0.043478260869565216,0.07526881720430108,0.08,0.34782608695652173,0.27956989247311825,0.296,0.11666666666666667,0.08296943231441048,0.30833333333333335,0.3231441048034934,0.21739130434782608,0.2833333333333333,0.06521739130434782,0.34615384615384615
2024,"megill, trevor",682,120.4,0.6029884422956461,0.0,0.07142857142857142,0.0,0.3333333333333333,0.39285714285714285,0.3333333333333333,0.0,0.06,0.29411764705882354,0.3,0.45454545454545453,0.4117647058823529,0.09090909090909091,0.33070866141732286
2024,"king, john",860,120.3,0.5999719419375893,0.09090909090909091,0.037037037037037035,0.027777777777777776,0.36363636363636365,0.30864197530864196,0.25,0.125,0.0963855421686747,0.325,0.27710843373493976,0.25,0.325,0.08333333333333333,0.37423312883435583
2024,"smith, burch",896,120.2,0.5949652424113518,0.0,0.034482758620689655,0.02127659574468085,0.4666666666666667,0.3218390804597701,0.3191489361702128,0.06666666666666667,0.0684931506849315,0.43333333333333335,0.3561643835616438,0.14285714285714285,0.43333333333333335,0.07142857142857142,0.32044198895027626
2024,"finnegan, kyle",1087,120.2,0.5957611120461223,0.0,0.056818181818181816,0.09090909090909091,0.3,0.29545454545454547,0.3090909090909091,0.10714285714285714,0.07042253521126761,0.39285714285714285,0.3380281690140845,0.25,0.32142857142857145,0.1,0.2938775510204082
2024,"mikolas, miles",2705,119.9,0.5884680642008713,0.07142857142857142,0.04513888888888889,0.05421686746987952,0.2619047619047619,0.2708333333333333,0.2891566265060241,0.046875,0.04377104377104377,0.2890625,0.28619528619528617,0.4642857142857143,0.5078125,0.07142857142857142,0.36510791366906475
2024,"kirby, george",2969,119.8,0.5833625108303124,0.023255813953488372,0.03806228373702422,0.04,0.27906976744186046,0.370242214532872,0.3333333333333333,0.044444444444444446,0.03715170278637771,0.362962962962963,0.3746130030959752,0.4482758620689655,0.3037037037037037,0.06896551724137931,0.33068362480127184
2024,"ginkel, kevin",1185,119.5,0.5747604729680375,0.0,0.025,0.04081632653061224,0.3333333333333333,0.3375,0.2857142857142857,0.10810810810810811,0.037037037037037035,0.2702702702702703,0.37037037037037035,0.3125,0.3783783783783784,0.125,0.36936936936936937
2024,"rodríguez, manuel",609,119.3,0.5682069077952536,0.0,0.11904761904761904,0.08333333333333333,0.0,0.2619047619047619,0.25,0.1,0.09090909090909091,0.5,0.3181818181818182,0.3333333333333333,0.4,0.0,0.330188679245283
2024,"boyd, matt",669,118.9,0.5580190391967591,0.0,0.022222222222222223,0.06666666666666667,0.0,0.2222222222222222,0.43333333333333335,0.06666666666666667,0.10714285714285714,0.4,0.2857142857142857,0.35714285714285715,0.3333333333333333,0.14285714285714285,0.3951612903225806
2024,"garcia, robert",950,118.5,0.5449020325456493,0.0,0.04,0.03125,0.25,0.3,0.40625,0.06451612903225806,0.09230769230769231,0.3225806451612903,0.3076923076923077,0.5384615384615384,0.22580645161290322,0.15384615384615385,0.32222222222222224
2024,"glasnow, tyler",2012,118.1,0.5332635033001901,0.0,0.0658682634730539,0.05952380952380952,0.2222222222222222,0.32335329341317365,0.3333333333333333,0.08695652173913043,0.09289617486338798,0.36231884057971014,0.39344262295081966,0.4,0.2318840579710145,0.02857142857142857,0.34277620396600567
2024,"pfaadt, brandon",2801,118.1,0.5332244712923011,0.14634146341463414,0.06716417910447761,0.08484848484848485,0.2682926829268293,0.26492537313432835,0.3090909090909091,0.03278688524590164,0.04182509505703422,0.3114754098360656,0.2889733840304182,0.38636363636363635,0.4016393442622951,0.09090909090909091,0.36767676767676766
2024,"voth, austin",976,117.8,0.5243539375272908,0.0,0.03571428571428571,0.03225806451612903,0.18181818181818182,0.26785714285714285,0.2903225806451613,0.08823529411764706,0.08450704225352113,0.4117647058823529,0.39436619718309857,0.3333333333333333,0.35294117647058826,0.1111111111111111,0.3717948717948718
2024,"thornton, trent",1144,117.7,0.5228809860400992,0.0,0.08571428571428572,0.10416666666666667,0.2857142857142857,0.34285714285714286,0.3125,0.04878048780487805,0.05194805194805195,0.2682926829268293,0.2597402597402597,0.38095238095238093,0.24390243902439024,0.14285714285714285,0.40625
2024,"saucedo, tayler",633,117.6,0.5178712515358476,0.0,0.0967741935483871,0.043478260869565216,0.2,0.3548387096774194,0.30434782608695654,0.0,0.07142857142857142,0.3181818181818182,0.3333333333333333,0.25,0.5454545454545454,0.0625,0.38144329896907214
2024,"lópez, pablo",2986,117.3,0.5092753170188051,0.09302325581395349,0.07751937984496124,0.06875,0.3023255813953488,0.32170542635658916,0.30625,0.05343511450381679,0.06319702602230483,0.3282442748091603,0.3382899628252788,0.2653061224489796,0.33587786259541985,0.04081632653061224,0.39297658862876256
2024,"imanaga, shota",2594,117.3,0.5099231828940055,0.075,0.032520325203252036,0.03496503496503497,0.55,0.35365853658536583,0.35664335664335667,0.042735042735042736,0.048507462686567165,0.29914529914529914,0.30597014925373134,0.4666666666666667,0.39316239316239315,0.03333333333333333,0.32592592592592595
2024,"schwellenbach, spencer",1891,117.2,0.5081478238379453,0.058823529411764705,0.03636363636363636,0.030612244897959183,0.4117647058823529,0.28484848484848485,0.30612244897959184,0.08791208791208792,0.06598984771573604,0.46153846153846156,0.34517766497461927,0.2692307692307692,0.42857142857142855,0.07692307692307693,0.30952380952380953
2024,"hill, tim",993,117.1,0.5036711380096401,0.0,0.0673076923076923,0.07547169811320754,0.25,0.28846153846153844,0.3018867924528302,0.057692307692307696,0.0660377358490566,0.3076923076923077,0.330188679245283,0.6111111111111112,0.5384615384615384,0.0,0.29842931937172773
2024,"ryan, joe",2108,116.9,0.4988252294677377,0.0967741935483871,0.03804347826086957,0.0425531914893617,0.3225806451612903,0.30434782608695654,0.3191489361702128,0.0707070707070707,0.06,0.3939393939393939,0.34,0.38461538461538464,0.3434343434343434,0.07692307692307693,0.34441805225653205
2024,"gomber, austin",2622,116.8,0.49686786252558646,0.0,0.04642857142857143,0.044444444444444446,0.2708333333333333,0.34285714285714286,0.3388888888888889,0.044642857142857144,0.04814814814814815,0.42857142857142855,0.4074074074074074,0.4473684210526316,0.36607142857142855,0.02631578947368421,0.32978723404255317
2024,"harvey, hunter",911,116.6,0.4888561719890746,0.0,0.08450704225352113,0.061224489795918366,0.4166666666666667,0.4225352112676056,0.3673469387755102,0.038461538461538464,0.11627906976744186,0.15384615384615385,0.32558139534883723,0.3333333333333333,0.34615384615384615,0.1111111111111111,0.29591836734693877
2024,"hendricks, kyle",2135,116.4,0.4843856095803832,0.13333333333333333,0.05851063829787234,0.07751937984496124,0.3333333333333333,0.25,0.2868217054263566,0.0684931506849315,0.0625,0.2945205479452055,0.2857142857142857,0.42857142857142855,0.273972602739726,0.11904761904761904,0.4049586776859504
2024,"milner, hoby",1053,116.4,0.4846927123891958,0.0,0.06756756756756757,0.0784313725490196,0.2,0.3918918918918919,0.3137254901960784,0.046511627906976744,0.04,0.3023255813953488,0.38666666666666666,0.45454545454545453,0.37209302325581395,0.0,0.38372093023255816
2024,"yamamoto, yoshinobu",1474,115.8,0.46546629629958275,0.1,0.072,0.11267605633802817,0.25,0.36,0.323943661971831,0.05970149253731343,0.04878048780487805,0.31343283582089554,0.3333333333333333,0.391304347826087,0.3283582089552239,0.043478260869565216,0.33935018050541516
2024,"smith, cade",1166,115.6,0.4601412931362531,0.15384615384615385,0.0641025641025641,0.13043478260869565,0.23076923076923078,0.358974358974359,0.3695652173913043,0.037037037037037035,0.046153846153846156,0.37037037037037035,0.46153846153846156,0.3684210526315789,0.14814814814814814,0.05263157894736842,0.2815126050420168
2024,"eflin, zach",2447,115.6,0.460508946663825,0.02564102564102564,0.03409090909090909,0.03496503496503497,0.358974358974359,0.3068181818181818,0.2867132867132867,0.07746478873239436,0.051194539249146756,0.3873239436619718,0.3720136518771331,0.38461538461538464,0.4295774647887324,0.11538461538461539,0.3371824480369515
2024,"vest, will",1170,115.6,0.4608574521251305,0.0,0.08602150537634409,0.037037037037037035,0.0,0.3870967741935484,0.35185185185185186,0.0,0.08433734939759036,0.2631578947368421,0.3493975903614458,0.4444444444444444,0.5,0.16666666666666666,0.3261802575107296
2024,"burnes, corbin",2997,115.6,0.46136467162428296,0.05555555555555555,0.054901960784313725,0.06578947368421052,0.4166666666666667,0.3333333333333333,0.40131578947368424,0.06666666666666667,0.06070287539936102,0.36666666666666664,0.3194888178913738,0.30612244897959184,0.31333333333333335,0.02040816326530612,0.36960985626283366
2024,"ruiz, josé",839,115.6,0.4608342530350793,0.1111111111111111,0.07575757575757576,0.05555555555555555,0.2222222222222222,0.3181818181818182,0.3333333333333333,0.058823529411764705,0.06,0.29411764705882354,0.3,0.5294117647058824,0.29411764705882354,0.058823529411764705,0.3875
2024,"thompson, ryan",985,115.5,0.4565954385953654,0.0,0.05263157894736842,0.0196078431372549,0.5,0.3157894736842105,0.39215686274509803,0.03225806451612903,0.0759493670886076,0.3548387096774194,0.20253164556962025,0.46153846153846156,0.5161290322580645,0.07692307692307693,0.3431952662721893
2024,"gilbert, logan",3043,115.4,0.4558779397311505,0.08108108108108109,0.05016722408026756,0.04516129032258064,0.35135135135135137,0.31438127090301005,0.3032258064516129,0.09401709401709402,0.05821917808219178,0.3333333333333333,0.3732876712328767,0.4,0.358974358974359,0.0,0.38492063492063494
2024,"clase, emmanuel",988,115.3,0.452195737473875,0.0,0.04225352112676056,0.075,0.5,0.352112676056338,0.35,0.07317073170731707,0.0379746835443038,0.3902439024390244,0.3924050632911392,0.5454545454545454,0.2682926829268293,0.0,0.2985781990521327
2024,"littell, zack",2488,115.2,0.4474589858225448,0.08888888888888889,0.0778688524590164,0.060240963855421686,0.4444444444444444,0.3360655737704918,0.3313253012048193,0.03636363636363636,0.06349206349206349,0.32727272727272727,0.3055555555555556,0.29411764705882354,0.41818181818181815,0.08823529411764706,0.33201581027667987
2024,"neris, héctor",1013,115.1,0.44489755619646515,0.0,0.1232876712328767,0.06382978723404255,0.07692307692307693,0.3013698630136986,0.23404255319148937,0.11764705882352941,0.1774193548387097,0.35294117647058826,0.3548387096774194,0.2857142857142857,0.29411764705882354,0.07142857142857142,0.3411214953271028
2024,"taillon, jameson",2483,115.1,0.4462710147468519,0.027777777777777776,0.05166051660516605,0.04964539007092199,0.3888888888888889,0.34686346863468637,0.4397163120567376,0.058823529411764705,0.05090909090909091,0.3431372549019608,0.31272727272727274,0.4117647058823529,0.4019607843137255,0.029411764705882353,0.3355855855855856
2024,"armstrong, shawn",1111,115.0,0.44349401606981737,0.058823529411764705,0.05747126436781609,0.04285714285714286,0.23529411764705882,0.2413793103448276,0.2714285714285714,0.12195121951219512,0.08695652173913043,0.36585365853658536,0.2898550724637681,0.48148148148148145,0.43902439024390244,0.07407407407407407,0.3648068669527897
2024,"morgan, eli",649,115.0,0.44178402062569766,0.3333333333333333,0.046511627906976744,0.09090909090909091,0.0,0.32558139534883723,0.3181818181818182,0.05714285714285714,0.04477611940298507,0.5142857142857142,0.3880597014925373,0.2857142857142857,0.2571428571428571,0.0,0.35507246376811596
2024,"freeland, kyle",1769,114.9,0.43906533071723436,0.07692307692307693,0.05825242718446602,0.049586776859504134,0.3333333333333333,0.33980582524271846,0.2892561983471074,0.05128205128205128,0.0748663101604278,0.34615384615384615,0.3582887700534759,0.36,0.41025641025641024,0.08,0.33994334277620397
2024,"rodriguez, grayson",1879,114.8,0.4362384074496474,0.041666666666666664,0.08284023668639054,0.010526315789473684,0.2916666666666667,0.34911242603550297,0.30526315789473685,0.06060606060606061,0.09659090909090909,0.3333333333333333,0.3465909090909091,0.35,0.45454545454545453,0.05,0.35119047619047616
2024,"green, chad",850,114.8,0.43759318372090833,0.0,0.029411764705882353,0.0,0.4166666666666667,0.45588235294117646,0.4375,0.14285714285714285,0.08064516129032258,0.21428571428571427,0.3064516129032258,0.23076923076923078,0.2857142857142857,0.15384615384615385,0.3544973544973545
2024,"kelly, zack",969,114.6,0.43205883164771036,0.0,0.05660377358490566,0.0,0.2,0.3018867924528302,0.24390243902439024,0.09375,0.10714285714285714,0.34375,0.39285714285714285,0.20833333333333334,0.25,0.2916666666666667,0.4107142857142857
2024,"cole, gerrit",1541,114.5,0.42922931395163616,0.05555555555555555,0.0916030534351145,0.1282051282051282,0.2777777777777778,0.2824427480916031,0.2948717948717949,0.04,0.0851063829787234,0.3,0.3333333333333333,0.2647058823529412,0.36,0.11764705882352941,0.3724832214765101
2024,"garrett, braxton",589,114.4,0.42494791701063367,0.0,0.05555555555555555,0.05405405405405406,0.25,0.3194444444444444,0.2972972972972973,0.045454545454545456,0.03333333333333333,0.3181818181818182,0.3,0.625,0.5454545454545454,0.0,0.41
2024,"hoffman, jeff",1004,114.3,0.42242469912169733,0.1111111111111111,0.0547945205479452,0.05128205128205128,0.4444444444444444,0.3698630136986301,0.4358974358974359,0.1,0.08196721311475409,0.26666666666666666,0.32786885245901637,0.3888888888888889,0.3333333333333333,0.0,0.2994350282485876
2024,"crawford, kutter",2823,114.1,0.4164111209715035,0.0784313725490196,0.06896551724137931,0.06015037593984962,0.4117647058823529,0.3448275862068966,0.37593984962406013,0.046153846153846156,0.07333333333333333,0.35384615384615387,0.3433333333333333,0.35714285714285715,0.34615384615384615,0.08928571428571429,0.2962962962962963
2024,"webb, logan",3209,114.1,0.41633516416633504,0.075,0.06395348837209303,0.057291666666666664,0.375,0.30523255813953487,0.34375,0.05970149253731343,0.0473186119873817,0.3358208955223881,0.2870662460567823,0.5416666666666666,0.417910447761194,0.0,0.3795620437956204
2024,"mlodzinski, carmen",871,114.1,0.41528932121937073,0.0,0.06779661016949153,0.08571428571428572,0.25,0.3050847457627119,0.22857142857142856,0.1,0.03278688524590164,0.4,0.36065573770491804,0.29411764705882354,0.3333333333333333,0.23529411764705882,0.3575757575757576
2024,"stripling, ross",1367,114.0,0.4124695177463314,0.05,0.05517241379310345,0.0425531914893617,0.3,0.36551724137931035,0.3404255319148936,0.0684931506849315,0.050314465408805034,0.273972602739726,0.3081761006289308,0.3157894736842105,0.410958904109589,0.10526315789473684,0.4260869565217391
2024,"bernardino, brennan",883,114.0,0.41264525072723846,0.125,0.14814814814814814,0.16216216216216217,0.125,0.3888888888888889,0.3783783783783784,0.038461538461538464,0.057692307692307696,0.34615384615384615,0.36538461538461536,0.2,0.2692307692307692,0.05,0.2848101265822785
2024,"leahy, kyle",695,113.8,0.4078378409326616,0.125,0.06944444444444445,0.06060606060606061,0.25,0.3194444444444444,0.2727272727272727,0.03571428571428571,0.08196721311475409,0.39285714285714285,0.36065573770491804,0.5454545454545454,0.32142857142857145,0.0,0.362962962962963
2024,"estes, joey",2031,113.8,0.4074187175481068,0.07692307692307693,0.055299539170506916,0.04310344827586207,0.3076923076923077,0.3317972350230415,0.35344827586206895,0.060240963855421686,0.0782608695652174,0.3373493975903614,0.32608695652173914,0.45714285714285713,0.46987951807228917,0.08571428571428572,0.294478527607362
2024,"kelly, kevin",1035,113.4,0.39631121951583176,0.0,0.08433734939759036,0.0392156862745098,0.5555555555555556,0.27710843373493976,0.2549019607843137,0.020833333333333332,0.04938271604938271,0.3541666666666667,0.345679012345679,0.75,0.3541666666666667,0.0,0.36363636363636365
2024,"king, mike",2902,113.3,0.39146963173659133,0.07407407407407407,0.10989010989010989,0.06201550387596899,0.2962962962962963,0.3956043956043956,0.3875968992248062,0.08074534161490683,0.08695652173913043,0.30434782608695654,0.30434782608695654,0.296875,0.2111801242236025,0.046875,0.3829787234042553
2024,"wilson, justin",822,113.2,0.3902187029225999,0.0,0.08196721311475409,0.08108108108108109,0.45454545454545453,0.4098360655737705,0.40540540540540543,0.058823529411764705,0.05263157894736842,0.3235294117647059,0.2982456140350877,0.35714285714285715,0.38235294117647056,0.0,0.3471502590673575
2024,"gonzales, marco",546,113.2,0.390082158762099,0.07692307692307693,0.03278688524590164,0.07317073170731707,0.23076923076923078,0.26229508196721313,0.2682926829268293,0.15384615384615385,0.12244897959183673,0.38461538461538464,0.2857142857142857,0.3333333333333333,0.5,0.0,0.38596491228070173
2024,"darvish, yu",1264,113.2,0.3907425444914723,0.11764705882352941,0.09523809523809523,0.1,0.47058823529411764,0.36507936507936506,0.31666666666666665,0.02127659574468085,0.056,0.19148936170212766,0.312,0.30434782608695654,0.3617021276595745,0.17391304347826086,0.32936507936507936
2024,"burke, brock",581,113.1,0.38646095805407704,0.0,0.1111111111111111,0.04,0.3333333333333333,0.26666666666666666,0.36,0.08333333333333333,0.10256410256410256,0.25,0.28205128205128205,0.5384615384615384,0.4166666666666667,0.15384615384615385,0.29411764705882354
2024,"barnes, jacob",1125,113.1,0.38802354034980385,0.0,0.06896551724137931,0.05263157894736842,0.23076923076923078,0.40229885057471265,0.3684210526315789,0.02631578947368421,0.08108108108108109,0.3157894736842105,0.3918918918918919,0.35294117647058826,0.3684210526315789,0.0,0.42105263157894735
2024,"wesneski, hayden",1077,112.9,0.38087104422080714,0.05555555555555555,0.08695652173913043,0.03773584905660377,0.3888888888888889,0.358695652173913,0.41509433962264153,0.0196078431372549,0.06363636363636363,0.27450980392156865,0.2909090909090909,0.5,0.27450980392156865,0.05,0.4176470588235294
2024,"helsley, ryan",947,112.8,0.3774195023825469,0.16666666666666666,0.08571428571428572,0.05263157894736842,0.16666666666666666,0.35714285714285715,0.39473684210526316,0.037037037037037035,0.05,0.4444444444444444,0.35,0.4,0.3333333333333333,0.05,0.31543624161073824
2024,"montero, keider",1540,112.7,0.37449692089093556,0.045454545454545456,0.0821917808219178,0.0673076923076923,0.36363636363636365,0.3082191780821918,0.27884615384615385,0.10144927536231885,0.08843537414965986,0.34782608695652173,0.3741496598639456,0.4375,0.34782608695652173,0.03125,0.3333333333333333
2024,"mcfarland, t. j.",857,112.6,0.37146822535066953,0.0,0.05357142857142857,0.025,0.375,0.3392857142857143,0.275,0.05714285714285714,0.07352941176470588,0.4,0.4117647058823529,0.6153846153846154,0.3142857142857143,0.0,0.37209302325581395
2024,"lópez, reynaldo",2117,112.5,0.36809075207943653,0.0967741935483871,0.10326086956521739,0.08181818181818182,0.2903225806451613,0.34782608695652173,0.35454545454545455,0.06944444444444445,0.0670391061452514,0.3055555555555556,0.36312849162011174,0.3023255813953488,0.3472222222222222,0.06976744186046512,0.3358395989974937
2024,"mize, casey",1790,112.2,0.3586575369347254,0.08,0.07291666666666667,0.0625,0.36,0.3229166666666667,0.30357142857142855,0.031746031746031744,0.07058823529411765,0.30158730158730157,0.3235294117647059,0.3448275862068966,0.49206349206349204,0.10344827586206896,0.3739130434782609
2024,"payamps, joel",916,112.1,0.3559017596447253,0.16666666666666666,0.1206896551724138,0.08571428571428572,0.3333333333333333,0.27586206896551724,0.2857142857142857,0.03125,0.08333333333333333,0.375,0.31666666666666665,0.2857142857142857,0.25,0.14285714285714285,0.36942675159235666
2024,"alexander, scott",596,111.9,0.34975204895886375,0.0,0.022222222222222223,0.0,0.18181818181818182,0.3333333333333333,0.34615384615384615,0.05,0.04878048780487805,0.6,0.5121951219512195,0.4,0.4,0.1,0.3
2024,"soriano, george",520,111.9,0.3496864646491086,0.0,0.0851063829787234,0.1,0.45454545454545453,0.3617021276595745,0.4,0.11764705882352941,0.06896551724137931,0.35294117647058826,0.20689655172413793,0.4666666666666667,0.23529411764705882,0.06666666666666667,0.34831460674157305
2024,"kerkering, orion",1087,111.8,0.34875556531924523,0.0,0.11864406779661017,0.05128205128205128,0.4,0.4067796610169492,0.358974358974359,0.027777777777777776,0.07246376811594203,0.3888888888888889,0.37681159420289856,0.08695652173913043,0.2222222222222222,0.13043478260869565,0.40512820512820513
2024,"banks, tanner",1181,111.8,0.3484471207768104,0.0,0.0410958904109589,0.038461538461538464,0.3333333333333333,0.3013698630136986,0.2692307692307692,0.1111111111111111,0.07228915662650602,0.4444444444444444,0.42168674698795183,0.22727272727272727,0.4444444444444444,0.09090909090909091,0.38164251207729466
2024,"rodríguez, eduardo",871,111.8,0.3482403778716564,0.0625,0.04878048780487805,0.020833333333333332,0.25,0.2804878048780488,0.3333333333333333,0.08695652173913043,0.14666666666666667,0.4782608695652174,0.36,0.21052631578947367,0.43478260869565216,0.10526315789473684,0.33116883116883117
2024,"wacha, michael",2605,111.5,0.33806023068504176,0.10256410256410256,0.07272727272727272,0.0625,0.48717948717948717,0.36818181818181817,0.3472222222222222,0.04580152671755725,0.05303030303030303,0.3282442748091603,0.3522727272727273,0.1276595744680851,0.3969465648854962,0.06382978723404255,0.41239316239316237
2024,"gray, sonny",2486,111.5,0.3393557069565019,0.10526315789473684,0.06837606837606838,0.0763888888888889,0.3157894736842105,0.36752136752136755,0.375,0.061855670103092786,0.05188679245283019,0.422680412371134,0.37735849056603776,0.2926829268292683,0.38144329896907214,0.04878048780487805,0.3157894736842105
2024,"kolek, stephen",799,111.4,0.335825035644553,0.0,0.11290322580645161,0.07894736842105263,0.5,0.3387096774193548,0.42105263157894735,0.05,0.058823529411764705,0.3,0.2647058823529412,0.5,0.375,0.14285714285714285,0.26143790849673204
2024,"minter, a. j.",526,111.4,0.3360967289151144,0.0,0.14285714285714285,0.125,0.0,0.2571428571428571,0.4375,0.10526315789473684,0.11428571428571428,0.2631578947368421,0.2857142857142857,0.4,0.42105263157894735,0.0,0.3888888888888889
2024,"irvin, cole",1772,111.4,0.33785501498071663,0.10869565217391304,0.05392156862745098,0.06722689075630252,0.3695652173913043,0.3284313725490196,0.3277310924369748,0.1411764705882353,0.09239130434782608,0.3411764705882353,0.32608695652173914,0.36363636363636365,0.3764705882352941,0.030303030303030304,0.3312883435582822
2024,"poche, colin",551,111.2,0.33183429637490935,0.0,0.041666666666666664,0.04,0.2857142857142857,0.3958333333333333,0.44,0.06666666666666667,0.047619047619047616,0.3333333333333333,0.47619047619047616,0.36363636363636365,0.26666666666666666,0.0,0.42391304347826086
2024,"chapman, aroldis",1130,111.1,0.3272909523070532,0.2222222222222222,0.07692307692307693,0.2,0.4444444444444444,0.25,0.44,0.14285714285714285,0.04,0.2857142857142857,0.22,0.24324324324324326,0.09523809523809523,0.21621621621621623,0.3145539906103286
2024,"chivilli, angel",514,111.1,0.3265694428689586,0.1,0.08888888888888889,0.03571428571428571,0.4,0.4444444444444444,0.25,0.0,0.11764705882352941,0.15384615384615385,0.5,0.4,0.3076923076923077,0.0,0.3924050632911392
2024,"scott, tanner",1179,111.1,0.32776031513684195,0.16666666666666666,0.03636363636363636,0.08823529411764706,0.6666666666666666,0.2545454545454545,0.3235294117647059,0.15217391304347827,0.12162162162162163,0.3695652173913043,0.3108108108108108,0.16129032258064516,0.1956521739130435,0.22580645161290322,0.2597402597402597
2024,"stratton, hunter",587,111.0,0.32461218886079746,0.16666666666666666,0.06976744186046512,0.10344827586206896,0.3333333333333333,0.4186046511627907,0.5172413793103449,0.10714285714285714,0.09259259259259259,0.2857142857142857,0.35185185185185186,0.2222222222222222,0.32142857142857145,0.0,0.2523364485981308
2024,"hader, josh",1168,111.0,0.32455511386511204,0.06666666666666667,0.09523809523809523,0.13157894736842105,0.4,0.3492063492063492,0.34210526315789475,0.09090909090909091,0.0847457627118644,0.2727272727272727,0.288135593220339,0.5,0.18181818181818182,0.038461538461538464,0.3684210526315789
2024,"alexander, tyler",1673,110.9,0.3214766663598093,0.15625,0.059880239520958084,0.09278350515463918,0.375,0.2874251497005988,0.36082474226804123,0.06896551724137931,0.07228915662650602,0.27586206896551724,0.3072289156626506,0.46153846153846156,0.41379310344827586,0.07692307692307693,0.33746130030959753
2024,"myers, tobias",2153,110.7,0.3144367800481868,0.1111111111111111,0.05365853658536585,0.04,0.4074074074074074,0.32682926829268294,0.304,0.11494252873563218,0.08173076923076923,0.3793103448275862,0.3557692307692308,0.3333333333333333,0.3563218390804598,0.07692307692307693,0.3530751708428246
2024,"suárez, ranger",2359,110.6,0.31218167628884347,0.13636363636363635,0.07881773399014778,0.04065040650406504,0.3181818181818182,0.3103448275862069,0.2764227642276423,0.047244094488188976,0.06926406926406926,0.4015748031496063,0.37662337662337664,0.4883720930232558,0.3543307086614173,0.0,0.40093240093240096
2024,"nelson, ryne",2413,110.5,0.31043590849276664,0.11764705882352941,0.06923076923076923,0.05442176870748299,0.4117647058823529,0.36538461538461536,0.35374149659863946,0.03571428571428571,0.0743801652892562,0.3333333333333333,0.34710743801652894,0.48484848484848486,0.40476190476190477,0.030303030303030304,0.32368896925858953
2024,"stanek, ryne",985,110.4,0.3063760005287492,0.07692307692307693,0.1016949152542373,0.03225806451612903,0.15384615384615385,0.3050847457627119,0.1935483870967742,0.0,0.15517241379310345,0.35,0.3620689655172414,0.43478260869565216,0.55,0.13043478260869565,0.3386243386243386
2024,"kelly, merrill",1143,110.4,0.30647598648497004,0.17391304347826086,0.06666666666666667,0.056338028169014086,0.30434782608695654,0.31666666666666665,0.23943661971830985,0.06,0.07272727272727272,0.36,0.38181818181818183,0.6,0.32,0.1,0.31627906976744186
2024,"morejón, adrián",1069,110.3,0.3046357431367994,0.0,0.014925373134328358,0.045454545454545456,0.5,0.40298507462686567,0.3181818181818182,0.06666666666666667,0.07692307692307693,0.4,0.41025641025641024,0.25,0.3111111111111111,0.1875,0.3409090909090909
2024,"detmers, reid",1559,110.3,0.30381238390760285,0.0,0.06976744186046512,0.07792207792207792,0.36,0.3178294573643411,0.35064935064935066,0.1,0.088,0.4,0.368,0.3,0.34,0.1,0.3468013468013468
2024,"tate, dillon",591,110.2,0.3018999238594938,0.0,0.06666666666666667,0.1,0.2,0.4666666666666667,0.43333333333333335,0.0,0.07017543859649122,0.35714285714285715,0.38596491228070173,0.26666666666666666,0.21428571428571427,0.13333333333333333,0.3958333333333333
2024,"vásquez, randy",1692,110.0,0.29646367384864647,0.038461538461538464,0.046511627906976744,0.06722689075630252,0.34615384615384615,0.4127906976744186,0.33613445378151263,0.11494252873563218,0.06060606060606061,0.3793103448275862,0.3878787878787879,0.3333333333333333,0.367816091954023,0.06060606060606061,0.3333333333333333
2024,"sánchez, cristopher",2798,110.0,0.2950609183617406,0.1,0.08679245283018867,0.07228915662650602,0.3,0.3320754716981132,0.35542168674698793,0.04878048780487805,0.061224489795918366,0.3475609756097561,0.35034013605442177,0.55,0.35365853658536583,0.05,0.3377609108159393
2024,"foley, jason",914,110.0,0.29487513697142786,0.0,0.0945945945945946,0.16666666666666666,0.2222222222222222,0.3108108108108108,0.30952380952380953,0.07407407407407407,0.046875,0.2962962962962963,0.34375,0.5,0.2962962962962963,0.1111111111111111,0.38271604938271603
2024,"mears, nick",1032,110.0,0.29547245468134176,0.18181818181818182,0.140625,0.10869565217391304,0.2727272727272727,0.28125,0.2608695652173913,0.03571428571428571,0.06451612903225806,0.35714285714285715,0.3709677419354839,0.25,0.35714285714285715,0.1,0.3645320197044335
2024,"francis, bowden",1561,109.8,0.28903513099184547,0.13636363636363635,0.06206896551724138,0.056338028169014086,0.22727272727272727,0.3448275862068966,0.352112676056338,0.06557377049180328,0.042682926829268296,0.39344262295081966,0.4024390243902439,0.42857142857142855,0.39344262295081966,0.07142857142857142,0.3400576368876081
2024,"kershaw, clayton",508,109.7,0.2849249130524281,0.3333333333333333,0.09615384615384616,0.16129032258064516,0.3333333333333333,0.17307692307692307,0.22580645161290322,0.047619047619047616,0.08163265306122448,0.42857142857142855,0.3469387755102041,0.3,0.42857142857142855,0.0,0.34
2024,"tonkin, michael",1424,109.7,0.28757737809102946,0.06666666666666667,0.09803921568627451,0.07936507936507936,0.2,0.29411764705882354,0.30158730158730157,0.14893617021276595,0.125,0.2553191489361702,0.3645833333333333,0.3939393939393939,0.2553191489361702,0.030303030303030304,0.4270833333333333
2024,"liberatore, matthew",1370,109.6,0.2830464307987562,0.07142857142857142,0.06086956521739131,0.03125,0.42857142857142855,0.3565217391304348,0.359375,0.07142857142857142,0.08771929824561403,0.32142857142857145,0.35964912280701755,0.4782608695652174,0.26785714285714285,0.13043478260869565,0.34172661870503596
2024,"lambert, peter",1044,109.5,0.28016701004964856,0.0,0.11764705882352941,0.0847457627118644,0.4166666666666667,0.38823529411764707,0.423728813559322,0.06521739130434782,0.07216494845360824,0.34782608695652173,0.30927835051546393,0.25,0.2608695652173913,0.041666666666666664,0.4074074074074074
2024,"weissert, greg",1045,109.5,0.2794282232938644,0.0,0.03614457831325301,0.023809523809523808,0.5,0.39759036144578314,0.40476190476190477,0.05128205128205128,0.05555555555555555,0.4358974358974359,0.4305555555555556,0.3333333333333333,0.3333333333333333,0.06666666666666667,0.35096153846153844
2024,"snell, blake",1774,109.5,0.27898543092972417,0.0,0.1111111111111111,0.08620689655172414,0.23076923076923078,0.31313131313131315,0.3448275862068966,0.07462686567164178,0.1037037037037037,0.3582089552238806,0.37037037037037035,0.20454545454545456,0.2537313432835821,0.1590909090909091,0.4117647058823529
2024,"suarez, robert",981,109.3,0.2736315384335853,0.0,0.04938271604938271,0.08571428571428572,0.3333333333333333,0.37037037037037035,0.3142857142857143,0.08,0.09333333333333334,0.48,0.4533333333333333,0.26666666666666666,0.36,0.0,0.35526315789473684
2024,"kopech, michael",1150,109.2,0.27273665127492525,0.0,0.10606060606060606,0.0625,0.25,0.2878787878787879,0.25,0.13793103448275862,0.14516129032258066,0.27586206896551724,0.3709677419354839,0.3055555555555556,0.3793103448275862,0.1111111111111111,0.3864734299516908
2024,"skenes, paul",2127,109.0,0.26460286148228246,0.0,0.08552631578947369,0.06578947368421052,0.125,0.3618421052631579,0.35526315789473684,0.11538461538461539,0.0755813953488372,0.4358974358974359,0.436046511627907,0.3783783783783784,0.21794871794871795,0.16216216216216217,0.32062780269058294
2024,"feltner, ryan",2580,108.9,0.26227981302015096,0.12903225806451613,0.10869565217391304,0.10869565217391304,0.16129032258064516,0.4043478260869565,0.3695652173913043,0.06870229007633588,0.06666666666666667,0.33587786259541985,0.36470588235294116,0.3620689655172414,0.2748091603053435,0.05172413793103448,0.3536036036036036
2024,"stone, gavin",2154,108.7,0.25547061765158424,0.0,0.05970149253731343,0.04918032786885246,0.4444444444444444,0.39800995024875624,0.4344262295081967,0.045871559633027525,0.08296943231441048,0.3394495412844037,0.37554585152838427,0.3783783783783784,0.30275229357798167,0.08108108108108109,0.3669250645994832
2024,"spence, mitch",2482,108.5,0.24964353633491473,0.05128205128205128,0.06477732793522267,0.05343511450381679,0.41025641025641024,0.340080971659919,0.3816793893129771,0.0673076923076923,0.07335907335907337,0.3269230769230769,0.3436293436293436,0.3409090909090909,0.4326923076923077,0.09090909090909091,0.38085539714867617
2024,"eovaldi, nathan",2623,108.5,0.25139221759232544,0.1111111111111111,0.0823045267489712,0.07092198581560284,0.3888888888888889,0.34156378600823045,0.3617021276595745,0.06956521739130435,0.06746031746031746,0.391304347826087,0.3531746031746032,0.375,0.3826086956521739,0.08333333333333333,0.3127413127413127
2024,"kikuchi, yusei",2926,108.5,0.25149081744093216,0.10869565217391304,0.06439393939393939,0.05806451612903226,0.34782608695652173,0.36742424242424243,0.3548387096774194,0.0392156862745098,0.04526748971193416,0.38235294117647056,0.3786008230452675,0.34146341463414637,0.4019607843137255,0.07317073170731707,0.38910505836575876
2024,"wheeler, zack",3136,108.4,0.2480080561714529,0.05,0.10300429184549356,0.11475409836065574,0.325,0.40772532188841204,0.36065573770491804,0.05263157894736842,0.05802047781569966,0.3157894736842105,0.3412969283276451,0.36666666666666664,0.375,0.03333333333333333,0.36890243902439024
2024,"webb, jacob",938,108.4,0.2467369130826844,0.1,0.11864406779661017,0.03333333333333333,0.4,0.3559322033898305,0.16666666666666666,0.03571428571428571,0.14925373134328357,0.32142857142857145,0.43283582089552236,0.55,0.21428571428571427,0.05,0.36065573770491804
2024,"valdez, framber",2605,108.3,0.24544916358511543,0.0,0.07547169811320754,0.07563025210084033,0.30434782608695654,0.3622641509433962,0.3025210084033613,0.10204081632653061,0.09961685823754789,0.3673469387755102,0.3563218390804598,0.41379310344827586,0.40816326530612246,0.05172413793103448,0.35924932975871315
2024,"sears, jp",2858,108.2,0.24341197068018813,0.05555555555555555,0.06810035842293907,0.07482993197278912,0.2962962962962963,0.36200716845878134,0.35374149659863946,0.06299212598425197,0.076158940397351,0.30708661417322836,0.34105960264900664,0.47540983606557374,0.4645669291338583,0.09836065573770492,0.33586337760910817
2024,"garcía, yimi",632,108.1,0.23763010721514402,0.09090909090909091,0.058823529411764705,0.13043478260869565,0.36363636363636365,0.2647058823529412,0.391304347826087,0.15789473684210525,0.1,0.3684210526315789,0.3,0.3,0.42105263157894735,0.0,0.3533834586466165
2024,"chirinos, yonny",516,107.9,0.23381245396989553,0.0,0.10204081632653061,0.14285714285714285,0.375,0.30612244897959184,0.32142857142857145,0.10344827586206896,0.15254237288135594,0.3448275862068966,0.3220338983050847,0.3125,0.3448275862068966,0.0,0.36363636363636365
2024,"erceg, lucas",955,107.6,0.22397316636887338,0.125,0.03636363636363636,0.06521739130434782,0.5,0.38181818181818183,0.34782608695652173,0.09302325581395349,0.06896551724137931,0.46511627906976744,0.4482758620689655,0.1111111111111111,0.18604651162790697,0.16666666666666666,0.33774834437086093
2024,"smith, will",681,107.5,0.22074025533147973,0.09090909090909091,0.12962962962962962,0.06976744186046512,0.2727272727272727,0.3333333333333333,0.27906976744186046,0.07692307692307693,0.08888888888888889,0.38461538461538464,0.37777777777777777,0.3076923076923077,0.34615384615384615,0.07692307692307693,0.37623762376237624
2024,"zerpa, angel",959,107.5,0.22243481769668197,0.14285714285714285,0.06329113924050633,0.11428571428571428,0.2857142857142857,0.3924050632911392,0.4,0.1111111111111111,0.05555555555555555,0.2962962962962963,0.3611111111111111,0.47058823529411764,0.18518518518518517,0.058823529411764705,0.36627906976744184
2024,"mcarthur, james",910,107.2,0.21199316494539455,0.16666666666666666,0.08641975308641975,0.06382978723404255,0.3333333333333333,0.38271604938271603,0.3617021276595745,0.0,0.046875,0.17391304347826086,0.40625,0.6428571428571429,0.5652173913043478,0.0,0.3253968253968254
2024,"flaherty, jack",2646,107.0,0.20677762462219446,0.03225806451612903,0.07960199004975124,0.1015625,0.45161290322580644,0.36318407960199006,0.3984375,0.07692307692307693,0.05188679245283019,0.46153846153846156,0.39622641509433965,0.3333333333333333,0.2692307692307692,0.02564102564102564,0.35180722891566263
2024,"long, sam",706,106.7,0.19749474702012298,0.0,0.046511627906976744,0.03571428571428571,0.25,0.32558139534883723,0.35714285714285715,0.16666666666666666,0.10869565217391304,0.5555555555555556,0.34782608695652173,0.35714285714285715,0.3888888888888889,0.14285714285714285,0.28225806451612906
2024,"parker, mitchell",2404,106.7,0.19872629799550087,0.08333333333333333,0.07539682539682539,0.072992700729927,0.4722222222222222,0.39285714285714285,0.43795620437956206,0.031578947368421054,0.05737704918032787,0.3473684210526316,0.3360655737704918,0.4090909090909091,0.37894736842105264,0.045454545454545456,0.35523613963039014
2024,"waldron, matt",2451,106.6,0.19493275057442433,0.03333333333333333,0.05045871559633028,0.0661764705882353,0.3333333333333333,0.3623853211009174,0.33088235294117646,0.12244897959183673,0.08016877637130802,0.40816326530612246,0.38396624472573837,0.3673469387755102,0.3979591836734694,0.04081632653061224,0.3793103448275862
2024,"curry, xzavion",642,106.4,0.19026724292020966,0.08333333333333333,0.041666666666666664,0.046511627906976744,0.16666666666666666,0.375,0.4883720930232558,0.0,0.04411764705882353,0.4444444444444444,0.35294117647058826,0.6666666666666666,0.4074074074074074,0.0,0.39166666666666666
2024,"floro, dylan",1020,106.4,0.18860196588907494,0.0,0.04395604395604396,0.09090909090909091,0.4,0.37362637362637363,0.43636363636363634,0.0625,0.047619047619047616,0.375,0.36904761904761907,0.4117647058823529,0.4375,0.11764705882352941,0.32592592592592595
2024,"scherzer, max",670,106.4,0.18926371485780025,0.1,0.10714285714285714,0.13157894736842105,0.3,0.375,0.5789473684210527,0.05555555555555555,0.04838709677419355,0.3888888888888889,0.24193548387096775,0.3,0.5277777777777778,0.0,0.2900763358778626
2024,"fried, max",2766,106.4,0.1888794056805203,0.21739130434782608,0.09859154929577464,0.10606060606060606,0.30434782608695654,0.3474178403755869,0.32575757575757575,0.07586206896551724,0.0842911877394636,0.35172413793103446,0.3563218390804598,0.23809523809523808,0.3448275862068966,0.047619047619047616,0.3784355179704017
2024,"winckowski, josh",1252,106.4,0.1891587208592838,0.0,0.09322033898305085,0.09090909090909091,0.3076923076923077,0.3813559322033898,0.5,0.05,0.08771929824561403,0.36666666666666664,0.3157894736842105,0.2222222222222222,0.4666666666666667,0.07407407407407407,0.35585585585585583
2024,"thompson, keegan",538,106.4,0.18826311789449948,0.125,0.15151515151515152,0.17647058823529413,0.125,0.3333333333333333,0.23529411764705882,0.14285714285714285,0.15789473684210525,0.2857142857142857,0.3157894736842105,0.5,0.07142857142857142,0.0,0.39805825242718446
2024,"paddack, chris",1462,106.1,0.17880197659989258,0.11538461538461539,0.07096774193548387,0.09574468085106383,0.2692307692307692,0.3096774193548387,0.32978723404255317,0.08064516129032258,0.034482758620689655,0.532258064516129,0.38620689655172413,0.42857142857142855,0.4032258064516129,0.047619047619047616,0.34099616858237547
2024,"kochanowicz, jack",863,106.1,0.18039130720769414,0.0,0.07563025210084033,0.14754098360655737,0.46153846153846156,0.36134453781512604,0.39344262295081966,0.058823529411764705,0.025210084033613446,0.35294117647058826,0.3949579831932773,0.29411764705882354,0.49019607843137253,0.11764705882352941,0.2994011976047904
2024,"woods richardson, simeon",2298,105.9,0.17407037201190284,0.16666666666666666,0.065,0.0990990990990991,0.43333333333333335,0.325,0.3153153153153153,0.09,0.07981220657276995,0.32,0.29577464788732394,0.40425531914893614,0.38,0.0851063829787234,0.38381742738589214
2024,"castillo, luis",2867,105.9,0.17357615517485595,0.07142857142857142,0.048327137546468404,0.058823529411764705,0.3333333333333333,0.35687732342007433,0.43137254901960786,0.1308411214953271,0.08943089430894309,0.38317757009345793,0.3008130081300813,0.4583333333333333,0.308411214953271,0.08333333333333333,0.3644214162348877
2024,"estrada, jeremiah",1008,105.9,0.17440877884333048,0.0,0.12903225806451613,0.16129032258064516,0.2857142857142857,0.4032258064516129,0.3548387096774194,0.0,0.037037037037037035,0.2727272727272727,0.3888888888888889,0.4,0.4090909090909091,0.1,0.36538461538461536
2024,"santana, dennis",1109,105.8,0.17184344681633176,0.125,0.06578947368421052,0.10416666666666667,0.375,0.40789473684210525,0.375,0.14285714285714285,0.0875,0.40476190476190477,0.375,0.30434782608695654,0.2857142857142857,0.08695652173913043,0.2631578947368421
2024,"heaney, andrew",2739,105.8,0.16995581490241746,0.08333333333333333,0.06177606177606178,0.08333333333333333,0.3888888888888889,0.3204633204633205,0.3611111111111111,0.11214953271028037,0.06374501992031872,0.48598130841121495,0.3665338645418327,0.42857142857142855,0.34579439252336447,0.02040816326530612,0.34980988593155893
2024,"okert, steven",629,105.8,0.1715495028750699,0.0,0.06060606060606061,0.08333333333333333,0.5,0.48484848484848486,0.375,0.037037037037037035,0.045454545454545456,0.4444444444444444,0.4090909090909091,0.2857142857142857,0.3333333333333333,0.14285714285714285,0.29523809523809524
2024,"robertson, david",1228,105.7,0.16929241851974225,0.0,0.1044776119402985,0.1951219512195122,0.5,0.31343283582089554,0.36585365853658536,0.09375,0.0625,0.34375,0.328125,0.4074074074074074,0.1875,0.037037037037037035,0.39805825242718446
2024,"adam, jason",1121,105.6,0.1652610456522146,0.0,0.029411764705882353,0.09523809523809523,0.5,0.39705882352941174,0.42857142857142855,0.10526315789473684,0.057971014492753624,0.34210526315789475,0.36231884057971014,0.22727272727272727,0.2631578947368421,0.13636363636363635,0.42441860465116277
2024,"anderson, justin",949,105.6,0.16588286805602298,0.0,0.13559322033898305,0.1388888888888889,0.3,0.2542372881355932,0.3333333333333333,0.17142857142857143,0.15254237288135594,0.2571428571428571,0.288135593220339,0.2727272727272727,0.3142857142857143,0.09090909090909091,0.4
2024,"moll, sam",632,105.3,0.15623137563868886,0.16666666666666666,0.09523809523809523,0.1111111111111111,0.3333333333333333,0.30952380952380953,0.3888888888888889,0.07142857142857142,0.046511627906976744,0.42857142857142855,0.3488372093023256,0.5,0.21428571428571427,0.16666666666666666,0.29357798165137616
2024,"alvarado, josé",1057,105.1,0.15010422981291377,0.0,0.056338028169014086,0.06521739130434782,0.2727272727272727,0.4225352112676056,0.45652173913043476,0.06896551724137931,0.08695652173913043,0.3448275862068966,0.391304347826087,0.2962962962962963,0.3103448275862069,0.1111111111111111,0.41208791208791207
2024,"holmes, grant",1029,105.0,0.14691033589200359,0.25,0.054945054945054944,0.09090909090909091,0.4166666666666667,0.4175824175824176,0.36363636363636365,0.047619047619047616,0.061855670103092786,0.30952380952380953,0.35051546391752575,0.7142857142857143,0.21428571428571427,0.0,0.3352272727272727
2024,"holmes, clay",1087,105.0,0.14675717695536683,0.0,0.06060606060606061,0.07317073170731707,0.16666666666666666,0.4696969696969697,0.5121951219512195,0.13513513513513514,0.057971014492753624,0.35135135135135137,0.37681159420289856,0.4166666666666667,0.2702702702702703,0.08333333333333333,0.34782608695652173
2024,"sandlin, nick",1010,104.9,0.1438341835935558,0.2,0.1044776119402985,0.125,0.4666666666666667,0.34328358208955223,0.325,0.05,0.08163265306122448,0.35,0.2857142857142857,0.32142857142857145,0.35,0.07142857142857142,0.3696969696969697
2024,"bibee, tanner",2853,104.7,0.1395688922733275,0.06060606060606061,0.11739130434782609,0.1111111111111111,0.18181818181818182,0.39565217391304347,0.34074074074074073,0.07142857142857142,0.08196721311475409,0.35714285714285715,0.36885245901639346,0.34,0.35714285714285715,0.08,0.38200339558573854
2024,"romero, jojo",921,104.7,0.13822440307036807,0.0625,0.047619047619047616,0.0625,0.5,0.38095238095238093,0.3333333333333333,0.10344827586206896,0.10714285714285714,0.27586206896551724,0.3392857142857143,0.23529411764705882,0.41379310344827586,0.058823529411764705,0.4603174603174603
2024,"hudson, daniel",1000,104.7,0.14006589388135912,0.05263157894736842,0.0625,0.06382978723404255,0.42105263157894735,0.3875,0.3404255319148936,0.08,0.08064516129032258,0.4,0.3870967741935484,0.29411764705882354,0.28,0.17647058823529413,0.37209302325581395
2024,"fernandez, ryan",1213,104.7,0.1396632486757084,0.0,0.07352941176470588,0.06818181818181818,0.2,0.5,0.4090909090909091,0.08823529411764706,0.09876543209876543,0.29411764705882354,0.41975308641975306,0.2692307692307692,0.3235294117647059,0.15384615384615385,0.3476190476190476
2024,"rea, colin",2656,104.4,0.13096611632215843,0.06818181818181818,0.06920415224913495,0.08917197452229299,0.4090909090909091,0.3460207612456747,0.3503184713375796,0.06422018348623854,0.07037037037037037,0.3669724770642202,0.3333333333333333,0.425531914893617,0.4036697247706422,0.10638297872340426,0.3831578947368421
2024,"matsui, yuki",1066,104.4,0.1302305476278045,0.0,0.1,0.06818181818181818,0.45454545454545453,0.4,0.4090909090909091,0.06896551724137931,0.08955223880597014,0.41379310344827586,0.373134328358209,0.2222222222222222,0.3103448275862069,0.05555555555555555,0.4
2024,"houck, tanner",2740,104.4,0.13032859305463668,0.10714285714285714,0.1079136690647482,0.11515151515151516,0.2857142857142857,0.34172661870503596,0.3212121212121212,0.058333333333333334,0.0931899641577061,0.36666666666666664,0.35842293906810035,0.5666666666666667,0.35,0.016666666666666666,0.3484848484848485
2024,"santillan, tony",505,104.4,0.1304249359554055,0.0,0.034482758620689655,0.0,0.75,0.3793103448275862,0.5,0.1,0.1,0.5,0.4,0.0,0.5,0.0,0.3486238532110092
2024,"muller, kyle",739,104.3,0.1258374976666525,0.1,0.06493506493506493,0.06818181818181818,0.3,0.4155844155844156,0.5,0.037037037037037035,0.0641025641025641,0.4444444444444444,0.3717948717948718,0.625,0.37037037037037035,0.0,0.27611940298507465
2024,"hoeing, bryan",785,104.3,0.12605383759530797,0.1,0.11842105263157894,0.15217391304347827,0.4,0.42105263157894735,0.3695652173913043,0.0,0.031746031746031744,0.36,0.4444444444444444,0.23076923076923078,0.48,0.0,0.3360655737704918
2024,"tinoco, jesús",648,104.2,0.12293479715393651,0.14285714285714285,0.044444444444444446,0.08,0.42857142857142855,0.3333333333333333,0.28,0.041666666666666664,0.02040816326530612,0.5,0.40816326530612246,0.18181818181818182,0.4166666666666667,0.36363636363636365,0.29365079365079366
2024,"miller, bryce",2753,104.1,0.12211716775776603,0.11363636363636363,0.06741573033707865,0.08695652173913043,0.4090909090909091,0.38202247191011235,0.41304347826086957,0.05555555555555555,0.07307692307692308,0.4111111111111111,0.36923076923076925,0.4186046511627907,0.34444444444444444,0.046511627906976744,0.3415559772296015
2024,"lugo, seth",3116,104.0,0.11745950921261683,0.10869565217391304,0.08333333333333333,0.11377245508982035,0.391304347826087,0.3782051282051282,0.40718562874251496,0.06578947368421052,0.07507507507507508,0.39473684210526316,0.36936936936936937,0.3584905660377358,0.32894736842105265,0.018867924528301886,0.3622350674373796
2024,"martinez, seth",843,104.0,0.11938587299403143,0.0,0.06756756756756757,0.0975609756097561,0.2727272727272727,0.4594594594594595,0.4634146341463415,0.05714285714285714,0.07352941176470588,0.3142857142857143,0.35294117647058826,0.3333333333333333,0.42857142857142855,0.05555555555555555,0.3969465648854962
2024,"fedde, erick",2895,103.9,0.1149267669890119,0.027777777777777776,0.09266409266409266,0.09210526315789473,0.3333333333333333,0.3552123552123552,0.32894736842105265,0.06504065040650407,0.06415094339622641,0.36585365853658536,0.3433962264150943,0.4230769230769231,0.3821138211382114,0.07692307692307693,0.44031311154598823
2024,"howard, spencer",537,103.8,0.11232648306652755,0.0,0.09523809523809523,0.09090909090909091,0.1111111111111111,0.2857142857142857,0.18181818181818182,0.15384615384615385,0.11627906976744186,0.38461538461538464,0.3023255813953488,0.4166666666666667,0.6153846153846154,0.16666666666666666,0.36792452830188677
2024,"chavez, jesse",1049,103.7,0.10878861073361527,0.0,0.02531645569620253,0.0784313725490196,0.36363636363636365,0.43037974683544306,0.47058823529411764,0.12244897959183673,0.07894736842105263,0.4489795918367347,0.40789473684210525,0.42105263157894735,0.3469387755102041,0.0,0.3314285714285714
2024,"knack, landon",1149,103.7,0.10803933644910717,0.1,0.0660377358490566,0.05263157894736842,0.35,0.37735849056603776,0.3508771929824561,0.08823529411764706,0.046296296296296294,0.4117647058823529,0.3611111111111111,0.38095238095238093,0.4117647058823529,0.14285714285714285,0.36666666666666664
2024,"phillips, evan",921,103.7,0.10796706581721581,0.0,0.08888888888888889,0.1111111111111111,0.25,0.3111111111111111,0.5277777777777778,0.0625,0.05357142857142857,0.53125,0.48214285714285715,0.2,0.28125,0.13333333333333333,0.31901840490797545
2024,"brebbia, john",995,103.6,0.10573103238033563,0.08333333333333333,0.0967741935483871,0.1,0.3333333333333333,0.27419354838709675,0.28,0.14814814814814814,0.10909090909090909,0.4074074074074074,0.38181818181818183,0.3333333333333333,0.4444444444444444,0.09523809523809523,0.3177570093457944
2024,"jiménez, joe",1093,103.6,0.105559156843277,0.16666666666666666,0.09090909090909091,0.06666666666666667,0.6666666666666666,0.3333333333333333,0.3,0.09375,0.1095890410958904,0.4375,0.3835616438356164,0.24,0.25,0.12,0.30434782608695654
2024,"pérez, martín",2208,103.5,0.10309403523512675,0.11764705882352941,0.08,0.0916030534351145,0.38235294117647056,0.3377777777777778,0.366412213740458,0.09433962264150944,0.06787330316742081,0.330188679245283,0.38009049773755654,0.32,0.4811320754716981,0.08,0.3542234332425068
2024,"durán, jhoan",890,103.4,0.09990065450929057,0.0,0.08771929824561403,0.125,0.0,0.42105263157894735,0.28125,0.10714285714285714,0.08771929824561403,0.42857142857142855,0.5087719298245614,0.5,0.21428571428571427,0.05555555555555555,0.37583892617449666
2024,"matz, steven",758,103.3,0.09741649449988254,0.0,0.017857142857142856,0.07692307692307693,0.4,0.4107142857142857,0.46153846153846156,0.10256410256410256,0.07142857142857142,0.28205128205128205,0.32857142857142857,0.4666666666666667,0.3333333333333333,0.13333333333333333,0.4177215189873418
2024,"carrasco, carlos",1693,103.3,0.09632420654915662,0.038461538461538464,0.08074534161490683,0.061224489795918366,0.23076923076923078,0.33540372670807456,0.37755102040816324,0.09210526315789473,0.12422360248447205,0.42105263157894735,0.38509316770186336,0.35135135135135137,0.39473684210526316,0.05405405405405406,0.3987138263665595
2024,"miller, shelby",853,103.2,0.09543578202260894,0.1111111111111111,0.0684931506849315,0.05405405405405406,0.2222222222222222,0.3150684931506849,0.24324324324324326,0.08,0.1076923076923077,0.4,0.4153846153846154,0.5,0.64,0.0,0.35668789808917195
2024,"herz, dj",1587,103.1,0.09052391356456264,0.05263157894736842,0.10714285714285714,0.078125,0.5263157894736842,0.38392857142857145,0.34375,0.08163265306122448,0.13178294573643412,0.2653061224489796,0.4263565891472868,0.2894736842105263,0.30612244897959184,0.02631578947368421,0.38762214983713356
2024,"slaten, justin",812,103.0,0.08992969885944946,0.0,0.0410958904109589,0.022222222222222223,0.5,0.3835616438356164,0.37777777777777777,0.05555555555555555,0.07142857142857142,0.5,0.4,0.36363636363636365,0.3055555555555556,0.18181818181818182,0.375
2024,"leiter, mark",1019,102.9,0.08594888074417842,0.0,0.08064516129032258,0.044444444444444446,0.45454545454545453,0.4032258064516129,0.4,0.14814814814814814,0.14035087719298245,0.25925925925925924,0.3508771929824561,0.38095238095238093,0.25925925925925924,0.047619047619047616,0.4166666666666667
2024,"anderson, nick",578,102.9,0.08554829391774839,0.2857142857142857,0.10416666666666667,0.10344827586206896,0.2857142857142857,0.3333333333333333,0.3448275862068966,0.10526315789473684,0.06666666666666667,0.3684210526315789,0.28888888888888886,0.2857142857142857,0.3684210526315789,0.07142857142857142,0.3953488372093023
2024,"garcía, luis",904,102.4,0.07057985688777978,0.09090909090909091,0.06578947368421052,0.10526315789473684,0.36363636363636365,0.32894736842105265,0.34210526315789475,0.0967741935483871,0.05,0.4838709677419355,0.45,0.35714285714285715,0.3225806451612903,0.07142857142857142,0.36774193548387096
2024,"matthews, zebby",717,102.4,0.07211886886208597,0.0625,0.045454545454545456,0.021739130434782608,0.375,0.4090909090909091,0.391304347826087,0.047619047619047616,0.05172413793103448,0.5714285714285714,0.5,0.5833333333333334,0.09523809523809523,0.08333333333333333,0.36486486486486486
2024,"de los santos, enyel",1138,102.3,0.06787748697631998,0.05263157894736842,0.08860759493670886,0.10204081632653061,0.5263157894736842,0.3037974683544304,0.3673469387755102,0.10810810810810811,0.13043478260869565,0.2972972972972973,0.30434782608695654,0.38461538461538464,0.4864864864864865,0.0,0.3855932203389831
2024,"brown, hunter",2890,102.3,0.0672908643507048,0.05,0.0825242718446602,0.06870229007633588,0.4,0.4029126213592233,0.33587786259541985,0.14705882352941177,0.11510791366906475,0.375,0.420863309352518,0.3,0.21323529411764705,0.08333333333333333,0.3785310734463277
2024,"lively, ben",2409,102.2,0.06353874348487283,0.06666666666666667,0.08906882591093117,0.08620689655172414,0.36666666666666664,0.3724696356275304,0.35344827586206895,0.08641975308641975,0.07547169811320754,0.30864197530864196,0.3433962264150943,0.4,0.43209876543209874,0.08,0.41216216216216217
2024,"pop, zach",760,102.2,0.0640093561489118,0.0,0.04918032786885246,0.058823529411764705,0.4,0.39344262295081966,0.47058823529411764,0.03571428571428571,0.08196721311475409,0.39285714285714285,0.39344262295081966,0.35714285714285715,0.2857142857142857,0.21428571428571427,0.3769230769230769
2024,"gray, jon",1635,102.2,0.0654604167477484,0.07692307692307693,0.06701030927835051,0.08653846153846154,0.4230769230769231,0.39690721649484534,0.3173076923076923,0.07246376811594203,0.06493506493506493,0.37681159420289856,0.35064935064935066,0.7083333333333334,0.463768115942029,0.0,0.3225806451612903
2024,"bivens, spencer",770,102.1,0.061345212475612185,0.0,0.08450704225352113,0.06060606060606061,0.5454545454545454,0.39436619718309857,0.42424242424242425,0.06451612903225806,0.05405405405405406,0.41935483870967744,0.43243243243243246,0.3,0.45161290322580644,0.1,0.3082706766917293
2024,"suter, brent",1022,102.1,0.06230957897657204,0.14285714285714285,0.06172839506172839,0.078125,0.42857142857142855,0.3950617283950617,0.359375,0.03773584905660377,0.056818181818181816,0.32075471698113206,0.3977272727272727,0.5333333333333333,0.33962264150943394,0.0,0.4393939393939394
2024,"festa, david",1099,102.1,0.06295513425528368,0.06666666666666667,0.1,0.1320754716981132,0.5333333333333333,0.34444444444444444,0.41509433962264153,0.05714285714285714,0.058823529411764705,0.37142857142857144,0.3058823529411765,0.3181818181818182,0.37142857142857144,0.09090909090909091,0.38349514563106796
2024,"banda, anthony",797,101.9,0.056306958849716926,0.375,0.0967741935483871,0.16129032258064516,0.5,0.3548387096774194,0.2903225806451613,0.041666666666666664,0.0,0.375,0.34545454545454546,0.5,0.375,0.07142857142857142,0.2765957446808511
2024,"schreiber, john",899,101.8,0.054557325603322666,0.0,0.12280701754385964,0.18518518518518517,0.0,0.49122807017543857,0.5185185185185185,0.08,0.08333333333333333,0.28,0.38333333333333336,0.38095238095238093,0.28,0.047619047619047616,0.3496932515337423
2024,"severino, luis",2892,101.8,0.05311260428557742,0.13333333333333333,0.0967741935483871,0.11688311688311688,0.3333333333333333,0.3911290322580645,0.38311688311688313,0.08,0.07291666666666667,0.36,0.3506944444444444,0.2857142857142857,0.4,0.1,0.35467980295566504
2024,"varland, louis",905,101.7,0.05018365827173551,0.0,0.08695652173913043,0.08771929824561403,0.38461538461538464,0.40217391304347827,0.43859649122807015,0.125,0.09333333333333334,0.3125,0.38666666666666666,0.3684210526315789,0.3125,0.10526315789473684,0.3516483516483517
2024,"mantiply, joe",897,101.6,0.04591650817188823,0.0,0.03076923076923077,0.029411764705882353,0.5,0.36923076923076925,0.35294117647058826,0.1111111111111111,0.046153846153846156,0.48148148148148145,0.36923076923076925,0.8,0.37037037037037035,0.0,0.3670886075949367
2024,"puk, a. j.",1181,101.5,0.044361704745955376,0.0,0.1016949152542373,0.12195121951219512,0.5,0.3559322033898305,0.3170731707317073,0.17391304347826086,0.16883116883116883,0.2391304347826087,0.37662337662337664,0.2857142857142857,0.2391304347826087,0.14285714285714285,0.33488372093023255
2024,"musgrove, joe",1582,101.5,0.0437693488299195,0.18518518518518517,0.08391608391608392,0.08139534883720931,0.4074074074074074,0.3916083916083916,0.4069767441860465,0.14285714285714285,0.06428571428571428,0.3469387755102041,0.2642857142857143,0.36666666666666664,0.30612244897959184,0.03333333333333333,0.4269230769230769
2024,"keller, mitch",2852,101.3,0.039261942017972555,0.11428571428571428,0.07142857142857142,0.0625,0.34285714285714286,0.32857142857142857,0.3625,0.10077519379844961,0.09187279151943463,0.43410852713178294,0.3957597173144876,0.41935483870967744,0.4108527131782946,0.08064516129032258,0.34807692307692306
2024,"strahm, matt",987,101.2,0.03681773670855921,0.0,0.06779661016949153,0.07142857142857142,0.375,0.4067796610169492,0.39285714285714285,0.08695652173913043,0.08196721311475409,0.6086956521739131,0.4098360655737705,0.375,0.21739130434782608,0.125,0.32217573221757323
2024,"peguero, elvis",839,101.2,0.03411556177639035,0.2,0.109375,0.08823529411764706,0.4,0.421875,0.38235294117647056,0.08695652173913043,0.10526315789473684,0.391304347826087,0.38596491228070173,0.2608695652173913,0.391304347826087,0.0,0.3082706766917293
2024,"chafin, andrew",979,101.0,0.028306534788089945,0.125,0.08620689655172414,0.06666666666666667,0.5,0.3448275862068966,0.4,0.15789473684210525,0.0196078431372549,0.2631578947368421,0.27450980392156865,0.46153846153846156,0.47368421052631576,0.07692307692307693,0.410958904109589
2024,"bradley, taj",2296,100.9,0.026660256463890246,0.05555555555555555,0.06542056074766354,0.06862745098039216,0.2777777777777778,0.3364485981308411,0.3235294117647059,0.14285714285714285,0.1044776119402985,0.44285714285714284,0.39303482587064675,0.3404255319148936,0.4,0.0851063829787234,0.4004282655246253
2024,"jackson, luke",921,100.9,0.027335030177207034,0.07692307692307693,0.06060606060606061,0.02564102564102564,0.15384615384615385,0.2878787878787879,0.28205128205128205,0.25925925925925924,0.20689655172413793,0.5185185185185185,0.27586206896551724,0.2916666666666667,0.3333333333333333,0.08333333333333333,0.4117647058823529
2024,"miller, tyson",934,100.9,0.025988137110819785,0.15384615384615385,0.13432835820895522,0.0975609756097561,0.5384615384615384,0.34328358208955223,0.4146341463414634,0.05714285714285714,0.0975609756097561,0.34285714285714286,0.34146341463414637,0.1875,0.42857142857142855,0.0625,0.3489583333333333
2024,"blanco, ronel",2753,100.8,0.022688446104181945,0.075,0.08292682926829269,0.08943089430894309,0.375,0.375609756097561,0.34146341463414637,0.07920792079207921,0.1,0.45544554455445546,0.4083333333333333,0.2463768115942029,0.3069306930693069,0.17391304347826086,0.35177865612648224
2024,"pressly, ryan",969,100.7,0.021017757842365887,0.2222222222222222,0.09722222222222222,0.10638297872340426,0.5555555555555556,0.375,0.3829787234042553,0.10344827586206896,0.1111111111111111,0.41379310344827586,0.3492063492063492,0.25,0.2413793103448276,0.05,0.32085561497326204
2024,"wilson, bryse",1643,100.6,0.016924283516254354,0.034482758620689655,0.07692307692307693,0.09090909090909091,0.41379310344827586,0.34911242603550297,0.41414141414141414,0.029850746268656716,0.06,0.3582089552238806,0.34,0.35294117647058826,0.5223880597014925,0.20588235294117646,0.3654485049833887
2024,"olson, reese",1855,100.5,0.015212332835358056,0.05555555555555555,0.07262569832402235,0.0625,0.5,0.3463687150837989,0.3541666666666667,0.11267605633802817,0.07692307692307693,0.4084507042253521,0.39644970414201186,0.32432432432432434,0.38028169014084506,0.10810810810810811,0.3864406779661017
2024,"gausman, kevin",2959,100.4,0.012608906981427961,0.0,0.07719298245614035,0.06832298136645963,0.49019607843137253,0.4070175438596491,0.40372670807453415,0.04310344827586207,0.10112359550561797,0.3706896551724138,0.3595505617977528,0.34545454545454546,0.43103448275862066,0.10909090909090909,0.38593481989708406
2024,"maeda, kenta",1960,100.2,0.005038314825934357,0.07407407407407407,0.07100591715976332,0.03669724770642202,0.48148148148148145,0.41420118343195267,0.43119266055045874,0.060240963855421686,0.06779661016949153,0.42168674698795183,0.4011299435028249,0.3333333333333333,0.37349397590361444,0.05555555555555555,0.40634005763688763
2024,"lópez, jorge",806,100.1,0.001997084280725705,0.0,0.07017543859649122,0.06896551724137931,0.5,0.38596491228070173,0.3448275862068966,0.13333333333333333,0.11764705882352941,0.4666666666666667,0.4264705882352941,0.3333333333333333,0.3,0.05555555555555555,0.3559322033898305
2024,"pearson, nate",1059,100.1,0.002647335934618522,0.058823529411764705,0.054945054945054944,0.07142857142857142,0.23529411764705882,0.3956043956043956,0.4107142857142857,0.1,0.1,0.36666666666666664,0.3142857142857143,0.47619047619047616,0.4,0.14285714285714285,0.39285714285714285
2024,"irvin, jake",3050,99.9,-0.0035264640489352816,0.1,0.07308970099667775,0.08609271523178808,0.36,0.3554817275747508,0.3708609271523179,0.06923076923076923,0.0738255033557047,0.4153846153846154,0.3859060402684564,0.42592592592592593,0.4230769230769231,0.09259259259259259,0.37564322469982847
2024,"mccaughan, darren",714,99.7,-0.009802067262129078,0.08333333333333333,0.1282051282051282,0.11904761904761904,0.4166666666666667,0.32051282051282054,0.40476190476190477,0.14705882352941177,0.07894736842105263,0.35294117647058826,0.2894736842105263,0.38095238095238093,0.29411764705882354,0.09523809523809523,0.3888888888888889
2024,"alcalá, jorge",935,99.5,-0.015778766124557045,0.3,0.11940298507462686,0.09375,0.3,0.31343283582089554,0.34375,0.0967741935483871,0.13043478260869565,0.3548387096774194,0.4057971014492754,0.2727272727272727,0.22580645161290322,0.09090909090909091,0.3742690058479532
2024,"springs, jeffrey",565,99.4,-0.01903387916645546,0.1111111111111111,0.0625,0.16,0.4444444444444444,0.3958333333333333,0.4,0.18181818181818182,0.046511627906976744,0.3181818181818182,0.37209302325581395,0.25,0.22727272727272727,0.08333333333333333,0.41836734693877553
2024,"law, derek",1371,99.4,-0.018153427778329068,0.1,0.09734513274336283,0.12162162162162163,0.4,0.415929203539823,0.4189189189189189,0.05555555555555555,0.05405405405405406,0.2962962962962963,0.3783783783783784,0.5,0.3148148148148148,0.1,0.36486486486486486
2024,"ortiz, luis",2158,99.3,-0.021687711582399977,0.1,0.09137055837563451,0.09345794392523364,0.4,0.37055837563451777,0.3364485981308411,0.12790697674418605,0.08968609865470852,0.4186046511627907,0.40358744394618834,0.40425531914893614,0.3488372093023256,0.0851063829787234,0.32608695652173914
2024,"walker, ryan",1225,99.2,-0.023714679211273865,0.3333333333333333,0.12698412698412698,0.09302325581395349,0.3333333333333333,0.3968253968253968,0.3488372093023256,0.05714285714285714,0.0945945945945946,0.37142857142857144,0.40540540540540543,0.16,0.2857142857142857,0.08,0.37383177570093457
2024,"díaz, edwin",914,99.2,-0.025055672875048892,0.0,0.03225806451612903,0.08695652173913043,0.6666666666666666,0.3548387096774194,0.391304347826087,0.125,0.13953488372093023,0.4166666666666667,0.3488372093023256,0.13043478260869565,0.375,0.17391304347826086,0.3712574850299401
2024,"marsh, alec",2164,99.1,-0.025785756679638918,0.14285714285714285,0.07960199004975124,0.0782608695652174,0.4,0.3781094527363184,0.43478260869565216,0.05952380952380952,0.08333333333333333,0.4166666666666667,0.36666666666666664,0.3125,0.44047619047619047,0.08333333333333333,0.3602941176470588
2024,"abbott, andrew",2334,98.7,-0.0374475824579953,0.05405405405405406,0.0962566844919786,0.10185185185185185,0.40540540540540543,0.40106951871657753,0.3888888888888889,0.06862745098039216,0.0782608695652174,0.4019607843137255,0.40869565217391307,0.33962264150943394,0.29411764705882354,0.16981132075471697,0.3533487297921478
2024,"chargois, j. t.",530,98.7,-0.039232789997696624,0.25,0.12195121951219512,0.14285714285714285,0.5,0.2926829268292683,0.32142857142857145,0.07692307692307693,0.05128205128205128,0.46153846153846156,0.41025641025641024,0.3076923076923077,0.46153846153846156,0.0,0.3146067415730337
2024,"cabrera, génesis",1047,98.6,-0.04140951304812779,0.0,0.08536585365853659,0.06818181818181818,0.4166666666666667,0.3902439024390244,0.4772727272727273,0.07692307692307693,0.1388888888888889,0.34615384615384615,0.375,0.4230769230769231,0.38461538461538464,0.038461538461538464,0.37640449438202245
2024,"cronin, declan",1109,98.6,-0.04132770018206038,0.125,0.07608695652173914,0.08888888888888889,0.375,0.41304347826086957,0.4444444444444444,0.1,0.08045977011494253,0.325,0.39080459770114945,0.34615384615384615,0.425,0.11538461538461539,0.32571428571428573
2024,"wrobleski, justin",593,98.6,-0.039963599916907996,0.07692307692307693,0.10909090909090909,0.08333333333333333,0.46153846153846156,0.36363636363636365,0.3611111111111111,0.09090909090909091,0.10909090909090909,0.36363636363636365,0.38181818181818183,0.47058823529411764,0.5,0.0,0.32673267326732675
2024,"spiers, carson",1554,98.5,-0.04461078413905305,0.06666666666666667,0.08,0.07216494845360824,0.36666666666666664,0.36666666666666664,0.41237113402061853,0.05555555555555555,0.0875,0.4305555555555556,0.36875,0.4666666666666667,0.4444444444444444,0.13333333333333333,0.33807829181494664
2024,"brown, ben",849,98.5,-0.04568014138780317,0.0,0.08641975308641975,0.125,0.5,0.35802469135802467,0.375,0.09090909090909091,0.1076923076923077,0.2727272727272727,0.35384615384615387,0.5789473684210527,0.45454545454545453,0.0,0.38636363636363635
2024,"jones, jared",1916,98.4,-0.048505367996219566,0.1935483870967742,0.11170212765957446,0.13541666666666666,0.3870967741935484,0.3829787234042553,0.4270833333333333,0.05714285714285714,0.06857142857142857,0.32857142857142857,0.3657142857142857,0.36585365853658536,0.38571428571428573,0.07317073170731707,0.34349030470914127
2024,"faedo, alex",1007,98.2,-0.052520356870630024,0.2,0.136986301369863,0.08888888888888889,0.2,0.2328767123287671,0.28888888888888886,0.17857142857142858,0.18421052631578946,0.42857142857142855,0.34210526315789475,0.1,0.32142857142857145,0.13333333333333333,0.41420118343195267
2024,"bird, jake",688,98.0,-0.06032712603721811,0.09090909090909091,0.14285714285714285,0.20588235294117646,0.36363636363636365,0.32142857142857145,0.2647058823529412,0.14285714285714285,0.125,0.35714285714285715,0.35714285714285715,0.375,0.25,0.125,0.3211009174311927
2024,"rodríguez, randy",879,97.9,-0.06235673618213573,0.14285714285714285,0.09836065573770492,0.08823529411764706,0.42857142857142855,0.4262295081967213,0.38235294117647056,0.11428571428571428,0.07352941176470588,0.4,0.45588235294117646,0.3684210526315789,0.2857142857142857,0.05263157894736842,0.32450331125827814
2024,"vieira, thyago",742,97.7,-0.06661312055529153,0.0,0.1875,0.06666666666666667,0.0,0.3541666666666667,0.2,0.125,0.22,0.4166666666666667,0.4,0.6,0.20833333333333334,0.16,0.32558139534883723
2024,"rodón, carlos",3102,97.7,-0.06722307733143569,0.06,0.09727626459143969,0.12244897959183673,0.42,0.42412451361867703,0.3945578231292517,0.0898876404494382,0.0859375,0.449438202247191,0.44140625,0.3076923076923077,0.30337078651685395,0.03076923076923077,0.35581787521079256
2024,"holderman, colin",870,97.5,-0.07388856231658793,0.15384615384615385,0.09615384615384616,0.10526315789473684,0.3076923076923077,0.4807692307692308,0.34210526315789475,0.18181818181818182,0.10909090909090909,0.30303030303030304,0.4,0.2857142857142857,0.24242424242424243,0.07142857142857142,0.36879432624113473
2024,"mayza, tim",740,97.3,-0.08040834390539432,0.0,0.06557377049180328,0.07894736842105263,0.16666666666666666,0.47540983606557374,0.4473684210526316,0.06451612903225806,0.10909090909090909,0.45161290322580644,0.4727272727272727,0.38461538461538464,0.3225806451612903,0.07692307692307693,0.3826086956521739
2024,"berríos, josé",2920,97.2,-0.08163299714569199,0.14285714285714285,0.09375,0.10919540229885058,0.2857142857142857,0.3333333333333333,0.3793103448275862,0.08264462809917356,0.1076388888888889,0.33884297520661155,0.3506944444444444,0.5076923076923077,0.4297520661157025,0.07692307692307693,0.383399209486166
2024,"greene, hunter",2563,97.2,-0.08159182507593556,0.0,0.14772727272727273,0.10638297872340426,0.47058823529411764,0.3522727272727273,0.3723404255319149,0.10679611650485436,0.13004484304932734,0.4368932038834951,0.4080717488789238,0.2328767123287671,0.3106796116504854,0.1095890410958904,0.33643122676579923
2024,"williams, trevor",1064,97.1,-0.0862167995532934,0.0,0.07368421052631578,0.10256410256410256,0.5454545454545454,0.4105263157894737,0.41025641025641024,0.05128205128205128,0.08571428571428572,0.5128205128205128,0.4,0.17647058823529413,0.46153846153846156,0.11764705882352941,0.350253807106599
2024,"bassitt, chris",2976,97.1,-0.08527920200686741,0.08571428571428572,0.12704918032786885,0.1419753086419753,0.4,0.4057377049180328,0.41975308641975306,0.09701492537313433,0.0916030534351145,0.3805970149253731,0.3282442748091603,0.2682926829268293,0.3656716417910448,0.08536585365853659,0.3595505617977528
2024,"yarbrough, ryan",1527,97.0,-0.08813111620733315,0.17647058823529413,0.06956521739130435,0.1044776119402985,0.47058823529411764,0.3739130434782609,0.417910447761194,0.1375,0.10810810810810811,0.35,0.34459459459459457,0.2894736842105263,0.25,0.13157894736842105,0.3837638376383764
2024,"contreras, roansy",1103,97.0,-0.08819571458773989,0.125,0.1188118811881188,0.05660377358490566,0.4375,0.31683168316831684,0.4716981132075472,0.05714285714285714,0.1414141414141414,0.45714285714285713,0.32323232323232326,0.44,0.45714285714285713,0.04,0.31443298969072164
2024,"peralta, freddy",3070,96.5,-0.10408258635485891,0.08571428571428572,0.09047619047619047,0.08823529411764706,0.2857142857142857,0.38095238095238093,0.41911764705882354,0.12598425196850394,0.13304721030042918,0.3779527559055118,0.36909871244635195,0.26666666666666666,0.25984251968503935,0.09333333333333334,0.45724907063197023
2024,"rogers, taylor",1082,96.5,-0.10345397351467767,0.0,0.11864406779661017,0.1111111111111111,0.375,0.3728813559322034,0.3333333333333333,0.13513513513513514,0.13636363636363635,0.35135135135135137,0.4393939393939394,0.3333333333333333,0.35135135135135137,0.09523809523809523,0.35789473684210527
2024,"booser, cam",699,96.4,-0.1062797869933343,0.125,0.0784313725490196,0.08823529411764706,0.25,0.35294117647058826,0.4411764705882353,0.09523809523809523,0.10869565217391304,0.3333333333333333,0.3695652173913043,0.5,0.38095238095238093,0.16666666666666666,0.35074626865671643
2024,"nardi, andrew",910,96.4,-0.10704795450259381,0.0,0.13513513513513514,0.13333333333333333,0.5714285714285714,0.43243243243243246,0.5666666666666667,0.0,0.041666666666666664,0.4,0.4166666666666667,0.35294117647058826,0.4,0.058823529411764705,0.29850746268656714
2024,"leclerc, josé",1207,96.3,-0.11014187991034283,0.08333333333333333,0.11864406779661017,0.10256410256410256,0.3333333333333333,0.3898305084745763,0.48717948717948717,0.08571428571428572,0.08955223880597014,0.4857142857142857,0.417910447761194,0.375,0.17142857142857143,0.09375,0.3520408163265306
2024,"miller, mason",1037,96.3,-0.10862213272651977,0.2,0.14893617021276595,0.13793103448275862,0.6,0.3617021276595745,0.3448275862068966,0.03125,0.07692307692307693,0.40625,0.4230769230769231,0.3684210526315789,0.3125,0.0,0.3434343434343434
2024,"ragans, cole",3119,96.3,-0.10883569403295824,0.14285714285714285,0.1,0.08633093525179857,0.42857142857142855,0.4318181818181818,0.4244604316546763,0.06086956521739131,0.09561752988047809,0.4260869565217391,0.41832669322709165,0.27941176470588236,0.30434782608695654,0.10294117647058823,0.3503521126760563
2024,"bello, brayan",2713,96.3,-0.10879131841585873,0.12121212121212122,0.10612244897959183,0.08843537414965986,0.42424242424242425,0.3836734693877551,0.3197278911564626,0.13333333333333333,0.12698412698412698,0.32592592592592595,0.38095238095238093,0.4166666666666667,0.362962962962963,0.05555555555555555,0.37748344370860926
2024,"quintana, jose",2826,96.2,-0.11224375355299569,0.12121212121212122,0.10887096774193548,0.1,0.3333333333333333,0.34274193548387094,0.37333333333333335,0.12307692307692308,0.08365019011406843,0.4076923076923077,0.34220532319391633,0.4166666666666667,0.2923076923076923,0.06944444444444445,0.4511627906976744
2024,"martinez, justin",1201,96.1,-0.11501295452921707,0.25,0.11940298507462686,0.07142857142857142,0.25,0.34328358208955223,0.30952380952380953,0.1276595744680851,0.13953488372093023,0.3191489361702128,0.38372093023255816,0.3103448275862069,0.2765957446808511,0.10344827586206896,0.4426229508196721
2024,"leiter, jack",669,96.0,-0.11863587803667326,0.09090909090909091,0.125,0.1,0.2727272727272727,0.3472222222222222,0.375,0.0,0.11666666666666667,0.391304347826087,0.4166666666666667,0.5555555555555556,0.43478260869565216,0.05555555555555555,0.3805309734513274
2024,"montgomery, jordan",1941,96.0,-0.11665294238115329,0.08333333333333333,0.11214953271028037,0.11023622047244094,0.4583333333333333,0.37850467289719625,0.41732283464566927,0.049019607843137254,0.07920792079207921,0.4117647058823529,0.3712871287128713,0.38461538461538464,0.4215686274509804,0.05128205128205128,0.3854166666666667
2024,"bednar, david",1031,96.0,-0.11682211930268727,0.07692307692307693,0.08450704225352113,0.13157894736842105,0.3076923076923077,0.352112676056338,0.3684210526315789,0.125,0.10526315789473684,0.5,0.3684210526315789,0.2962962962962963,0.40625,0.14814814814814814,0.33004926108374383
2024,"kuhl, chad",984,95.9,-0.1200642505156327,0.0,0.136986301369863,0.11904761904761904,0.375,0.3835616438356164,0.35714285714285715,0.09375,0.12,0.40625,0.4266666666666667,0.32142857142857145,0.15625,0.14285714285714285,0.41379310344827586
2024,"pepiot, ryan",2150,95.8,-0.12469630801744833,0.03333333333333333,0.0898876404494382,0.11224489795918367,0.36666666666666664,0.33707865168539325,0.32653061224489793,0.13846153846153847,0.12886597938144329,0.4307692307692308,0.34536082474226804,0.43137254901960786,0.3230769230769231,0.11764705882352941,0.40369393139841686
2024,"thielbar, caleb",895,95.8,-0.1230781041670991,0.36363636363636365,0.11764705882352941,0.05405405405405406,0.2727272727272727,0.43137254901960786,0.3783783783783784,0.07407407407407407,0.07407407407407407,0.5185185185185185,0.42592592592592593,0.3333333333333333,0.18518518518518517,0.09523809523809523,0.3314917127071823
2024,"smyly, drew",1029,95.7,-0.12616646870622406,0.1,0.09722222222222222,0.04878048780487805,0.4,0.4027777777777778,0.4146341463414634,0.14705882352941177,0.125,0.4411764705882353,0.4125,0.22727272727272727,0.29411764705882354,0.09090909090909091,0.3769633507853403
2024,"hancock, emerson",1015,95.7,-0.12600724675735872,0.05555555555555555,0.050505050505050504,0.10144927536231885,0.3333333333333333,0.31313131313131315,0.4057971014492754,0.16666666666666666,0.09615384615384616,0.37037037037037035,0.3269230769230769,0.4166666666666667,0.46296296296296297,0.20833333333333334,0.36597938144329895
2024,"allen, logan",1665,95.6,-0.13072594035700744,0.09375,0.11046511627906977,0.09782608695652174,0.1875,0.3488372093023256,0.2717391304347826,0.13636363636363635,0.13043478260869565,0.3787878787878788,0.4161490683229814,0.4772727272727273,0.4696969696969697,0.045454545454545456,0.38434163701067614
2024,"winn, keaton",877,95.6,-0.12846296261537044,0.15384615384615385,0.11224489795918367,0.10638297872340426,0.46153846153846156,0.336734693877551,0.3404255319148936,0.041666666666666664,0.0821917808219178,0.375,0.3835616438356164,0.4782608695652174,0.5,0.13043478260869565,0.31843575418994413
2024,"roycroft, chris",596,95.5,-0.13260211557017668,0.0,0.10256410256410256,0.10526315789473684,0.5,0.3333333333333333,0.21052631578947367,0.16,0.10638297872340426,0.36,0.3829787234042553,0.2222222222222222,0.32,0.3333333333333333,0.3944954128440367
2024,"harris, hogan",1213,95.4,-0.137068359358352,0.15384615384615385,0.16831683168316833,0.16129032258064516,0.15384615384615385,0.36633663366336633,0.27419354838709675,0.08333333333333333,0.11926605504587157,0.375,0.3761467889908257,0.3142857142857143,0.4166666666666667,0.08571428571428572,0.38028169014084506
2024,"megill, tylor",1367,95.4,-0.13690659158535876,0.047619047619047616,0.125,0.1111111111111111,0.42857142857142855,0.375,0.4126984126984127,0.08,0.12149532710280374,0.46,0.411214953271028,0.2647058823529412,0.32,0.08823529411764706,0.3584905660377358
2024,"avila, pedro",1427,95.4,-0.1351250196461094,0.0,0.10833333333333334,0.07792207792207792,0.45454545454545453,0.39166666666666666,0.35064935064935066,0.09803921568627451,0.11224489795918367,0.35294117647058826,0.3979591836734694,0.36363636363636365,0.45098039215686275,0.06060606060606061,0.4220532319391635
2024,"cleavinger, garrett",1057,95.3,-0.13905653174720506,0.25,0.10344827586206896,0.09302325581395349,0.5833333333333334,0.4482758620689655,0.37209302325581395,0.24324324324324326,0.18032786885245902,0.21621621621621623,0.26229508196721313,0.2222222222222222,0.21621621621621623,0.1111111111111111,0.31443298969072164
2024,"phillips, tyler",578,95.2,-0.1429791950516265,0.0,0.03076923076923077,0.09302325581395349,0.5,0.35384615384615387,0.5348837209302325,0.08823529411764706,0.046153846153846156,0.38235294117647056,0.3230769230769231,0.6666666666666666,0.47058823529411764,0.1111111111111111,0.3684210526315789
2024,"corbin, patrick",2889,95.1,-0.14450871978177293,0.1590909090909091,0.09779179810725552,0.1377551020408163,0.36363636363636365,0.3785488958990536,0.39285714285714285,0.06504065040650407,0.05303030303030303,0.36585365853658536,0.36363636363636365,0.45454545454545453,0.4715447154471545,0.03636363636363636,0.4015748031496063
2024,"suárez, albert",2242,95.0,-0.148975317667511,0.07407407407407407,0.09090909090909091,0.03773584905660377,0.4074074074074074,0.3939393939393939,0.41509433962264153,0.052083333333333336,0.10762331838565023,0.4583333333333333,0.38565022421524664,0.4523809523809524,0.3541666666666667,0.07142857142857142,0.4279176201372998
2024,"civale, aaron",2700,94.9,-0.1490676387036956,0.14705882352941177,0.07346938775510205,0.1223021582733813,0.5,0.363265306122449,0.43884892086330934,0.1111111111111111,0.06827309236947791,0.3838383838383838,0.3413654618473896,0.2909090909090909,0.36363636363636365,0.10909090909090909,0.41163793103448276
2024,"cortés, néstor",2851,94.7,-0.15739068594610786,0.07894736842105263,0.07011070110701106,0.0763888888888889,0.47368421052631576,0.41697416974169743,0.5069444444444444,0.05785123966942149,0.05947955390334572,0.4380165289256198,0.3940520446096654,0.41025641025641024,0.4297520661157025,0.05128205128205128,0.38235294117647056
2024,"williams, gavin",1368,94.5,-0.1622507741579695,0.0,0.10526315789473684,0.1,0.42857142857142855,0.3609022556390977,0.42857142857142855,0.14634146341463414,0.12844036697247707,0.36585365853658536,0.3761467889908257,0.375,0.3170731707317073,0.125,0.3741258741258741
2024,"ferguson, caleb",948,94.5,-0.16126165447691757,0.2857142857142857,0.09615384615384616,0.11363636363636363,0.5714285714285714,0.34615384615384615,0.4090909090909091,0.14285714285714285,0.16071428571428573,0.2,0.26785714285714285,0.2692307692307692,0.34285714285714286,0.07692307692307693,0.40350877192982454
2024,"moore, matt",859,94.5,-0.16091685137922868,0.0,0.16071428571428573,0.1,0.3333333333333333,0.375,0.3333333333333333,0.03225806451612903,0.06451612903225806,0.41935483870967744,0.4032258064516129,0.4166666666666667,0.4838709677419355,0.16666666666666666,0.375
2024,"burr, ryan",570,94.3,-0.16735995747580304,0.0,0.045454545454545456,0.043478260869565216,0.42857142857142855,0.29545454545454547,0.43478260869565216,0.3333333333333333,0.12121212121212122,0.6666666666666666,0.45454545454545453,0.4,0.25,0.0,0.28448275862068967
2024,"singer, brady",2969,94.3,-0.16933847435066549,0.075,0.0948905109489051,0.09411764705882353,0.35,0.4343065693430657,0.4117647058823529,0.1015625,0.10227272727272728,0.4296875,0.42045454545454547,0.45161290322580644,0.359375,0.03225806451612903,0.35853131749460043
2024,"domínguez, seranthony",1064,94.2,-0.1719063835033432,0.0,0.03333333333333333,0.05555555555555555,0.5294117647058824,0.38333333333333336,0.4722222222222222,0.13793103448275862,0.14285714285714285,0.3448275862068966,0.4126984126984127,0.3333333333333333,0.3448275862068966,0.09523809523809523,0.4320388349514563
2024,"koenig, jared",1033,94.0,-0.1781208821952232,0.16666666666666666,0.09722222222222222,0.1794871794871795,0.4166666666666667,0.4305555555555556,0.28205128205128205,0.047619047619047616,0.06172839506172839,0.35714285714285715,0.41975308641975306,0.38095238095238093,0.3333333333333333,0.14285714285714285,0.3826530612244898
2024,"cousins, jake",649,94.0,-0.1759834749633348,0.0,0.2222222222222222,0.1111111111111111,0.6,0.4074074074074074,0.4444444444444444,0.15,0.1724137931034483,0.35,0.27586206896551724,0.3,0.25,0.0,0.32673267326732675
2024,"bido, osvaldo",1057,93.9,-0.18123274607412723,0.0,0.06060606060606061,0.02857142857142857,0.6,0.48484848484848486,0.4857142857142857,0.10869565217391304,0.10891089108910891,0.3695652173913043,0.44554455445544555,0.27586206896551724,0.2608695652173913,0.10344827586206896,0.4174757281553398
2024,"blackburn, paul",1212,93.7,-0.1845202717852914,0.0,0.09090909090909091,0.07352941176470588,0.631578947368421,0.4090909090909091,0.4411764705882353,0.07017543859649122,0.07751937984496124,0.42105263157894735,0.43410852713178294,0.36363636363636365,0.3157894736842105,0.045454545454545456,0.4354066985645933
2024,"swanson, erik",667,93.7,-0.18636518587374998,0.0,0.09090909090909091,0.03333333333333333,0.5384615384615384,0.41818181818181815,0.36666666666666664,0.1,0.125,0.4,0.375,0.4666666666666667,0.5,0.13333333333333333,0.32857142857142857
2024,"gallen, zac",2507,93.6,-0.18860418665890774,0.06896551724137931,0.0752212389380531,0.09022556390977443,0.2413793103448276,0.40707964601769914,0.39849624060150374,0.07142857142857142,0.07526881720430108,0.4880952380952381,0.4731182795698925,0.3508771929824561,0.42857142857142855,0.08771929824561403,0.4097560975609756
2024,"sandoval, patrick",1455,93.6,-0.1881795329669144,0.09090909090909091,0.09615384615384616,0.10810810810810811,0.2727272727272727,0.4807692307692308,0.47297297297297297,0.1095890410958904,0.1092436974789916,0.3698630136986301,0.3697478991596639,0.47058823529411764,0.3835616438356164,0.029411764705882353,0.3438735177865613
2024,"buehler, walker",1336,93.5,-0.19234566012489362,0.058823529411764705,0.07575757575757576,0.09859154929577464,0.47058823529411764,0.42424242424242425,0.39436619718309857,0.08333333333333333,0.06153846153846154,0.43333333333333335,0.3923076923076923,0.46875,0.36666666666666664,0.15625,0.3598326359832636
2024,"weathers, ryan",1417,93.4,-0.19338439761584145,0.10526315789473684,0.12030075187969924,0.11267605633802817,0.42105263157894735,0.42857142857142855,0.4084507042253521,0.07017543859649122,0.07801418439716312,0.38596491228070173,0.41134751773049644,0.3870967741935484,0.2631578947368421,0.0967741935483871,0.40350877192982454
2024,"grove, michael",827,93.3,-0.19737427227669474,0.15384615384615385,0.11666666666666667,0.10256410256410256,0.3076923076923077,0.48333333333333334,0.41025641025641024,0.0967741935483871,0.09375,0.41935483870967744,0.453125,0.25,0.3870967741935484,0.05,0.3357664233576642
2024,"weems, jordan",734,93.3,-0.19692553261217136,0.18181818181818182,0.13432835820895522,0.15384615384615385,0.45454545454545453,0.3283582089552239,0.3333333333333333,0.15384615384615385,0.10344827586206896,0.38461538461538464,0.3103448275862069,0.391304347826087,0.23076923076923078,0.17391304347826086,0.348993288590604
2024,"flexen, chris",2799,93.3,-0.19797565971341588,0.125,0.08494208494208494,0.09027777777777778,0.5,0.43243243243243246,0.4027777777777778,0.056910569105691054,0.06810035842293907,0.3983739837398374,0.4265232974910394,0.39344262295081966,0.4065040650406504,0.08196721311475409,0.38004246284501064
2024,"morton, charlie",2796,93.1,-0.20297312979390383,0.07692307692307693,0.12612612612612611,0.10144927536231885,0.38461538461538464,0.3963963963963964,0.4057971014492754,0.14953271028037382,0.14912280701754385,0.38317757009345793,0.38596491228070173,0.3625,0.2897196261682243,0.075,0.35070140280561124
2024,"baz, shane",1207,93.1,-0.20308556001139724,0.125,0.1092436974789916,0.08928571428571429,0.3125,0.35294117647058826,0.42857142857142855,0.15789473684210525,0.12396694214876033,0.5,0.35537190082644626,0.43333333333333335,0.34210526315789475,0.03333333333333333,0.3516949152542373
2024,"peterson, david",1875,93.1,-0.20225699610130748,0.11538461538461539,0.10471204188481675,0.10377358490566038,0.46153846153846156,0.35602094240837695,0.3867924528301887,0.16455696202531644,0.1111111111111111,0.43037974683544306,0.31666666666666665,0.3076923076923077,0.4177215189873418,0.038461538461538464,0.40460526315789475
2024,"schmidt, clarke",1456,93.0,-0.20561038513613106,0.09090909090909091,0.14285714285714285,0.08064516129032258,0.45454545454545453,0.34285714285714286,0.45161290322580644,0.10638297872340426,0.15178571428571427,0.3829787234042553,0.30357142857142855,0.24324324324324326,0.46808510638297873,0.02702702702702703,0.4199134199134199
2024,"paxton, james",1708,93.0,-0.20530591350594368,0.08,0.12650602409638553,0.10752688172043011,0.2,0.3795180722891566,0.3118279569892473,0.13559322033898305,0.12962962962962962,0.3728813559322034,0.4506172839506173,0.40425531914893614,0.423728813559322,0.0851063829787234,0.367601246105919
2024,"manaea, sean",2997,92.8,-0.21178653381745946,0.0,0.08936170212765958,0.10526315789473684,0.34375,0.39148936170212767,0.38345864661654133,0.12844036697247707,0.09090909090909091,0.46788990825688076,0.4318181818181818,0.34285714285714286,0.3669724770642202,0.15714285714285714,0.3764705882352941
2024,"anderson, tyler",2921,92.7,-0.21584225403443677,0.11904761904761904,0.08064516129032258,0.14285714285714285,0.4523809523809524,0.3709677419354839,0.46258503401360546,0.1267605633802817,0.09210526315789473,0.4295774647887324,0.375,0.30666666666666664,0.34507042253521125,0.12,0.3463114754098361
2024,"little, brendon",705,92.6,-0.21706438540285175,0.0,0.058823529411764705,0.0625,0.42857142857142855,0.4117647058823529,0.53125,0.10714285714285714,0.10526315789473684,0.39285714285714285,0.43859649122807015,0.36363636363636365,0.4642857142857143,0.09090909090909091,0.36363636363636365
2024,"brito, jhony",634,92.6,-0.21899126330456628,0.125,0.06779661016949153,0.14705882352941177,0.625,0.4067796610169492,0.38235294117647056,0.025,0.02857142857142857,0.4,0.4,0.5714285714285714,0.425,0.0,0.4158415841584158
2024,"harrison, kyle",2078,92.6,-0.21795411336923468,0.14705882352941177,0.08571428571428572,0.06956521739130435,0.5588235294117647,0.40476190476190477,0.34782608695652173,0.08333333333333333,0.10112359550561797,0.4305555555555556,0.43258426966292135,0.5,0.3888888888888889,0.041666666666666664,0.3469945355191257
2024,"hamilton, ian",620,92.6,-0.2182254732809281,0.3333333333333333,0.16666666666666666,0.1724137931034483,0.6666666666666666,0.38095238095238093,0.41379310344827586,0.0625,0.07894736842105263,0.3125,0.23684210526315788,0.26666666666666666,0.125,0.2,0.3655913978494624
2024,"lodolo, nick",1865,92.6,-0.21930501064038813,0.24,0.14012738853503184,0.1744186046511628,0.24,0.34394904458598724,0.38372093023255816,0.10606060606060606,0.09411764705882353,0.30303030303030304,0.31176470588235294,0.4339622641509434,0.3181818181818182,0.1509433962264151,0.3841059602649007
2024,"shuster, jared",1290,92.5,-0.2202422743302901,0.0625,0.09574468085106383,0.09523809523809523,0.375,0.43617021276595747,0.47619047619047616,0.09615384615384616,0.09174311926605505,0.40384615384615385,0.3761467889908257,0.3,0.40384615384615385,0.1,0.40086206896551724
2024,"arrighetti, spencer",2509,92.5,-0.22023988548685233,0.07142857142857142,0.12264150943396226,0.15126050420168066,0.21428571428571427,0.37735849056603776,0.35294117647058826,0.1511627906976744,0.09803921568627451,0.38372093023255816,0.3872549019607843,0.463768115942029,0.3953488372093023,0.10144927536231885,0.3593073593073593
2024,"montas, frankie",2638,92.1,-0.23245509554885277,0.16216216216216217,0.11711711711711711,0.11811023622047244,0.3783783783783784,0.38288288288288286,0.36220472440944884,0.1,0.10176991150442478,0.35454545454545455,0.4026548672566372,0.39705882352941174,0.3181818181818182,0.1323529411764706,0.3850574712643678
2024,"devenski, chris",534,92.1,-0.23207293046806016,0.125,0.1111111111111111,0.07692307692307693,0.375,0.3333333333333333,0.3076923076923077,0.06666666666666667,0.14285714285714285,0.3333333333333333,0.3333333333333333,0.4166666666666667,0.4666666666666667,0.25,0.3956043956043956
2024,"assad, javier",2538,92.1,-0.2326952102694481,0.05555555555555555,0.10460251046025104,0.0661764705882353,0.4166666666666667,0.41841004184100417,0.4632352941176471,0.09523809523809523,0.12334801762114538,0.4380952380952381,0.3832599118942731,0.25,0.34285714285714286,0.140625,0.3986175115207373
2024,"peralta, wandy",616,92.0,-0.23739454298365031,0.0,0.0851063829787234,0.043478260869565216,0.6,0.3829787234042553,0.34782608695652173,0.15384615384615385,0.11320754716981132,0.34615384615384615,0.33962264150943394,0.46153846153846156,0.38461538461538464,0.23076923076923078,0.3805309734513274
2024,"luzardo, jesús",1084,91.9,-0.23905327760538994,0.05555555555555555,0.06796116504854369,0.109375,0.5,0.36893203883495146,0.4375,0.21428571428571427,0.11,0.38095238095238093,0.31,0.391304347826087,0.40476190476190477,0.043478260869565216,0.40555555555555556
2024,"hudson, bryan",929,91.9,-0.23928718382558342,0.3333333333333333,0.13333333333333333,0.14285714285714285,0.3333333333333333,0.5166666666666667,0.42857142857142855,0.09375,0.12987012987012986,0.3125,0.4025974025974026,0.2631578947368421,0.21875,0.05263157894736842,0.3076923076923077
2024,"ray, robbie",568,91.7,-0.2434480165929051,0.4,0.1,0.26666666666666666,0.4,0.4,0.26666666666666666,0.1111111111111111,0.025,0.2777777777777778,0.375,0.25,0.16666666666666666,0.35,0.3090909090909091
2024,"herrin, tim",1015,91.5,-0.2516726264468073,0.2222222222222222,0.12962962962962962,0.14814814814814814,0.4444444444444444,0.35185185185185186,0.48148148148148145,0.17142857142857143,0.13043478260869565,0.3142857142857143,0.34782608695652173,0.25,0.4,0.08333333333333333,0.28735632183908044
2024,"cannon, jonathan",2029,91.3,-0.25674173456722127,0.1111111111111111,0.07575757575757576,0.11214953271028037,0.5555555555555556,0.36363636363636365,0.4485981308411215,0.0963855421686747,0.09405940594059406,0.4457831325301205,0.3910891089108911,0.5,0.3493975903614458,0.05,0.3641456582633053
2024,"ureña, josé",1769,91.3,-0.25649635951275634,0.11538461538461539,0.08875739644970414,0.07526881720430108,0.2692307692307692,0.4319526627218935,0.3870967741935484,0.13793103448275862,0.12921348314606743,0.42528735632183906,0.4887640449438202,0.3157894736842105,0.3793103448275862,0.02631578947368421,0.39649122807017545
2024,"soto, gregory",971,91.2,-0.25888032591613425,0.0,0.14754098360655737,0.15151515151515152,0.4444444444444444,0.45901639344262296,0.3939393939393939,0.12,0.1111111111111111,0.28,0.42592592592592593,0.3333333333333333,0.32,0.1111111111111111,0.36363636363636365
2024,"martin, davis",892,91.2,-0.26015824611648614,0.0,0.09722222222222222,0.15,0.3,0.4027777777777778,0.375,0.20512820512820512,0.1,0.38461538461538464,0.375,0.38461538461538464,0.358974358974359,0.23076923076923078,0.31547619047619047
2024,"gore, mackenzie",2995,91.0,-0.26480516302762475,0.16129032258064516,0.11158798283261803,0.12101910828025478,0.45161290322580644,0.45493562231759654,0.43312101910828027,0.07142857142857142,0.08786610878661087,0.35714285714285715,0.41422594142259417,0.3918918918918919,0.3125,0.10810810810810811,0.3528428093645485
2024,"ottavino, adam",1007,90.8,-0.2715022702179753,0.2,0.15517241379310345,0.1935483870967742,0.4,0.4482758620689655,0.2903225806451613,0.13333333333333333,0.14285714285714285,0.26666666666666666,0.38571428571428573,0.3333333333333333,0.26666666666666666,0.08333333333333333,0.3389830508474576
2024,"povich, cade",1392,90.8,-0.2713233387441261,0.09090909090909091,0.11904761904761904,0.11594202898550725,0.5909090909090909,0.4603174603174603,0.4492753623188406,0.08196721311475409,0.09090909090909091,0.39344262295081966,0.3776223776223776,0.3548387096774194,0.32786885245901637,0.12903225806451613,0.32196969696969696
2024,"falter, bailey",2140,90.6,-0.27631885732931716,0.14705882352941177,0.09523809523809523,0.072,0.5588235294117647,0.4935064935064935,0.448,0.06382978723404255,0.09777777777777778,0.3191489361702128,0.41333333333333333,0.3953488372093023,0.4574468085106383,0.023255813953488372,0.3693467336683417
2024,"wicks, jordan",852,90.5,-0.2795549736149859,0.07692307692307693,0.11538461538461539,0.08695652173913043,0.5384615384615384,0.4230769230769231,0.43478260869565216,0.05714285714285714,0.11842105263157894,0.4857142857142857,0.42105263157894735,0.2727272727272727,0.42857142857142855,0.045454545454545456,0.3651685393258427
2024,"priester, quinn",811,90.3,-0.28524250572424237,0.0,0.08791208791208792,0.14285714285714285,0.5,0.4725274725274725,0.5306122448979592,0.11904761904761904,0.056179775280898875,0.40476190476190477,0.39325842696629215,0.29411764705882354,0.42857142857142855,0.11764705882352941,0.3333333333333333
2024,"sewald, paul",633,90.1,-0.29335489836852174,0.3333333333333333,0.09090909090909091,0.10714285714285714,0.4444444444444444,0.4772727272727273,0.4642857142857143,0.11764705882352941,0.05405405405405406,0.23529411764705882,0.4594594594594595,0.2727272727272727,0.47058823529411764,0.18181818181818182,0.24822695035460993
2024,"farmer, buck",1193,90.1,-0.2922556023723414,0.25,0.09210526315789473,0.13725490196078433,0.5,0.35526315789473684,0.5294117647058824,0.17073170731707318,0.0963855421686747,0.34146341463414637,0.3614457831325301,0.3,0.2682926829268293,0.1,0.3482587064676617
2024,"ginn, j. t.",520,90.0,-0.2942865020799254,0.0,0.09433962264150944,0.058823529411764705,0.16666666666666666,0.49056603773584906,0.47058823529411764,0.041666666666666664,0.041666666666666664,0.5,0.4583333333333333,0.4,0.5416666666666666,0.0,0.4931506849315068
2024,"cease, dylan",3188,89.9,-0.29684272991617827,0.16216216216216217,0.09876543209876543,0.11666666666666667,0.4594594594594595,0.3991769547325103,0.4083333333333333,0.08571428571428572,0.07692307692307693,0.49523809523809526,0.4230769230769231,0.36363636363636365,0.3047619047619048,0.045454545454545456,0.4148936170212766
2024,"brieske, beau",1161,89.8,-0.30074973809364314,0.1,0.07317073170731707,0.11627906976744186,0.4,0.3902439024390244,0.4418604651162791,0.15789473684210525,0.09302325581395349,0.5,0.3953488372093023,0.32142857142857145,0.3684210526315789,0.17857142857142858,0.319672131147541
2024,"criswell, cooper",1757,89.7,-0.30368452193809176,0.13636363636363635,0.09090909090909091,0.14130434782608695,0.5,0.38181818181818183,0.41304347826086957,0.08571428571428572,0.09316770186335403,0.38571428571428573,0.37888198757763975,0.5945945945945946,0.2857142857142857,0.02702702702702703,0.417910447761194
2024,"scott, christian",788,89.7,-0.30427451028407193,0.07142857142857142,0.06666666666666667,0.047619047619047616,0.35714285714285715,0.5066666666666667,0.5238095238095238,0.12903225806451613,0.1038961038961039,0.5161290322580645,0.4155844155844156,0.23076923076923078,0.41935483870967744,0.07692307692307693,0.36627906976744184
2024,"jarvis, bryce",1024,89.6,-0.3066070631868851,0.0,0.0975609756097561,0.16,0.36363636363636365,0.32926829268292684,0.48,0.11538461538461539,0.15384615384615385,0.3076923076923077,0.32051282051282054,0.5151515151515151,0.5384615384615384,0.030303030303030304,0.4030612244897959
2024,"funderburk, kody",653,89.5,-0.30994003064423226,0.0,0.08695652173913043,0.08571428571428572,0.375,0.5,0.42857142857142855,0.16,0.15384615384615385,0.44,0.5384615384615384,0.15789473684210525,0.24,0.05263157894736842,0.4
2024,"molina, anthony",1053,89.4,-0.3119445468720728,0.0625,0.061224489795918366,0.043478260869565216,0.4375,0.3979591836734694,0.391304347826087,0.13157894736842105,0.09722222222222222,0.6052631578947368,0.4166666666666667,0.43478260869565216,0.2894736842105263,0.13043478260869565,0.4057971014492754
2024,"otañez, michel",602,89.2,-0.31767923603226444,0.0,0.12,0.0625,0.0,0.36,0.3125,0.29411764705882354,0.2413793103448276,0.47058823529411764,0.4482758620689655,0.23809523809523808,0.11764705882352941,0.14285714285714285,0.4583333333333333
2024,"strickland, hunter",1166,89.2,-0.31916898223372675,0.16666666666666666,0.09302325581395349,0.1568627450980392,0.5,0.5116279069767442,0.45098039215686275,0.1282051282051282,0.06741573033707865,0.3333333333333333,0.42696629213483145,0.4782608695652174,0.3333333333333333,0.0,0.32057416267942584
2024,"hall, dl",783,89.0,-0.32450540999258115,0.18181818181818182,0.16071428571428573,0.13513513513513514,0.45454545454545453,0.375,0.40540540540540543,0.09090909090909091,0.10294117647058823,0.3939393939393939,0.38235294117647056,0.391304347826087,0.30303030303030304,0.08695652173913043,0.3671875
2024,"lynn, lance",2040,88.9,-0.32634493071291193,0.18181818181818182,0.11602209944751381,0.11214953271028037,0.48484848484848486,0.3701657458563536,0.4205607476635514,0.07142857142857142,0.09444444444444444,0.42857142857142855,0.34444444444444444,0.26666666666666666,0.44047619047619047,0.08888888888888889,0.4398976982097187
2024,"anderson, chase",1022,88.7,-0.33300110022044016,0.06666666666666667,0.07407407407407407,0.08163265306122448,0.26666666666666666,0.4444444444444444,0.46938775510204084,0.12,0.08080808080808081,0.4,0.43434343434343436,0.5833333333333334,0.36,0.08333333333333333,0.4093567251461988
2024,"sánchez, sixto",622,88.5,-0.3383206294945501,0.125,0.08064516129032258,0.08333333333333333,0.5,0.46774193548387094,0.3888888888888889,0.08,0.06153846153846154,0.52,0.5384615384615384,0.4117647058823529,0.4,0.11764705882352941,0.2809917355371901
2024,"verlander, justin",1580,88.4,-0.3411384010200781,0.05263157894736842,0.08571428571428572,0.075,0.47368421052631576,0.44285714285714284,0.45,0.03125,0.07926829268292683,0.484375,0.4146341463414634,0.4375,0.390625,0.25,0.3396825396825397
2024,"hernández, carlos",560,88.4,-0.34094348064874935,0.4,0.13513513513513514,0.2,0.2,0.3783783783783784,0.2,0.06666666666666667,0.12121212121212122,0.4,0.3333333333333333,0.26666666666666666,0.3333333333333333,0.2,0.4132231404958678
2024,"pérez, cionel",865,88.3,-0.3456885717364822,0.2,0.14754098360655737,0.14705882352941177,0.4,0.4262295081967213,0.5294117647058824,0.0967741935483871,0.1323529411764706,0.3548387096774194,0.3088235294117647,0.3225806451612903,0.3225806451612903,0.12903225806451613,0.31654676258992803
2024,"mazur, adam",585,88.3,-0.3459945382640194,0.0,0.14754098360655737,0.15789473684210525,0.3333333333333333,0.47540983606557374,0.39473684210526316,0.1875,0.125,0.25,0.39285714285714285,0.14285714285714285,0.5,0.09523809523809523,0.4
2024,"roupp, landen",907,88.1,-0.3519341879229597,0.0,0.12698412698412698,0.10810810810810811,0.6666666666666666,0.4126984126984127,0.4594594594594595,0.13513513513513514,0.13157894736842105,0.43243243243243246,0.35526315789473684,0.3076923076923077,0.24324324324324326,0.07692307692307693,0.4148148148148148
2024,"pallante, andre",1981,88.0,-0.3544217493384368,0.09090909090909091,0.13372093023255813,0.11538461538461539,0.45454545454545453,0.3953488372093023,0.48717948717948717,0.09803921568627451,0.12745098039215685,0.43137254901960786,0.4166666666666667,0.2127659574468085,0.3627450980392157,0.0425531914893617,0.4146341463414634
2024,"sims, lucas",885,88.0,-0.35551562876491377,0.08333333333333333,0.22916666666666666,0.1111111111111111,0.3333333333333333,0.5208333333333334,0.48148148148148145,0.0,0.17391304347826086,0.36,0.43478260869565216,0.2413793103448276,0.24,0.10344827586206896,0.3352941176470588
2024,"walker, taijuan",1435,88.0,-0.3554463118517002,0.17142857142857143,0.10975609756097561,0.09375,0.34285714285714286,0.3780487804878049,0.34375,0.061224489795918366,0.12307692307692308,0.3673469387755102,0.43846153846153846,0.4473684210526316,0.42857142857142855,0.10526315789473684,0.43333333333333335
2024,"lorenzen, michael",2093,87.8,-0.3612722958711561,0.16666666666666666,0.1111111111111111,0.12121212121212122,0.36666666666666664,0.35978835978835977,0.4444444444444444,0.13541666666666666,0.1201923076923077,0.34375,0.36538461538461536,0.46774193548387094,0.3020833333333333,0.0967741935483871,0.42528735632183906
2024,"bummer, aaron",983,87.7,-0.3633423510321303,0.5,0.05263157894736842,0.05555555555555555,1.0,0.49122807017543857,0.4444444444444444,0.025,0.03333333333333333,0.375,0.4166666666666667,0.25,0.35,0.0625,0.33774834437086093
2024,"rogers, trevor",2248,87.7,-0.36420500211864043,0.08823529411764706,0.11688311688311688,0.08208955223880597,0.5,0.4199134199134199,0.43283582089552236,0.08860759493670886,0.14,0.4177215189873418,0.415,0.4339622641509434,0.3670886075949367,0.03773584905660377,0.3898305084745763
2024,"kremer, dean",2171,87.6,-0.3648165449629713,0.16666666666666666,0.12921348314606743,0.12264150943396226,0.5277777777777778,0.4101123595505618,0.39622641509433965,0.12380952380952381,0.10396039603960396,0.38095238095238093,0.3811881188118812,0.37254901960784315,0.3523809523809524,0.058823529411764705,0.38817480719794345
2024,"cano, yennier",1012,87.5,-0.36871301794251987,0.2222222222222222,0.10144927536231885,0.13513513513513514,0.3333333333333333,0.4782608695652174,0.40540540540540543,0.07692307692307693,0.09523809523809523,0.38461538461538464,0.4603174603174603,0.35,0.34615384615384615,0.1,0.36649214659685864
2024,"bellozo, valente",1098,87.3,-0.3736267402232612,0.0,0.06504065040650407,0.07142857142857142,0.6086956521739131,0.45528455284552843,0.5714285714285714,0.09523809523809523,0.09448818897637795,0.42857142857142855,0.4409448818897638,0.4090909090909091,0.42857142857142855,0.09090909090909091,0.3411764705882353
2024,"yates, kirby",1045,87.3,-0.37397777389836767,0.25,0.17777777777777778,0.10526315789473684,0.5,0.4222222222222222,0.42105263157894735,0.11538461538461539,0.16071428571428573,0.23076923076923078,0.32142857142857145,0.28,0.2692307692307692,0.08,0.4272300469483568
2024,"aguiar, julian",532,87.2,-0.3762528967747817,0.16666666666666666,0.1,0.11538461538461539,0.16666666666666666,0.38,0.34615384615384615,0.15384615384615385,0.125,0.46153846153846156,0.46875,0.5625,0.2692307692307692,0.125,0.3577981651376147
2024,"fleming, josh",534,87.1,-0.3817639486745624,0.0,0.07317073170731707,0.08333333333333333,0.3333333333333333,0.4878048780487805,0.4583333333333333,0.2,0.13333333333333333,0.5,0.4222222222222222,0.42857142857142855,0.35,0.07142857142857142,0.3368421052631579
2024,"kelly, joe",558,86.6,-0.395264679597443,0.2,0.11904761904761904,0.19047619047619047,0.5,0.47619047619047616,0.47619047619047616,0.13333333333333333,0.12121212121212122,0.3333333333333333,0.3939393939393939,0.35,0.2,0.15,0.2727272727272727
2024,"rodríguez, yariel",1502,86.5,-0.3974526736031927,0.14285714285714285,0.11570247933884298,0.10294117647058823,0.2857142857142857,0.39669421487603307,0.38235294117647056,0.09836065573770492,0.12686567164179105,0.45901639344262296,0.47761194029850745,0.225,0.45901639344262296,0.2,0.3408239700374532
2024,"garrett, reed",984,86.3,-0.4051472777420505,0.16666666666666666,0.16,0.17647058823529413,0.16666666666666666,0.36,0.35294117647058826,0.13333333333333333,0.20408163265306123,0.4666666666666667,0.42857142857142855,0.23076923076923078,0.23333333333333334,0.11538461538461539,0.3716216216216216
2024,"fulmer, carson",1490,86.3,-0.4032746349788027,0.13043478260869565,0.1223021582733813,0.13157894736842105,0.391304347826087,0.48201438848920863,0.39473684210526316,0.06521739130434782,0.1,0.34782608695652173,0.43333333333333335,0.4722222222222222,0.41304347826086957,0.1111111111111111,0.3548387096774194
2024,"ferguson, tyler",827,86.2,-0.40841921114066276,0.0,0.12,0.0,0.3333333333333333,0.46,0.28125,0.2222222222222222,0.22,0.48148148148148145,0.54,0.34782608695652173,0.2962962962962963,0.08695652173913043,0.35119047619047616
2024,"cabrera, edward",1734,86.1,-0.41015992237646326,0.05,0.14492753623188406,0.15853658536585366,0.4,0.39855072463768115,0.4268292682926829,0.1076923076923077,0.13333333333333333,0.38461538461538464,0.4222222222222222,0.2916666666666667,0.36923076923076925,0.125,0.38064516129032255
2024,"wentz, joey",1229,85.9,-0.41707757698296516,0.09090909090909091,0.11494252873563218,0.12,0.5454545454545454,0.40229885057471265,0.28,0.2,0.14444444444444443,0.45714285714285713,0.4444444444444444,0.3225806451612903,0.2,0.16129032258064516,0.36792452830188677
2024,"quantrill, cal",2645,85.9,-0.4163157987197095,0.15151515151515152,0.152,0.125,0.2727272727272727,0.432,0.4305555555555556,0.1188118811881188,0.1506276150627615,0.3465346534653465,0.36401673640167365,0.3150684931506849,0.44554455445544555,0.0958904109589041,0.37945492662473795
2024,"gibson, kyle",2765,85.8,-0.419878891092195,0.10869565217391304,0.125,0.14285714285714285,0.2608695652173913,0.3828125,0.40372670807453415,0.06923076923076923,0.07755102040816327,0.5076923076923077,0.45714285714285713,0.34328358208955223,0.46923076923076923,0.07462686567164178,0.42780748663101603
2024,"canning, griffin",2876,85.7,-0.4231204948168843,0.09090909090909091,0.11501597444089456,0.1130952380952381,0.4318181818181818,0.4249201277955272,0.43452380952380953,0.10476190476190476,0.10714285714285714,0.41904761904761906,0.4035714285714286,0.5373134328358209,0.4380952380952381,0.029850746268656716,0.37598425196850394
2024,"keller, brad",744,85.7,-0.42179825287325895,0.2,0.1111111111111111,0.1111111111111111,0.26666666666666666,0.3611111111111111,0.3333333333333333,0.058823529411764705,0.11538461538461539,0.38235294117647056,0.48717948717948717,0.6666666666666666,0.5,0.0,0.40476190476190477
2024,"woodford, jake",618,85.6,-0.42413001421943874,0.0,0.12121212121212122,0.10256410256410256,0.6,0.36363636363636365,0.41025641025641024,0.034482758620689655,0.06896551724137931,0.4827586206896552,0.3793103448275862,0.6666666666666666,0.41379310344827586,0.08333333333333333,0.4326923076923077
2024,"hicks, jordan",1960,85.6,-0.42362830541040253,0.26666666666666666,0.10857142857142857,0.08888888888888889,0.36666666666666664,0.35428571428571426,0.4111111111111111,0.1388888888888889,0.09937888198757763,0.4027777777777778,0.36645962732919257,0.37037037037037035,0.4444444444444444,0.1111111111111111,0.4179566563467492
2024,"ashcraft, graham",1342,85.4,-0.43183108234752837,0.15,0.08333333333333333,0.0684931506849315,0.35,0.4513888888888889,0.4246575342465753,0.09259259259259259,0.1111111111111111,0.3888888888888889,0.45925925925925926,0.4666666666666667,0.5370370370370371,0.06666666666666667,0.3794466403162055
2024,"doval, camilo",1124,85.3,-0.43477526991263576,0.16666666666666666,0.16901408450704225,0.12903225806451613,0.25,0.43661971830985913,0.3870967741935484,0.11538461538461539,0.19047619047619047,0.38461538461538464,0.4126984126984127,0.3684210526315789,0.23076923076923078,0.10526315789473684,0.3674698795180723
2024,"henry, tommy",706,85.2,-0.43642071090331724,0.2,0.125,0.125,0.4666666666666667,0.3194444444444444,0.3333333333333333,0.14814814814814814,0.12903225806451613,0.48148148148148145,0.3870967741935484,0.3181818181818182,0.48148148148148145,0.09090909090909091,0.36551724137931035
2024,"lynch, daniel",631,84.9,-0.4469655000626148,0.1,0.11764705882352941,0.15384615384615385,0.1,0.3235294117647059,0.34615384615384615,0.23809523809523808,0.13636363636363635,0.6190476190476191,0.3939393939393939,0.3684210526315789,0.2857142857142857,0.0,0.4725274725274725
2024,"faucher, calvin",1000,84.7,-0.4513424642072662,0.09090909090909091,0.09836065573770492,0.12195121951219512,0.09090909090909091,0.39344262295081966,0.4634146341463415,0.17391304347826086,0.16363636363636364,0.43478260869565216,0.4727272727272727,0.3333333333333333,0.2608695652173913,0.14285714285714285,0.41818181818181815
2024,"vodnik, victor",1345,84.5,-0.45617408252219266,0.06666666666666667,0.125,0.061224489795918366,0.5333333333333333,0.4519230769230769,0.3673469387755102,0.08823529411764706,0.17204301075268819,0.38235294117647056,0.43010752688172044,0.38235294117647056,0.2647058823529412,0.14705882352941177,0.43621399176954734
2024,"weaver, luke",1374,84.1,-0.46921109048012255,0.26666666666666666,0.12643678160919541,0.18,0.4666666666666667,0.41379310344827586,0.46,0.14285714285714285,0.0851063829787234,0.4,0.3829787234042553,0.26666666666666666,0.34285714285714286,0.06666666666666667,0.36947791164658633
2024,"maton, phil",1085,83.9,-0.47381410957737957,0.1,0.09375,0.17142857142857143,0.3,0.390625,0.5428571428571428,0.16216216216216217,0.13432835820895522,0.4594594594594595,0.40298507462686567,0.3870967741935484,0.1891891891891892,0.16129032258064516,0.36363636363636365
2024,"bender, anthony",959,83.9,-0.4748864341441716,0.16666666666666666,0.09836065573770492,0.08333333333333333,0.3333333333333333,0.4098360655737705,0.3888888888888889,0.14705882352941177,0.15873015873015872,0.5294117647058824,0.4444444444444444,0.42105263157894735,0.3235294117647059,0.0,0.42105263157894735
2024,"beeks, jalen",1195,83.8,-0.47688917960507027,0.09090909090909091,0.06896551724137931,0.11538461538461539,0.45454545454545453,0.40229885057471265,0.46153846153846156,0.08695652173913043,0.052083333333333336,0.5652173913043478,0.4583333333333333,0.38095238095238093,0.43478260869565216,0.14285714285714285,0.395
2024,"kinley, tyler",1194,83.6,-0.4850947968857486,0.16666666666666666,0.1527777777777778,0.14,0.5833333333333334,0.4861111111111111,0.42,0.11363636363636363,0.11428571428571428,0.3181818181818182,0.38571428571428573,0.34375,0.2727272727272727,0.0625,0.41232227488151657
2024,"hudson, dakota",1512,83.6,-0.485182261216456,0.0,0.11046511627906977,0.11363636363636363,0.23529411764705882,0.37790697674418605,0.38636363636363635,0.14285714285714285,0.1419753086419753,0.5079365079365079,0.41358024691358025,0.43137254901960786,0.4126984126984127,0.13725490196078433,0.4325581395348837
2024,"soriano, josé",1743,83.5,-0.4872343344392348,0.15,0.10119047619047619,0.11538461538461539,0.35,0.39285714285714285,0.41025641025641024,0.19672131147540983,0.12790697674418605,0.4918032786885246,0.4476744186046512,0.3333333333333333,0.32786885245901637,0.13725490196078433,0.3482758620689655
2024,"young, danny",700,83.4,-0.4907159785421854,0.3333333333333333,0.12903225806451613,0.12,0.16666666666666666,0.41935483870967744,0.36,0.0,0.09375,0.5263157894736842,0.46875,0.2631578947368421,0.2631578947368421,0.21052631578947367,0.46153846153846156
2024,"abreu, bryan",1302,83.2,-0.4947460666036068,0.09090909090909091,0.10843373493975904,0.21739130434782608,0.36363636363636365,0.40963855421686746,0.45652173913043476,0.2222222222222222,0.0945945945945946,0.5925925925925926,0.40540540540540543,0.23684210526315788,0.3333333333333333,0.07894736842105263,0.3080568720379147
2024,"stroman, marcus",2668,82.6,-0.5130370759930326,0.15625,0.11439114391143912,0.08275862068965517,0.34375,0.4095940959409594,0.42758620689655175,0.10619469026548672,0.13671875,0.504424778761062,0.44921875,0.3728813559322034,0.46017699115044247,0.03389830508474576,0.4073226544622426
2024,"wilson, steven",643,82.6,-0.5124255737844333,0.2,0.16666666666666666,0.10344827586206896,0.3,0.3888888888888889,0.3793103448275862,0.09090909090909091,0.19444444444444445,0.5909090909090909,0.4722222222222222,0.15789473684210525,0.22727272727272727,0.15789473684210525,0.358974358974359
2024,"blalock, bradley",554,82.5,-0.5156641512084076,0.2,0.16666666666666666,0.13513513513513514,0.6,0.38333333333333336,0.32432432432432434,0.12,0.16666666666666666,0.28,0.3541666666666667,0.55,0.32,0.0,0.4387755102040816
2024,"meyer, max",968,82.4,-0.5196157604620429,0.08333333333333333,0.09,0.05660377358490566,0.4583333333333333,0.36,0.37735849056603776,0.0975609756097561,0.11,0.5365853658536586,0.47,0.42857142857142855,0.5365853658536586,0.14285714285714285,0.39644970414201186
2024,"javier, cristian",571,81.8,-0.5365953597078775,0.0,0.17307692307692307,0.10344827586206896,0.3333333333333333,0.40384615384615385,0.3793103448275862,0.18181818181818182,0.20967741935483872,0.45454545454545453,0.43548387096774194,0.3157894736842105,0.3181818181818182,0.05263157894736842,0.4155844155844156
2024,"muñoz, andrés",964,81.7,-0.5392902711595802,0.1111111111111111,0.13333333333333333,0.14814814814814814,0.4444444444444444,0.4666666666666667,0.48148148148148145,0.11538461538461539,0.1,0.5,0.48333333333333334,0.25,0.19230769230769232,0.25,0.30597014925373134
2024,"bielak, brandon",510,81.7,-0.5390937491542604,0.1,0.08620689655172414,0.08823529411764706,0.6,0.46551724137931033,0.5,0.13636363636363635,0.125,0.4090909090909091,0.375,0.14285714285714285,0.5454545454545454,0.14285714285714285,0.3902439024390244
2024,"bradish, kyle",674,81.5,-0.5451493432828307,0.16666666666666666,0.1111111111111111,0.1111111111111111,0.6666666666666666,0.5833333333333334,0.5555555555555556,0.0967741935483871,0.09836065573770492,0.25806451612903225,0.4098360655737705,0.25,0.16129032258064516,0.1875,0.40869565217391307
2024,"mcgough, scott",578,81.4,-0.5483106311191023,0.18181818181818182,0.14545454545454545,0.18518518518518517,0.36363636363636365,0.36363636363636365,0.4444444444444444,0.18181818181818182,0.13636363636363635,0.18181818181818182,0.36363636363636365,0.5714285714285714,0.36363636363636365,0.047619047619047616,0.42857142857142855
2024,"hodge, porter",643,81.4,-0.549570341426908,0.3333333333333333,0.10526315789473684,0.23529411764705882,0.3333333333333333,0.47368421052631576,0.35294117647058826,0.15789473684210525,0.07692307692307693,0.3684210526315789,0.38461538461538464,0.2777777777777778,0.2631578947368421,0.2222222222222222,0.3564356435643564
2024,"elder, bryce",864,81.3,-0.5514977001480897,0.21428571428571427,0.08791208791208792,0.125,0.5,0.4725274725274725,0.42857142857142855,0.0625,0.08108108108108109,0.40625,0.4189189189189189,0.35294117647058826,0.625,0.11764705882352941,0.35
2024,"scott, tayler",1208,81.2,-0.5554460309627087,0.0,0.1518987341772152,0.12195121951219512,0.4,0.43037974683544306,0.34146341463414637,0.06896551724137931,0.15492957746478872,0.41379310344827586,0.5070422535211268,0.3235294117647059,0.41379310344827586,0.11764705882352941,0.4482758620689655
2024,"baumann, mike",1069,81.2,-0.5536678057637844,0.26666666666666666,0.125,0.1568627450980392,0.5333333333333333,0.4090909090909091,0.39215686274509803,0.043478260869565216,0.04225352112676056,0.391304347826087,0.36619718309859156,0.4074074074074074,0.5217391304347826,0.2222222222222222,0.3640552995391705
2024,"stratton, chris",999,81.0,-0.5611864743542234,0.15384615384615385,0.14705882352941177,0.18604651162790697,0.46153846153846156,0.4411764705882353,0.4186046511627907,0.1891891891891892,0.1388888888888889,0.40540540540540543,0.4305555555555556,0.28125,0.21621621621621623,0.125,0.3395061728395062
2024,"vesia, alex",1124,81.0,-0.5608305793631321,0.07142857142857142,0.14035087719298245,0.125,0.5,0.42105263157894735,0.4375,0.125,0.16923076923076924,0.40625,0.46153846153846156,0.25,0.3125,0.14285714285714285,0.386046511627907
2024,"barlow, scott",1027,80.7,-0.5697626880858847,0.14285714285714285,0.12,0.05405405405405406,0.14285714285714285,0.42,0.35135135135135137,0.2,0.23529411764705882,0.5,0.4117647058823529,0.26666666666666666,0.23333333333333334,0.2,0.4391891891891892
2024,"black, mason",663,80.5,-0.5764936281247879,0.09090909090909091,0.12698412698412698,0.02631578947368421,0.5454545454545454,0.5079365079365079,0.5526315789473685,0.17857142857142858,0.15625,0.5357142857142857,0.40625,0.3333333333333333,0.25,0.13333333333333333,0.30344827586206896
2024,"lawrence, justin",1082,80.1,-0.5882000895965848,0.06666666666666667,0.12359550561797752,0.12280701754385964,0.6666666666666666,0.43820224719101125,0.45614035087719296,0.08333333333333333,0.1038961038961039,0.4444444444444444,0.4025974025974026,0.39473684210526316,0.3333333333333333,0.18421052631578946,0.3869047619047619
2024,"suarez, josé",990,79.9,-0.5932810100296709,0.08333333333333333,0.1111111111111111,0.14,0.4166666666666667,0.48148148148148145,0.44,0.20512820512820512,0.12987012987012986,0.4358974358974359,0.4025974025974026,0.42857142857142855,0.3076923076923077,0.07142857142857142,0.38596491228070173
2024,"turnbull, spencer",920,79.4,-0.6066505760819432,0.2,0.1076923076923077,0.23076923076923078,0.5,0.4307692307692308,0.38461538461538464,0.1,0.09859154929577464,0.425,0.4225352112676056,0.391304347826087,0.35,0.08695652173913043,0.39473684210526316
2024,"kahnle, tommy",754,79.2,-0.6138932836921447,0.0,0.1111111111111111,0.1,0.8,0.4722222222222222,0.4,0.12,0.16326530612244897,0.52,0.5714285714285714,0.23529411764705882,0.12,0.11764705882352941,0.39316239316239315
2024,"birdsong, hayden",1388,78.6,-0.6318252451660534,0.13333333333333333,0.12962962962962962,0.08928571428571429,0.4,0.4722222222222222,0.5892857142857143,0.125,0.15730337078651685,0.375,0.39325842696629215,0.36363636363636365,0.28125,0.13636363636363635,0.40869565217391307
2024,"bowman, matthew",501,78.4,-0.6375417239159361,0.1111111111111111,0.075,0.041666666666666664,0.6666666666666666,0.35,0.4583333333333333,0.16666666666666666,0.175,0.5555555555555556,0.35,0.36363636363636365,0.2777777777777778,0.18181818181818182,0.45121951219512196
2024,"joyce, ben",541,78.4,-0.6374001357392366,0.3333333333333333,0.18181818181818182,0.2777777777777778,0.0,0.36363636363636365,0.4444444444444444,0.19230769230769232,0.10416666666666667,0.34615384615384615,0.3333333333333333,0.5,0.23076923076923078,0.1111111111111111,0.4
2024,"honeywell, brent",595,77.9,-0.6523520475936485,0.3333333333333333,0.14035087719298245,0.13333333333333333,0.8333333333333334,0.38596491228070173,0.4,0.037037037037037035,0.07272727272727272,0.5555555555555556,0.36363636363636365,0.35714285714285715,0.4074074074074074,0.0,0.4298245614035088
2024,"gil, luis",2666,77.8,-0.6538560168821658,0.14705882352941177,0.11616161616161616,0.14705882352941177,0.4411764705882353,0.4898989898989899,0.4411764705882353,0.12345679012345678,0.13302752293577982,0.43209876543209874,0.5137614678899083,0.30864197530864196,0.32098765432098764,0.16049382716049382,0.33613445378151263
2024,"cantillo, joey",711,77.8,-0.6543044038582115,0.0,0.038461538461538464,0.06896551724137931,0.5714285714285714,0.4807692307692308,0.5517241379310345,0.125,0.12280701754385964,0.5,0.5087719298245614,0.42857142857142855,0.3333333333333333,0.21428571428571427,0.3611111111111111
2024,"adams, austin",813,77.2,-0.6722554620589359,0.0,0.22857142857142856,0.09523809523809523,0.4,0.42857142857142855,0.47619047619047616,0.08333333333333333,0.17073170731707318,0.4583333333333333,0.43902439024390244,0.36666666666666664,0.25,0.2,0.38596491228070173
2024,"lovelady, richard",532,77.1,-0.6767286630002116,0.0,0.10204081632653061,0.10344827586206896,0.5,0.46938775510204084,0.4827586206896552,0.08695652173913043,0.075,0.391304347826087,0.525,0.5,0.5217391304347826,0.1,0.42696629213483145
2024,"oller, adam",711,76.9,-0.6829999416094409,0.18181818181818182,0.14492753623188406,0.10810810810810811,0.36363636363636365,0.43478260869565216,0.40540540540540543,0.15789473684210525,0.1267605633802817,0.3157894736842105,0.43661971830985913,0.5,0.3684210526315789,0.125,0.43636363636363634
2024,"latz, jacob",827,76.8,-0.6852068074388826,0.0,0.1724137931034483,0.09375,0.3333333333333333,0.5,0.5,0.13043478260869565,0.14285714285714285,0.391304347826087,0.42857142857142855,0.36363636363636365,0.34782608695652173,0.22727272727272727,0.3881578947368421
2024,"dunning, dane",1693,76.6,-0.6912994631908261,0.1935483870967742,0.08641975308641975,0.12244897959183673,0.6129032258064516,0.4691358024691358,0.5408163265306123,0.1111111111111111,0.09859154929577464,0.4603174603174603,0.4859154929577465,0.4,0.3492063492063492,0.125,0.3289036544850498
2024,"hernández, jonathan",767,76.3,-0.7004562702267291,0.0,0.12727272727272726,0.06451612903225806,0.6666666666666666,0.45454545454545453,0.41935483870967744,0.08333333333333333,0.16666666666666666,0.4583333333333333,0.5,0.38461538461538464,0.4583333333333333,0.19230769230769232,0.344
2024,"wood, alex",760,76.0,-0.7067344872743,0.2,0.13333333333333333,0.18181818181818182,0.2,0.4266666666666667,0.4772727272727273,0.16666666666666666,0.13559322033898305,0.5416666666666666,0.4406779661016949,0.36363636363636365,0.4166666666666667,0.045454545454545456,0.3524590163934426
2024,"houser, adrian",1131,75.8,-0.7150560080092713,0.2222222222222222,0.11278195488721804,0.14754098360655737,0.4444444444444444,0.41353383458646614,0.4262295081967213,0.1875,0.12295081967213115,0.34375,0.4262295081967213,0.4857142857142857,0.3125,0.11428571428571428,0.42702702702702705
2024,"johnson, pierce",921,75.5,-0.7242647811913326,0.2727272727272727,0.14516129032258066,0.15,0.7272727272727273,0.43548387096774194,0.4,0.09523809523809523,0.09090909090909091,0.47619047619047616,0.32727272727272727,0.46153846153846156,0.3333333333333333,0.07692307692307693,0.42207792207792205
2024,"brazobán, huascar",903,75.1,-0.7341667813714239,0.16666666666666666,0.1111111111111111,0.13333333333333333,0.6666666666666666,0.5833333333333334,0.5333333333333333,0.125,0.1267605633802817,0.4791666666666667,0.5211267605633803,0.25925925925925924,0.22916666666666666,0.07407407407407407,0.3132530120481928
2024,"díaz, alexis",981,73.9,-0.7705683755140852,0.2857142857142857,0.18032786885245902,0.25925925925925924,0.42857142857142855,0.36065573770491804,0.4074074074074074,0.22727272727272727,0.14285714285714285,0.45454545454545453,0.3333333333333333,0.3142857142857143,0.36363636363636365,0.08571428571428572,0.32044198895027626
2024,"kimbrel, craig",969,73.7,-0.7764415701853442,0.2,0.19642857142857142,0.16216216216216217,0.5,0.39285714285714285,0.3783783783783784,0.15,0.18181818181818182,0.35,0.4090909090909091,0.2727272727272727,0.55,0.12121212121212122,0.3374233128834356
2024,"ramírez, yohan",774,73.5,-0.7832625902082776,0.0,0.07547169811320754,0.05714285714285714,0.625,0.5849056603773585,0.45714285714285713,0.08571428571428572,0.109375,0.4857142857142857,0.578125,0.2,0.4857142857142857,0.24,0.38095238095238093
2024,"muñoz, roddery",1486,73.1,-0.7923403671060278,0.14285714285714285,0.11971830985915492,0.14772727272727273,0.42857142857142855,0.4084507042253521,0.4431818181818182,0.16666666666666666,0.13846153846153847,0.375,0.4076923076923077,0.5581395348837209,0.375,0.06976744186046512,0.47265625
2024,"diekman, jake",627,71.6,-0.8389552220236135,0.125,0.07142857142857142,0.16666666666666666,0.75,0.4642857142857143,0.6666666666666666,0.2777777777777778,0.1111111111111111,0.5,0.2962962962962963,0.2608695652173913,0.1111111111111111,0.2608695652173913,0.35454545454545455
2024,"rainey, tanner",943,71.6,-0.8383315795187469,0.05555555555555555,0.17567567567567569,0.14285714285714285,0.5555555555555556,0.4864864864864865,0.5714285714285714,0.19047619047619047,0.18181818181818182,0.3333333333333333,0.3939393939393939,0.41379310344827586,0.2857142857142857,0.10344827586206896,0.3689839572192513
2024,"fairbanks, pete",702,70.9,-0.8584509800180304,0.0,0.11538461538461539,0.10526315789473684,1.0,0.6153846153846154,0.5789473684210527,0.10344827586206896,0.09090909090909091,0.4482758620689655,0.5,0.2857142857142857,0.27586206896551724,0.14285714285714285,0.35294117647058826
2024,"boyle, joe",966,70.3,-0.8749647331429846,0.0,0.20588235294117646,0.22857142857142856,0.4,0.47058823529411764,0.4857142857142857,0.20588235294117646,0.16417910447761194,0.4117647058823529,0.417910447761194,0.30952380952380953,0.20588235294117646,0.14285714285714285,0.40714285714285714
2024,"nicolas, kyle",954,69.6,-0.8974402276568295,0.25,0.15625,0.20512820512820512,0.625,0.390625,0.4358974358974359,0.10714285714285714,0.13432835820895522,0.4642857142857143,0.417910447761194,0.36666666666666664,0.25,0.13333333333333333,0.4394904458598726
2024,"montero, rafael",683,69.5,-0.9006690584326655,0.2,0.18867924528301888,0.125,0.4,0.5094339622641509,0.5,0.16666666666666666,0.1956521739130435,0.4444444444444444,0.43478260869565216,0.38095238095238093,0.2777777777777778,0.047619047619047616,0.3805970149253731
2024,"leasure, jordan",560,69.1,-0.9124930454841083,0.25,0.13513513513513514,0.18181818181818182,0.75,0.43243243243243246,0.45454545454545453,0.17647058823529413,0.13513513513513514,0.29411764705882354,0.43243243243243246,0.3888888888888889,0.4117647058823529,0.1111111111111111,0.37254901960784315
2024,"soroka, michael",1447,69.1,-0.9123191280794398,0.2,0.1836734693877551,0.22580645161290322,0.4,0.45918367346938777,0.5161290322580645,0.1,0.09821428571428571,0.4666666666666667,0.4642857142857143,0.35555555555555557,0.38333333333333336,0.06666666666666667,0.4007936507936508
2024,"medina, luis",724,69.0,-0.9145463276040775,0.09090909090909091,0.10606060606060606,0.10526315789473684,0.5454545454545454,0.5454545454545454,0.5789473684210527,0.06451612903225806,0.10144927536231885,0.5161290322580645,0.5362318840579711,0.3888888888888889,0.5483870967741935,0.16666666666666666,0.3116883116883117
2024,"cruz, fernando",1147,68.6,-0.9268737434383254,0.25,0.18032786885245902,0.1875,0.5833333333333334,0.39344262295081966,0.4166666666666667,0.14285714285714285,0.16666666666666666,0.39285714285714285,0.38095238095238093,0.3870967741935484,0.25,0.1935483870967742,0.4175824175824176
2024,"buttó, josé",1223,68.6,-0.9256497484442728,0.15384615384615385,0.16279069767441862,0.17073170731707318,0.5384615384615384,0.4883720930232558,0.4634146341463415,0.175,0.14893617021276595,0.325,0.39361702127659576,0.3333333333333333,0.275,0.1794871794871795,0.4603174603174603
2024,"miller, bobby",1054,68.2,-0.9373380178611123,0.1111111111111111,0.08490566037735849,0.08771929824561403,0.4444444444444444,0.5188679245283019,0.543859649122807,0.16666666666666666,0.16455696202531644,0.5333333333333333,0.4430379746835443,0.46875,0.4,0.15625,0.36923076923076925
2024,"thorpe, drew",721,68.1,-0.9422934368758301,0.2222222222222222,0.11940298507462686,0.13793103448275862,0.4444444444444444,0.47761194029850745,0.41379310344827586,0.23684210526315788,0.15294117647058825,0.5263157894736842,0.4588235294117647,0.45454545454545453,0.3157894736842105,0.045454545454545456,0.39814814814814814
2024,"miller, erik",1271,68.0,-0.9429086607872261,0.18181818181818182,0.1506849315068493,0.2,0.36363636363636365,0.4931506849315068,0.525,0.14705882352941177,0.16417910447761194,0.47058823529411764,0.43283582089552236,0.4117647058823529,0.17647058823529413,0.08823529411764706,0.44144144144144143
2024,"tyler, kyle",581,64.3,-1.05362503161954,0.25,0.16666666666666666,0.15625,0.5,0.48148148148148145,0.53125,0.09090909090909091,0.16666666666666666,0.45454545454545453,0.3958333333333333,0.4117647058823529,0.5,0.11764705882352941,0.3707865168539326
2024,"richards, trevor",1182,63.3,-1.0836762622549982,0.2,0.21052631578947367,0.16666666666666666,0.5,0.5263157894736842,0.5,0.1388888888888889,0.14634146341463414,0.4722222222222222,0.45121951219512196,0.24242424242424243,0.3611111111111111,0.12121212121212122,0.40271493212669685
2024,"mckenzie, triston",1309,61.7,-1.1290163013459955,0.25,0.16279069767441862,0.27586206896551724,0.42857142857142855,0.4883720930232558,0.5344827586206896,0.1111111111111111,0.11570247933884298,0.37777777777777777,0.45454545454545453,0.4222222222222222,0.4888888888888889,0.1111111111111111,0.3701923076923077
2024,"dubin, shawn",840,53.5,-1.3712162474540257,0.1111111111111111,0.14754098360655737,0.21428571428571427,0.7777777777777778,0.5737704918032787,0.6071428571428571,0.17857142857142858,0.14516129032258066,0.5357142857142857,0.5806451612903226,0.37037037037037035,0.32142857142857145,0.1111111111111111,0.3007518796992481
2024,"nastrini, nick",736,45.6,-1.6065877180830264,0.23076923076923078,0.2222222222222222,0.27586206896551724,0.46153846153846156,0.48148148148148145,0.41379310344827586,0.25925925925925924,0.19402985074626866,0.4074074074074074,0.5373134328358209,0.35294117647058826,0.2962962962962963,0.20588235294117646,0.4329896907216495
