season,pitcher_name,pitch_count,composure_plus,composure_score,walk_after_barrel,walk_after_hard_hit,walk_after_high_xba,first_ball_after_barrel,first_ball_after_hard_hit,first_ball_after_high_xba,walk_after_soft_hit,walk_after_low_xba,first_ball_after_soft_hit,first_ball_after_low_xba,hard_hit_after_walk,hard_hit_after_soft,walk_after_walk,ball_after_foul
2023,"martin, chris",736,159.8,1.7622380100740005,0.0,0.041666666666666664,0.025,0.0,0.125,0.075,0.022727272727272728,0.017857142857142856,0.29545454545454547,0.2857142857142857,0.2,0.29545454545454547,0.0,0.3050847457627119
2023,"alexander, tyler",679,141.6,1.2260663641399936,0.0,0.0,0.03125,0.3333333333333333,0.3269230769230769,0.3125,0.10344827586206896,0.017543859649122806,0.1724137931034483,0.2807017543859649,0.16666666666666666,0.3793103448275862,0.0,0.28169014084507044
2023,"speier, gabe",797,139.3,1.1585697427349497,0.1,0.05263157894736842,0.08571428571428572,0.1,0.17543859649122806,0.11428571428571428,0.0,0.0,0.2413793103448276,0.22641509433962265,0.5,0.41379310344827586,0.0,0.40816326530612246
2023,"borucki, ryan",531,134.4,1.0145925198157992,0.0,0.05714285714285714,0.0,0.0,0.3142857142857143,0.2857142857142857,0.06060606060606061,0.08888888888888889,0.21212121212121213,0.37777777777777777,0.6,0.3333333333333333,0.0,0.21839080459770116
2023,"ramirez, nick",659,133.7,0.9936288433079551,0.0,0.04,0.03225806451612903,0.2857142857142857,0.38,0.3225806451612903,0.03333333333333333,0.04477611940298507,0.3,0.3283582089552239,0.1111111111111111,0.3,0.0,0.3402061855670103
2023,"stephenson, robert",771,133.0,0.9715739376284555,0.0,0.07692307692307693,0.07142857142857142,0.2727272727272727,0.28205128205128205,0.32142857142857145,0.041666666666666664,0.05405405405405406,0.20833333333333334,0.2972972972972973,0.42857142857142855,0.125,0.07142857142857142,0.3211009174311927
2023,"kirby, george",2826,131.1,0.9173735478957749,0.025,0.031141868512110725,0.023529411764705882,0.325,0.3217993079584775,0.3411764705882353,0.021739130434782608,0.026845637583892617,0.2898550724637681,0.3087248322147651,0.25,0.42028985507246375,0.041666666666666664,0.3183279742765273
2023,"graterol, brusdar",932,130.1,0.8871732064208002,0.0,0.014285714285714285,0.0625,0.42857142857142855,0.32857142857142857,0.3333333333333333,0.07692307692307693,0.025974025974025976,0.3333333333333333,0.33766233766233766,0.15384615384615385,0.3076923076923077,0.07692307692307693,0.2893401015228426
2023,"scott, tanner",1220,129.9,0.880604574039699,0.0,0.07142857142857142,0.0975609756097561,0.2,0.2857142857142857,0.34146341463414637,0.044444444444444446,0.03896103896103896,0.26666666666666666,0.2597402597402597,0.44,0.15555555555555556,0.16,0.2981651376146789
2023,"anderson, nick",548,129.7,0.8766184057931822,0.25,0.11904761904761904,0.08333333333333333,0.375,0.2857142857142857,0.25,0.0,0.09375,0.3,0.25,0.0,0.4,0.0,0.2765957446808511
2023,"cano, yennier",1024,128.7,0.8459221722533165,0.0,0.03896103896103896,0.023255813953488372,0.14285714285714285,0.2857142857142857,0.20930232558139536,0.07317073170731707,0.0898876404494382,0.21951219512195122,0.3595505617977528,0.3,0.3170731707317073,0.2,0.3333333333333333
2023,"nelson, kyle",883,127.3,0.8054679921579727,0.1,0.04838709677419355,0.058823529411764705,0.4,0.3064516129032258,0.3235294117647059,0.03333333333333333,0.014705882352941176,0.3,0.3088235294117647,0.18181818181818182,0.3,0.0,0.41509433962264153
2023,"kluber, corey",990,126.6,0.7848649261013284,0.043478260869565216,0.05263157894736842,0.05172413793103448,0.17391304347826086,0.24210526315789474,0.22413793103448276,0.14285714285714285,0.09183673469387756,0.2619047619047619,0.29591836734693877,0.21739130434782608,0.42857142857142855,0.13043478260869565,0.3193717277486911
2023,"megill, trevor",602,125.7,0.7562844585482685,0.16666666666666666,0.0851063829787234,0.041666666666666664,0.16666666666666666,0.3617021276595745,0.25,0.0,0.030303030303030304,0.3333333333333333,0.3333333333333333,0.23076923076923078,0.1111111111111111,0.23076923076923078,0.3490566037735849
2023,"garcia, robert",530,125.4,0.7488617567494492,0.0,0.12,0.18181818181818182,0.0,0.32,0.36363636363636365,0.07692307692307693,0.0,0.3076923076923077,0.3333333333333333,0.2222222222222222,0.19230769230769232,0.0,0.3879310344827586
2023,"rasmussen, drew",677,125.1,0.7404220391950805,0.0,0.05555555555555555,0.058823529411764705,0.5,0.24074074074074073,0.3235294117647059,0.034482758620689655,0.046153846153846156,0.2413793103448276,0.24615384615384617,0.45454545454545453,0.41379310344827586,0.0,0.39285714285714285
2023,"sánchez, cristopher",1460,125.0,0.7384109631952452,0.045454545454545456,0.034013605442176874,0.03571428571428571,0.36363636363636365,0.3741496598639456,0.30952380952380953,0.056338028169014086,0.06535947712418301,0.29577464788732394,0.33986928104575165,0.21052631578947367,0.36619718309859156,0.0,0.35319148936170214
2023,"smith, will",881,124.9,0.7349912500126686,0.0,0.0847457627118644,0.08108108108108109,0.18181818181818182,0.4406779661016949,0.40540540540540543,0.0,0.06349206349206349,0.19230769230769232,0.30158730158730157,0.2727272727272727,0.38461538461538464,0.0,0.3223684210526316
2023,"cordero, jimmy",515,124.6,0.7264129035048021,0.0,0.1282051282051282,0.08,0.0,0.358974358974359,0.32,0.125,0.11428571428571428,0.375,0.37142857142857144,0.2,0.1875,0.0,0.27631578947368424
2023,"gibaut, ian",1230,124.3,0.7168947883682472,0.0,0.13414634146341464,0.1206896551724138,0.09090909090909091,0.25609756097560976,0.1896551724137931,0.038461538461538464,0.09090909090909091,0.34615384615384615,0.36363636363636365,0.2727272727272727,0.2692307692307692,0.13636363636363635,0.31048387096774194
2023,"rogers, tyler",1133,123.9,0.7046083274186186,0.0,0.07042253521126761,0.022222222222222223,0.25,0.4225352112676056,0.3333333333333333,0.08823529411764706,0.08333333333333333,0.35294117647058826,0.3541666666666667,0.25,0.22058823529411764,0.05,0.29357798165137616
2023,"littell, zack",1336,123.5,0.6925420238995027,0.041666666666666664,0.039735099337748346,0.04395604395604396,0.3333333333333333,0.31788079470198677,0.3626373626373626,0.047619047619047616,0.028169014084507043,0.3492063492063492,0.29577464788732394,0.42857142857142855,0.42857142857142855,0.0,0.3235294117647059
2023,"eflin, zach",2581,123.1,0.6822158649381933,0.045454545454545456,0.05194805194805195,0.031746031746031744,0.22727272727272727,0.3246753246753247,0.29365079365079366,0.036231884057971016,0.04,0.3188405797101449,0.3381818181818182,0.38461538461538464,0.391304347826087,0.11538461538461539,0.32708333333333334
2023,"hoffman, jeff",876,122.9,0.675492623558764,0.0,0.06666666666666667,0.10344827586206896,0.0,0.35555555555555557,0.3448275862068966,0.0,0.06976744186046512,0.22727272727272727,0.3953488372093023,0.2631578947368421,0.2727272727272727,0.15789473684210525,0.36416184971098264
2023,"yarbrough, ryan",1426,122.7,0.6678744963246418,0.05263157894736842,0.06896551724137931,0.08536585365853659,0.3684210526315789,0.3103448275862069,0.2804878048780488,0.03,0.03614457831325301,0.32,0.2891566265060241,0.3157894736842105,0.31,0.10526315789473684,0.36330935251798563
2023,"floro, dylan",969,122.1,0.6505678788295991,0.2,0.04838709677419355,0.06976744186046512,0.4,0.22580645161290322,0.16279069767441862,0.15151515151515152,0.08695652173913043,0.36363636363636365,0.36231884057971014,0.25,0.21212121212121213,0.0625,0.34146341463414637
2023,"scherzer, max",2469,121.9,0.6454604288285648,0.0,0.06829268292682927,0.03,0.35294117647058826,0.3170731707317073,0.34,0.06896551724137931,0.084070796460177,0.28735632183908044,0.2610619469026549,0.25,0.3218390804597701,0.125,0.38181818181818183
2023,"greinke, zack",2221,121.5,0.6335400168348515,0.0,0.0635593220338983,0.055944055944055944,0.17647058823529413,0.3432203389830508,0.27972027972027974,0.019417475728155338,0.029535864978902954,0.3300970873786408,0.350210970464135,0.36,0.4077669902912621,0.04,0.4140625
2023,"varland, louis",1091,121.3,0.6290797213066067,0.05,0.08411214953271028,0.12280701754385964,0.35,0.2336448598130841,0.3333333333333333,0.05555555555555555,0.07291666666666667,0.4444444444444444,0.3020833333333333,0.3076923076923077,0.3055555555555556,0.0,0.31950207468879666
2023,"woodruff, brandon",1044,121.2,0.6260156118262316,0.0,0.07058823529411765,0.06666666666666667,0.2727272727272727,0.3058823529411765,0.2222222222222222,0.027777777777777776,0.06741573033707865,0.25,0.38202247191011235,0.25,0.5555555555555556,0.0625,0.3615023474178404
2023,"topa, justin",1062,121.0,0.6180557040213674,0.0,0.0821917808219178,0.030303030303030304,0.4,0.3561643835616438,0.3333333333333333,0.0425531914893617,0.06896551724137931,0.3829787234042553,0.3333333333333333,0.2,0.3829787234042553,0.06666666666666667,0.3125
2023,"waldron, matt",673,120.7,0.6098572792073086,0.07142857142857142,0.06349206349206349,0.0967741935483871,0.2857142857142857,0.3492063492063492,0.2903225806451613,0.08333333333333333,0.04225352112676056,0.3055555555555556,0.30985915492957744,0.2727272727272727,0.4722222222222222,0.0,0.3282442748091603
2023,"foley, jason",1056,120.7,0.6091538760005368,0.0,0.021739130434782608,0.018867924528301886,0.3333333333333333,0.33695652173913043,0.37735849056603776,0.07317073170731707,0.060240963855421686,0.3170731707317073,0.3253012048192771,0.23076923076923078,0.43902439024390244,0.07692307692307693,0.3761904761904762
2023,"gilbert, logan",2928,120.7,0.6093670173522907,0.04081632653061224,0.04113924050632911,0.05921052631578947,0.30612244897959184,0.35443037974683544,0.3157894736842105,0.019230769230769232,0.046263345195729534,0.34615384615384615,0.40569395017793597,0.23529411764705882,0.41346153846153844,0.029411764705882353,0.356401384083045
2023,"dodd, dylan",570,120.0,0.5892262354309737,0.0,0.06097560975609756,0.06382978723404255,0.23529411764705882,0.3048780487804878,0.3404255319148936,0.041666666666666664,0.047619047619047616,0.3333333333333333,0.3492063492063492,0.4166666666666667,0.4583333333333333,0.08333333333333333,0.30357142857142855
2023,"holton, tyler",1199,119.8,0.5833269047742846,0.14285714285714285,0.06818181818181818,0.11290322580645161,0.2857142857142857,0.36363636363636365,0.3387096774193548,0.015873015873015872,0.018867924528301886,0.3333333333333333,0.330188679245283,0.26666666666666666,0.3333333333333333,0.06666666666666667,0.3282051282051282
2023,"clevinger, mike",2105,119.6,0.5781286907573749,0.037037037037037035,0.047619047619047616,0.04950495049504951,0.2222222222222222,0.35978835978835977,0.26732673267326734,0.08333333333333333,0.07373271889400922,0.3333333333333333,0.3548387096774194,0.2916666666666667,0.3541666666666667,0.14583333333333334,0.31909547738693467
2023,"urías, julio",1853,119.1,0.5617987017615682,0.06896551724137931,0.05194805194805195,0.05263157894736842,0.41379310344827586,0.36363636363636365,0.3368421052631579,0.07692307692307693,0.06179775280898876,0.38461538461538464,0.38202247191011235,0.26666666666666666,0.31868131868131866,0.0,0.31179775280898875
2023,"stripling, ross",1456,119.1,0.5646171556772057,0.034482758620689655,0.03821656050955414,0.030927835051546393,0.2413793103448276,0.3503184713375796,0.3402061855670103,0.06666666666666667,0.060810810810810814,0.2833333333333333,0.34459459459459457,0.4444444444444444,0.4166666666666667,0.0,0.3817427385892116
2023,"maton, phil",1047,119.1,0.5635921169254933,0.0,0.14545454545454545,0.08823529411764706,0.16666666666666666,0.3090909090909091,0.38235294117647056,0.09523809523809523,0.1267605633802817,0.30952380952380953,0.29577464788732394,0.25,0.16666666666666666,0.10714285714285714,0.3224043715846995
2023,"vest, will",784,119.0,0.559055992225672,0.0,0.047619047619047616,0.034482758620689655,0.2,0.36507936507936506,0.3103448275862069,0.045454545454545456,0.07407407407407407,0.18181818181818182,0.3148148148148148,0.6666666666666666,0.5454545454545454,0.1111111111111111,0.2550335570469799
2023,"lópez, pablo",3032,118.9,0.558685298611968,0.03225806451612903,0.06995884773662552,0.044444444444444446,0.3548387096774194,0.3045267489711934,0.2962962962962963,0.0896551724137931,0.08214285714285714,0.30344827586206896,0.3142857142857143,0.42592592592592593,0.32413793103448274,0.05555555555555555,0.3554006968641115
2023,"taillon, jameson",2534,118.4,0.543551775138757,0.02,0.06882591093117409,0.04929577464788732,0.36,0.3360323886639676,0.3028169014084507,0.056910569105691054,0.0743801652892562,0.24390243902439024,0.2809917355371901,0.4090909090909091,0.42276422764227645,0.09090909090909091,0.36
2023,"iglesias, raisel",878,118.4,0.5426269238217286,0.0,0.08196721311475409,0.05263157894736842,0.4,0.32786885245901637,0.2894736842105263,0.03571428571428571,0.04838709677419355,0.39285714285714285,0.3548387096774194,0.5384615384615384,0.2857142857142857,0.07692307692307693,0.29878048780487804
2023,"pepiot, ryan",654,118.2,0.5377345969395898,0.0,0.09615384615384616,0.0,0.3333333333333333,0.36538461538461536,0.34375,0.05405405405405406,0.10606060606060606,0.4594594594594595,0.3939393939393939,0.125,0.32432432432432434,0.0,0.3548387096774194
2023,"burke, brock",928,118.0,0.5293300632709783,0.0,0.023255813953488372,0.018518518518518517,0.26666666666666666,0.3023255813953488,0.3333333333333333,0.0,0.0,0.4375,0.379746835443038,0.5,0.4375,0.16666666666666666,0.34579439252336447
2023,"whitlock, garrett",1195,118.0,0.5294647921488699,0.0,0.07563025210084033,0.0821917808219178,0.35,0.29411764705882354,0.2876712328767123,0.057692307692307696,0.030612244897959183,0.3076923076923077,0.3163265306122449,0.3333333333333333,0.5192307692307693,0.0,0.41363636363636364
2023,"hjelle, sean",520,117.9,0.5286315640013922,0.16666666666666666,0.06521739130434782,0.14285714285714285,0.16666666666666666,0.2826086956521739,0.17857142857142858,0.1,0.044444444444444446,0.3,0.35555555555555557,0.3333333333333333,0.4,0.13333333333333333,0.3103448275862069
2023,"teherán, julio",1083,117.8,0.5243844445692136,0.047619047619047616,0.05084745762711865,0.04411764705882353,0.3333333333333333,0.3474576271186441,0.36764705882352944,0.11475409836065574,0.0847457627118644,0.3114754098360656,0.3305084745762712,0.17647058823529413,0.4918032786885246,0.0,0.3404255319148936
2023,"francis, bowden",539,117.8,0.5237557097253617,0.0,0.047619047619047616,0.0,0.3,0.38095238095238093,0.42857142857142855,0.0,0.07317073170731707,0.2857142857142857,0.2926829268292683,0.25,0.42857142857142855,0.25,0.33035714285714285
2023,"cobb, alex",2509,117.7,0.5216593893307132,0.0625,0.06640625,0.07586206896551724,0.28125,0.3359375,0.30344827586206896,0.09482758620689655,0.07112970711297072,0.2413793103448276,0.2928870292887029,0.43902439024390244,0.3275862068965517,0.04878048780487805,0.3842364532019704
2023,"strider, spencer",3102,117.6,0.5176359480007875,0.09090909090909091,0.07109004739336493,0.07575757575757576,0.24242424242424243,0.32701421800947866,0.3560606060606061,0.09803921568627451,0.102803738317757,0.30392156862745096,0.29906542056074764,0.43548387096774194,0.27450980392156865,0.04838709677419355,0.3147208121827411
2023,"ryan, joe",2685,117.3,0.5099979744712878,0.07894736842105263,0.06382978723404255,0.047619047619047616,0.23684210526315788,0.33617021276595743,0.2619047619047619,0.09782608695652174,0.06866952789699571,0.3804347826086957,0.34763948497854075,0.38461538461538464,0.3804347826086957,0.05128205128205128,0.33229329173166927
2023,"lorenzen, michael",2369,117.3,0.5111053138641826,0.05555555555555555,0.06072874493927125,0.046511627906976744,0.2222222222222222,0.27125506072874495,0.35658914728682173,0.0989010989010989,0.08536585365853659,0.3626373626373626,0.3008130081300813,0.375,0.4065934065934066,0.08333333333333333,0.3392461197339246
2023,"fulmer, michael",950,117.2,0.5058546391824323,0.0,0.1276595744680851,0.07692307692307693,0.14285714285714285,0.3191489361702128,0.28205128205128205,0.07692307692307693,0.1206896551724138,0.2564102564102564,0.25862068965517243,0.39285714285714285,0.2564102564102564,0.14285714285714285,0.38926174496644295
2023,"brebbia, john",682,117.0,0.5000790086020007,0.1111111111111111,0.06382978723404255,0.07692307692307693,0.1111111111111111,0.3617021276595745,0.38461538461538464,0.0,0.06521739130434782,0.3076923076923077,0.2826086956521739,0.2727272727272727,0.38461538461538464,0.09090909090909091,0.42105263157894735
2023,"bednar, david",1122,116.9,0.49720084612608584,0.0,0.058823529411764705,0.07142857142857142,0.2222222222222222,0.3382352941176471,0.35714285714285715,0.05714285714285714,0.057971014492753624,0.45714285714285713,0.36231884057971014,0.35,0.3142857142857143,0.1,0.31877729257641924
2023,"hendricks, kyle",2112,116.8,0.4951401247810721,0.03571428571428571,0.052083333333333336,0.056451612903225805,0.35714285714285715,0.3854166666666667,0.33064516129032256,0.045454545454545456,0.05179282868525897,0.2922077922077922,0.3426294820717131,0.5357142857142857,0.3246753246753247,0.07142857142857142,0.31974921630094044
2023,"civale, aaron",2010,116.8,0.4952165117687287,0.045454545454545456,0.09714285714285714,0.07766990291262135,0.13636363636363635,0.30857142857142855,0.2912621359223301,0.08433734939759036,0.0962566844919786,0.3132530120481928,0.3155080213903743,0.35294117647058826,0.3493975903614458,0.058823529411764705,0.38726790450928383
2023,"la sorsa, joe",541,116.7,0.49339446002728754,0.0,0.1590909090909091,0.1,0.5,0.3409090909090909,0.3333333333333333,0.0,0.045454545454545456,0.28,0.36363636363636365,0.35714285714285715,0.28,0.14285714285714285,0.2553191489361702
2023,"kershaw, clayton",2029,116.6,0.490216945012688,0.03571428571428571,0.10465116279069768,0.09375,0.14285714285714285,0.28488372093023256,0.3020833333333333,0.1038961038961039,0.08287292817679558,0.4025974025974026,0.3425414364640884,0.38095238095238093,0.2857142857142857,0.047619047619047616,0.34574468085106386
2023,"steele, justin",2683,116.6,0.4905309868506009,0.037037037037037035,0.04219409282700422,0.02631578947368421,0.4074074074074074,0.350210970464135,0.2894736842105263,0.07086614173228346,0.07480314960629922,0.4251968503937008,0.38188976377952755,0.3023255813953488,0.36220472440944884,0.046511627906976744,0.3459552495697074
2023,"musgrove, joe",1561,116.6,0.48860711109765587,0.07142857142857142,0.06015037593984962,0.058823529411764705,0.21428571428571427,0.3533834586466165,0.3088235294117647,0.1076923076923077,0.07792207792207792,0.2923076923076923,0.34415584415584416,0.2413793103448276,0.38461538461538464,0.13793103448275862,0.3356164383561644
2023,"mantiply, joe",575,115.8,0.46677373433367336,0.0,0.0,0.0,0.2222222222222222,0.2916666666666667,0.2222222222222222,0.12,0.09259259259259259,0.52,0.46296296296296297,0.42857142857142855,0.4,0.0,0.37755102040816324
2023,"armstrong, shawn",799,115.7,0.463945546858803,0.0,0.08928571428571429,0.037037037037037035,0.25,0.375,0.3333333333333333,0.13333333333333333,0.11940298507462686,0.26666666666666666,0.3582089552238806,0.42857142857142855,0.36666666666666664,0.07142857142857142,0.2556818181818182
2023,"faedo, alex",1035,115.7,0.46387342766441403,0.0,0.06818181818181818,0.02040816326530612,0.46153846153846156,0.36363636363636365,0.3469387755102041,0.023255813953488372,0.0673076923076923,0.3953488372093023,0.3173076923076923,0.3,0.3953488372093023,0.05,0.38860103626943004
2023,"mikolas, miles",3198,115.7,0.4621195207498893,0.05084745762711865,0.049315068493150684,0.04830917874396135,0.2033898305084746,0.32602739726027397,0.3285024154589372,0.07874015748031496,0.061764705882352944,0.2992125984251969,0.3382352941176471,0.4772727272727273,0.4645669291338583,0.06818181818181818,0.3488372093023256
2023,"falter, bailey",1297,115.7,0.4637041524944535,0.041666666666666664,0.06428571428571428,0.05952380952380952,0.3333333333333333,0.38571428571428573,0.39285714285714285,0.03571428571428571,0.03875968992248062,0.3392857142857143,0.35658914728682173,0.3,0.42857142857142855,0.05,0.3358208955223881
2023,"miller, bryce",2095,115.5,0.45563608535926087,0.02631578947368421,0.05741626794258373,0.0546875,0.2631578947368421,0.3253588516746411,0.3046875,0.05063291139240506,0.07291666666666667,0.3924050632911392,0.359375,0.3870967741935484,0.45569620253164556,0.0967741935483871,0.3170731707317073
2023,"milner, hoby",1027,115.4,0.45385074692266963,0.125,0.05,0.06896551724137931,0.125,0.31666666666666665,0.4482758620689655,0.10256410256410256,0.05405405405405406,0.38461538461538464,0.2972972972972973,0.23076923076923078,0.358974358974359,0.0,0.4329268292682927
2023,"minter, a. j.",1072,115.4,0.4538507713013697,0.0,0.047619047619047616,0.02564102564102564,0.5,0.47619047619047616,0.46153846153846156,0.06896551724137931,0.05084745762711865,0.2413793103448276,0.3389830508474576,0.23529411764705882,0.27586206896551724,0.058823529411764705,0.37799043062200954
2023,"gaddis, hunter",687,115.3,0.4504712435337221,0.0,0.027777777777777776,0.02857142857142857,0.2857142857142857,0.3194444444444444,0.4,0.06896551724137931,0.075,0.27586206896551724,0.3,0.3888888888888889,0.4482758620689655,0.1111111111111111,0.4090909090909091
2023,"banks, tanner",1012,115.3,0.45192328082424904,0.0,0.05813953488372093,0.0425531914893617,0.3076923076923077,0.38372093023255816,0.40425531914893614,0.0967741935483871,0.04878048780487805,0.2903225806451613,0.2926829268292683,0.3684210526315789,0.25806451612903225,0.15789473684210525,0.38323353293413176
2023,"winans, allan",536,115.2,0.4490148093768766,0.25,0.0425531914893617,0.07142857142857142,0.25,0.3829787234042553,0.32142857142857145,0.13636363636363635,0.08695652173913043,0.2727272727272727,0.43478260869565216,0.25,0.2727272727272727,0.0,0.30434782608695654
2023,"ober, bailey",2327,115.0,0.441969808718415,0.07894736842105263,0.046875,0.044642857142857144,0.34210526315789475,0.359375,0.30357142857142855,0.11827956989247312,0.07142857142857142,0.3333333333333333,0.35267857142857145,0.2857142857142857,0.3763440860215054,0.05714285714285714,0.36419753086419754
2023,"kelly, joe",715,114.9,0.4403758705395186,0.0,0.06666666666666667,0.2222222222222222,0.16666666666666666,0.3,0.5555555555555556,0.1,0.08108108108108109,0.45,0.21621621621621623,0.21052631578947367,0.2,0.15789473684210525,0.2698412698412698
2023,"bradford, cody",975,114.5,0.4285212498095574,0.0,0.056179775280898875,0.041666666666666664,0.5,0.33707865168539325,0.4583333333333333,0.0,0.033707865168539325,0.40540540540540543,0.3707865168539326,0.25,0.43243243243243246,0.08333333333333333,0.3401015228426396
2023,"beck, tristan",1306,114.2,0.4179308296642139,0.05,0.046511627906976744,0.013333333333333334,0.4,0.3643410852713178,0.30666666666666664,0.06153846153846154,0.08695652173913043,0.4,0.427536231884058,0.35,0.4461538461538462,0.0,0.32
2023,"brasier, ryan",909,114.1,0.41546679938451575,0.0,0.07142857142857142,0.0975609756097561,0.0,0.35714285714285715,0.24390243902439024,0.07142857142857142,0.05172413793103448,0.32142857142857145,0.39655172413793105,0.5714285714285714,0.35714285714285715,0.09523809523809523,0.375
2023,"manning, matt",1183,114.1,0.4154465683490805,0.038461538461538464,0.05755395683453238,0.057971014492753624,0.2692307692307692,0.37410071942446044,0.30434782608695654,0.08,0.06349206349206349,0.24,0.36507936507936506,0.4583333333333333,0.44,0.125,0.3157894736842105
2023,"devenski, chris",685,113.2,0.3879884253292443,0.0,0.05660377358490566,0.027777777777777776,0.3076923076923077,0.2830188679245283,0.2777777777777778,0.0,0.020833333333333332,0.28,0.3125,0.36363636363636365,0.4,0.2727272727272727,0.5267857142857143
2023,"keller, mitch",3122,113.2,0.38898166670156714,0.08888888888888889,0.10646387832699619,0.09770114942528736,0.35555555555555557,0.3193916349809886,0.367816091954023,0.07432432432432433,0.08,0.34459459459459457,0.32,0.2878787878787879,0.30405405405405406,0.045454545454545456,0.3581081081081081
2023,"canning, griffin",2182,113.1,0.3850533942664363,0.06060606060606061,0.06878306878306878,0.04807692307692308,0.36363636363636365,0.3862433862433862,0.3269230769230769,0.030303030303030304,0.0782122905027933,0.2727272727272727,0.3743016759776536,0.3684210526315789,0.36363636363636365,0.07894736842105263,0.37789203084832906
2023,"raley, brooks",996,113.1,0.3876493080176728,0.0,0.10204081632653061,0.030303030303030304,0.42857142857142855,0.3673469387755102,0.2727272727272727,0.06666666666666667,0.12727272727272726,0.3333333333333333,0.4,0.20833333333333334,0.3,0.041666666666666664,0.40384615384615385
2023,"mlodzinski, carmen",621,113.0,0.38333484987689814,0.25,0.14705882352941177,0.13636363636363635,0.25,0.35294117647058826,0.2727272727272727,0.09523809523809523,0.07142857142857142,0.23809523809523808,0.2619047619047619,0.3333333333333333,0.3333333333333333,0.05555555555555555,0.3140495867768595
2023,"rea, colin",2021,112.8,0.37812834950476876,0.04,0.09313725490196079,0.0673076923076923,0.24,0.3382352941176471,0.33653846153846156,0.09333333333333334,0.08673469387755102,0.3466666666666667,0.33163265306122447,0.4,0.36,0.075,0.34146341463414637
2023,"wheeler, zack",3158,112.8,0.3762591078574519,0.043478260869565216,0.06097560975609756,0.034482758620689655,0.43478260869565216,0.4186991869918699,0.33793103448275863,0.05844155844155844,0.08333333333333333,0.34415584415584416,0.3993055555555556,0.2978723404255319,0.35714285714285715,0.02127659574468085,0.3525641025641026
2023,"webb, logan",3184,112.7,0.375439616978049,0.02564102564102564,0.02932551319648094,0.03428571428571429,0.38461538461538464,0.36656891495601174,0.38857142857142857,0.07258064516129033,0.04142011834319527,0.3790322580645161,0.35798816568047337,0.34285714285714286,0.4596774193548387,0.05714285714285714,0.3701754385964912
2023,"webb, jacob",938,112.7,0.3737206339123917,0.0,0.06779661016949153,0.06666666666666667,0.2,0.3389830508474576,0.36666666666666664,0.20689655172413793,0.11475409836065574,0.27586206896551724,0.22950819672131148,0.4230769230769231,0.2413793103448276,0.15384615384615385,0.37222222222222223
2023,"gallegos, giovanny",886,112.6,0.37155442213021744,0.08333333333333333,0.027777777777777776,0.07142857142857142,0.3333333333333333,0.3333333333333333,0.38095238095238093,0.12,0.03225806451612903,0.36,0.3225806451612903,0.4,0.52,0.0,0.35074626865671643
2023,"leone, dominic",898,112.6,0.3706304453515469,0.11764705882352941,0.07352941176470588,0.046511627906976744,0.4117647058823529,0.35294117647058826,0.23255813953488372,0.07407407407407407,0.0847457627118644,0.25925925925925924,0.3559322033898305,0.375,0.2222222222222222,0.125,0.43448275862068964
2023,"santos, gregory",1053,112.4,0.3666075133198986,0.0,0.1,0.13725490196078433,0.5,0.325,0.39215686274509803,0.05,0.043478260869565216,0.325,0.33695652173913043,0.38095238095238093,0.275,0.09523809523809523,0.3270440251572327
2023,"sale, chris",1672,112.3,0.36396629459743496,0.13636363636363635,0.06722689075630252,0.078125,0.22727272727272727,0.33613445378151263,0.359375,0.07142857142857142,0.08633093525179857,0.37142857142857144,0.34532374100719426,0.2647058823529412,0.3142857142857143,0.11764705882352941,0.3569023569023569
2023,"alcántara, sandy",2726,112.3,0.3619460374441777,0.08333333333333333,0.06338028169014084,0.08333333333333333,0.3055555555555556,0.2992957746478873,0.33974358974358976,0.10294117647058823,0.07046979865771812,0.3602941176470588,0.35906040268456374,0.5576923076923077,0.40441176470588236,0.038461538461538464,0.2811918063314711
2023,"chapman, aroldis",1021,112.2,0.3602045285174976,0.1,0.05405405405405406,0.03333333333333333,0.3,0.2972972972972973,0.43333333333333335,0.13793103448275862,0.13333333333333333,0.41379310344827586,0.4,0.21875,0.1724137931034483,0.15625,0.3006535947712418
2023,"fairbanks, pete",736,112.2,0.36110767315852144,0.0,0.0967741935483871,0.05555555555555555,0.5,0.3548387096774194,0.2222222222222222,0.047619047619047616,0.046511627906976744,0.47619047619047616,0.4418604651162791,0.09523809523809523,0.23809523809523808,0.3333333333333333,0.296551724137931
2023,"pérez, eury",1538,112.2,0.3598546612026334,0.041666666666666664,0.06299212598425197,0.06779661016949153,0.16666666666666666,0.3779527559055118,0.3220338983050847,0.07142857142857142,0.0916030534351145,0.39285714285714285,0.4580152671755725,0.25806451612903225,0.42857142857142855,0.06451612903225806,0.3102189781021898
2023,"sears, jp",2877,112.1,0.3570410632413163,0.05454545454545454,0.0888030888030888,0.07051282051282051,0.43636363636363634,0.3590733590733591,0.38461538461538464,0.10256410256410256,0.09363295880149813,0.3333333333333333,0.3258426966292135,0.25757575757575757,0.2905982905982906,0.045454545454545456,0.3608768971332209
2023,"brash, matt",1306,112.1,0.3582303245883895,0.0,0.03076923076923077,0.0,0.2857142857142857,0.4153846153846154,0.47619047619047616,0.13333333333333333,0.09259259259259259,0.3333333333333333,0.2962962962962963,0.25,0.26666666666666666,0.1875,0.3763440860215054
2023,"fried, max",1244,112.0,0.35288522007219886,0.0,0.11702127659574468,0.12,0.25,0.4148936170212766,0.42,0.045454545454545456,0.07936507936507936,0.3181818181818182,0.42063492063492064,0.2222222222222222,0.3333333333333333,0.0,0.3285024154589372
2023,"sewald, paul",1042,112.0,0.35415705271634507,0.2857142857142857,0.08,0.08108108108108109,0.7142857142857143,0.34,0.2702702702702703,0.058823529411764705,0.14754098360655737,0.23529411764705882,0.3442622950819672,0.3333333333333333,0.11764705882352941,0.041666666666666664,0.32727272727272727
2023,"hoeing, bryan",1134,111.9,0.35019824542498074,0.047619047619047616,0.08620689655172414,0.06349206349206349,0.2857142857142857,0.3620689655172414,0.3492063492063492,0.10256410256410256,0.1,0.38461538461538464,0.37272727272727274,0.375,0.23076923076923078,0.041666666666666664,0.35625
2023,"freeland, kyle",2419,111.8,0.3491719486808983,0.043478260869565216,0.05821917808219178,0.03125,0.5217391304347826,0.3219178082191781,0.36875,0.03508771929824561,0.05755395683453238,0.3684210526315789,0.302158273381295,0.4418604651162791,0.5,0.023255813953488372,0.37763713080168776
2023,"alzolay, adbert",968,111.7,0.3444862295072972,0.0,0.0684931506849315,0.12,0.2222222222222222,0.3561643835616438,0.36,0.14285714285714285,0.034482758620689655,0.39285714285714285,0.3448275862068966,0.5,0.32142857142857145,0.0,0.35294117647058826
2023,"corbin, patrick",2925,111.7,0.34520945559851546,0.1111111111111111,0.0729483282674772,0.08854166666666667,0.3888888888888889,0.3252279635258359,0.3489583333333333,0.04838709677419355,0.0547945205479452,0.25806451612903225,0.2945205479452055,0.36666666666666664,0.4596774193548387,0.06666666666666667,0.3995433789954338
2023,"wantz, andrew",663,111.6,0.342780677647894,0.0,0.07894736842105263,0.14285714285714285,0.42857142857142855,0.2894736842105263,0.39285714285714285,0.09375,0.08163265306122448,0.34375,0.2857142857142857,0.2857142857142857,0.40625,0.07142857142857142,0.3467741935483871
2023,"matz, steven",1867,111.4,0.3350723355219018,0.0,0.04375,0.05319148936170213,0.3333333333333333,0.3375,0.2872340425531915,0.10144927536231885,0.07317073170731707,0.3188405797101449,0.4146341463414634,0.5,0.37681159420289856,0.06666666666666667,0.3735632183908046
2023,"ryu, hyun jin",830,111.0,0.32566174372317785,0.07692307692307693,0.0684931506849315,0.08695652173913043,0.23076923076923078,0.3287671232876712,0.30434782608695654,0.0851063829787234,0.07291666666666667,0.5319148936170213,0.4583333333333333,0.42857142857142855,0.2978723404255319,0.0,0.3006993006993007
2023,"tonkin, michael",1287,111.0,0.32287665888004263,0.1111111111111111,0.06086956521739131,0.06557377049180328,0.5,0.3130434782608696,0.3770491803278688,0.05128205128205128,0.056074766355140186,0.3076923076923077,0.32710280373831774,0.5,0.41025641025641024,0.041666666666666664,0.3474903474903475
2023,"nardi, andrew",966,110.8,0.31811184512686436,0.0,0.11363636363636363,0.06451612903225806,0.25,0.4318181818181818,0.3548387096774194,0.08108108108108109,0.16393442622950818,0.21621621621621623,0.3114754098360656,0.3,0.35135135135135137,0.05,0.3671497584541063
2023,"barría, jaime",1377,110.8,0.3198909206990384,0.07142857142857142,0.06611570247933884,0.07446808510638298,0.14285714285714285,0.2892561983471074,0.2553191489361702,0.08333333333333333,0.078125,0.375,0.390625,0.4230769230769231,0.4027777777777778,0.07692307692307693,0.4194915254237288
2023,"nola, aaron",3094,110.6,0.31195757366850313,0.022727272727272728,0.06934306569343066,0.07051282051282051,0.4318181818181818,0.40145985401459855,0.3717948717948718,0.08130081300813008,0.0547945205479452,0.3252032520325203,0.3698630136986301,0.4186046511627907,0.3902439024390244,0.023255813953488372,0.3333333333333333
2023,"cole, gerrit",3286,110.6,0.31260599239361947,0.13513513513513514,0.06343283582089553,0.09259259259259259,0.2702702702702703,0.30223880597014924,0.3333333333333333,0.088,0.06872852233676977,0.392,0.35738831615120276,0.3888888888888889,0.312,0.07407407407407407,0.37574850299401197
2023,"lugo, seth",2378,110.5,0.30851457674745875,0.07894736842105263,0.06722689075630252,0.05511811023622047,0.3157894736842105,0.37815126050420167,0.33858267716535434,0.0375,0.07075471698113207,0.35,0.37735849056603776,0.4473684210526316,0.4375,0.02631578947368421,0.3543123543123543
2023,"bradley, taj",1822,110.5,0.3099415019062012,0.03225806451612903,0.07926829268292683,0.061224489795918366,0.41935483870967744,0.4024390243902439,0.40816326530612246,0.0851063829787234,0.0821917808219178,0.3191489361702128,0.3698630136986301,0.32432432432432434,0.2978723404255319,0.10810810810810811,0.30808080808080807
2023,"brogdon, connor",545,110.4,0.3069430676853369,0.0,0.03125,0.05555555555555555,0.6666666666666666,0.4375,0.5,0.08695652173913043,0.0975609756097561,0.17391304347826086,0.24390243902439024,0.16666666666666666,0.4782608695652174,0.08333333333333333,0.3711340206185567
2023,"berríos, josé",2945,110.3,0.3045126338554379,0.043478260869565216,0.0859375,0.08333333333333333,0.3695652173913043,0.40234375,0.3630952380952381,0.06060606060606061,0.07246376811594203,0.30303030303030304,0.35507246376811596,0.42105263157894735,0.3484848484848485,0.05263157894736842,0.33958333333333335
2023,"garrett, braxton",2486,110.3,0.30425279854860937,0.17647058823529413,0.06,0.08387096774193549,0.4117647058823529,0.36,0.36129032258064514,0.05825242718446602,0.044642857142857144,0.2621359223300971,0.3482142857142857,0.3157894736842105,0.46601941747572817,0.05263157894736842,0.3627450980392157
2023,"martínez, nick",1756,110.2,0.30207615887518463,0.09090909090909091,0.09565217391304348,0.08,0.2727272727272727,0.34782608695652173,0.32,0.09090909090909091,0.0896551724137931,0.32954545454545453,0.3793103448275862,0.24390243902439024,0.3068181818181818,0.12195121951219512,0.3726937269372694
2023,"hernandez, jose",876,110.2,0.3018126741349401,0.25,0.08620689655172414,0.1282051282051282,0.3333333333333333,0.39655172413793105,0.3076923076923077,0.08,0.034482758620689655,0.4,0.3103448275862069,0.2857142857142857,0.28,0.07142857142857142,0.33093525179856115
2023,"bassitt, chris",3160,110.1,0.29714655421762937,0.045454545454545456,0.07749077490774908,0.053691275167785234,0.38636363636363635,0.3763837638376384,0.3422818791946309,0.08695652173913043,0.07301587301587302,0.40372670807453415,0.38412698412698415,0.38235294117647056,0.3416149068322981,0.08823529411764706,0.3073005093378608
2023,"castro, miguel",1022,110.1,0.2979125480920479,0.125,0.07407407407407407,0.075,0.375,0.42592592592592593,0.35,0.20930232558139536,0.14666666666666667,0.3953488372093023,0.37333333333333335,0.16666666666666666,0.16279069767441862,0.0,0.2922077922077922
2023,"strahm, matt",1367,110.1,0.29769910559130464,0.17647058823529413,0.06481481481481481,0.08620689655172414,0.5294117647058824,0.4074074074074074,0.3620689655172414,0.02631578947368421,0.010869565217391304,0.2894736842105263,0.32608695652173914,0.43478260869565216,0.39473684210526316,0.08695652173913043,0.32
2023,"junis, jakob",1395,110.1,0.29859238318897596,0.05555555555555555,0.07207207207207207,0.09859154929577464,0.3333333333333333,0.32432432432432434,0.352112676056338,0.09259259259259259,0.05982905982905983,0.37037037037037035,0.28205128205128205,0.391304347826087,0.42592592592592593,0.043478260869565216,0.39732142857142855
2023,"pagán, emilio",1071,109.9,0.29295248238989424,0.0,0.05319148936170213,0.021739130434782608,0.16666666666666666,0.2978723404255319,0.1956521739130435,0.03333333333333333,0.0375,0.4,0.3875,0.5555555555555556,0.5666666666666667,0.2777777777777778,0.352
2023,"skubal, tarik",1219,109.9,0.2916405049473162,0.0,0.06930693069306931,0.09523809523809523,0.5,0.45544554455445546,0.4523809523809524,0.08695652173913043,0.07920792079207921,0.3695652173913043,0.3465346534653465,0.3125,0.32608695652173914,0.0,0.2874493927125506
2023,"castillo, luis",3209,109.8,0.28802060441329885,0.10638297872340426,0.06785714285714285,0.08609271523178808,0.425531914893617,0.3964285714285714,0.3841059602649007,0.08130081300813008,0.06620209059233449,0.3170731707317073,0.36585365853658536,0.2631578947368421,0.3983739837398374,0.05263157894736842,0.3275316455696203
2023,"morgan, eli",1204,109.7,0.2848840830558984,0.05555555555555555,0.10126582278481013,0.10526315789473684,0.16666666666666666,0.4936708860759494,0.47368421052631576,0.04,0.03614457831325301,0.32,0.3493975903614458,0.17391304347826086,0.42,0.043478260869565216,0.3551020408163265
2023,"schmidt, clarke",2714,109.5,0.2814959216725403,0.029411764705882353,0.06639004149377593,0.04285714285714286,0.4117647058823529,0.35684647302904565,0.35714285714285715,0.13970588235294118,0.109375,0.33088235294117646,0.3203125,0.4074074074074074,0.3161764705882353,0.05555555555555555,0.37298387096774194
2023,"bautista, félix",988,109.4,0.2758405010625177,0.0,0.07317073170731707,0.0,0.8,0.3902439024390244,0.4090909090909091,0.1875,0.1956521739130435,0.1875,0.3695652173913043,0.14285714285714285,0.125,0.14285714285714285,0.3131868131868132
2023,"houck, tanner",1742,109.1,0.2680078326649632,0.0,0.08571428571428572,0.0375,0.23809523809523808,0.34285714285714286,0.3125,0.09090909090909091,0.14705882352941177,0.45454545454545453,0.4117647058823529,0.35555555555555557,0.30303030303030304,0.044444444444444446,0.3680297397769517
2023,"bradish, kyle",2642,109.0,0.2643859746265231,0.03333333333333333,0.07083333333333333,0.0546875,0.23333333333333334,0.375,0.359375,0.08235294117647059,0.07053941908713693,0.4588235294117647,0.42738589211618255,0.2653061224489796,0.3411764705882353,0.10204081632653061,0.3568181818181818
2023,"vesia, alex",866,108.8,0.25854803080380917,0.0,0.030303030303030304,0.05405405405405406,0.2222222222222222,0.4393939393939394,0.5675675675675675,0.0,0.057692307692307696,0.46153846153846156,0.36538461538461536,0.5,0.15384615384615385,0.07142857142857142,0.40119760479041916
2023,"bello, brayan",2622,108.8,0.2594813987616501,0.029411764705882353,0.06463878326996197,0.06976744186046512,0.35294117647058826,0.311787072243346,0.32558139534883723,0.08547008547008547,0.07434944237918216,0.358974358974359,0.3271375464684015,0.39215686274509803,0.4700854700854701,0.11764705882352941,0.3773987206823028
2023,"richards, trevor",1367,108.7,0.25588383409804466,0.0625,0.11392405063291139,0.045454545454545456,0.3125,0.35443037974683544,0.25,0.05555555555555555,0.1125,0.2777777777777778,0.3625,0.3793103448275862,0.3888888888888889,0.10344827586206896,0.40869565217391307
2023,"jackson, luke",537,108.5,0.2493664077079487,0.14285714285714285,0.08108108108108109,0.05263157894736842,0.42857142857142855,0.2972972972972973,0.3684210526315789,0.0,0.08108108108108109,0.2857142857142857,0.35135135135135137,0.3076923076923077,0.35714285714285715,0.15384615384615385,0.43617021276595747
2023,"scholtens, jesse",1451,108.3,0.2455640732519298,0.047619047619047616,0.06474820143884892,0.0379746835443038,0.3333333333333333,0.302158273381295,0.27848101265822783,0.1320754716981132,0.10191082802547771,0.3018867924528302,0.37579617834394907,0.5333333333333333,0.33962264150943394,0.03333333333333333,0.43859649122807015
2023,"garcía, yimi",1101,108.2,0.240431074287097,0.0,0.029850746268656716,0.05454545454545454,0.36363636363636365,0.34328358208955223,0.38181818181818183,0.10526315789473684,0.06779661016949153,0.4473684210526316,0.4067796610169492,0.5,0.2631578947368421,0.05555555555555555,0.3888888888888889
2023,"gausman, kevin",3071,108.2,0.24278327123579954,0.11627906976744186,0.12062256809338522,0.10638297872340426,0.3488372093023256,0.36186770428015563,0.375886524822695,0.07272727272727272,0.09401709401709402,0.34545454545454546,0.3547008547008547,0.375,0.34545454545454546,0.03571428571428571,0.29372937293729373
2023,"bird, jake",1392,108.1,0.2389045585543637,0.0,0.08270676691729323,0.07894736842105263,0.22727272727272727,0.39097744360902253,0.3815789473684211,0.09302325581395349,0.08771929824561403,0.32558139534883723,0.40350877192982454,0.4375,0.3488372093023256,0.0625,0.34497816593886466
2023,"payamps, joel",1126,108.0,0.23609494276984153,0.1111111111111111,0.08571428571428572,0.045454545454545456,0.3333333333333333,0.37142857142857144,0.4090909090909091,0.08333333333333333,0.0958904109589041,0.3888888888888889,0.3424657534246575,0.2,0.4166666666666667,0.0,0.4036144578313253
2023,"bieber, shane",1957,107.9,0.23247001447173968,0.038461538461538464,0.05652173913043478,0.056910569105691054,0.4230769230769231,0.3347826086956522,0.3333333333333333,0.0945945945945946,0.07462686567164178,0.3783783783783784,0.35323383084577115,0.4444444444444444,0.5135135135135135,0.05555555555555555,0.3344947735191638
2023,"cortés, néstor",1070,107.9,0.23162587553277017,0.07692307692307693,0.09302325581395349,0.13043478260869565,0.46153846153846156,0.29069767441860467,0.30434782608695654,0.06666666666666667,0.06796116504854369,0.35555555555555557,0.36893203883495146,0.42857142857142855,0.37777777777777777,0.09523809523809523,0.32589285714285715
2023,"glasnow, tyler",1903,107.5,0.2214494284515924,0.12121212121212122,0.10559006211180125,0.15853658536585366,0.24242424242424243,0.2919254658385093,0.32926829268292684,0.08064516129032258,0.07746478873239436,0.2903225806451613,0.3028169014084507,0.35294117647058826,0.4032258064516129,0.058823529411764705,0.41830065359477125
2023,"luzardo, jesús",2994,107.5,0.22058086937379623,0.046511627906976744,0.08433734939759036,0.08461538461538462,0.32558139534883723,0.40160642570281124,0.38461538461538464,0.10891089108910891,0.09765625,0.37623762376237624,0.359375,0.30357142857142855,0.2871287128712871,0.07142857142857142,0.3524904214559387
2023,"syndergaard, noah",1409,107.4,0.218351097936403,0.15151515151515152,0.08609271523178808,0.08,0.36363636363636365,0.3841059602649007,0.41,0.07228915662650602,0.08163265306122448,0.3132530120481928,0.29931972789115646,0.32142857142857145,0.4457831325301205,0.03571428571428571,0.3524904214559387
2023,"stone, gavin",548,107.2,0.21265529215298143,0.1111111111111111,0.11320754716981132,0.05263157894736842,0.3333333333333333,0.3584905660377358,0.3157894736842105,0.125,0.15517241379310345,0.34375,0.41379310344827586,0.46153846153846156,0.3125,0.07692307692307693,0.22077922077922077
2023,"montgomery, jordan",2923,107.0,0.20499036253867362,0.07894736842105263,0.052083333333333336,0.08176100628930817,0.3157894736842105,0.3611111111111111,0.3584905660377358,0.11564625850340136,0.07260726072607261,0.36054421768707484,0.37293729372937295,0.3333333333333333,0.40816326530612246,0.041666666666666664,0.39655172413793105
2023,"wilson, bryse",1158,106.9,0.2031829572708917,0.06666666666666667,0.042105263157894736,0.03773584905660377,0.5333333333333333,0.3894736842105263,0.41509433962264153,0.11764705882352941,0.049019607843137254,0.37254901960784315,0.37254901960784315,0.2727272727272727,0.35294117647058826,0.13636363636363635,0.34649122807017546
2023,"puk, a. j.",959,106.9,0.20248542088794985,0.0,0.06666666666666667,0.027777777777777776,0.5454545454545454,0.43333333333333335,0.3055555555555556,0.034482758620689655,0.046153846153846156,0.27586206896551724,0.4,0.45454545454545453,0.20689655172413793,0.36363636363636365,0.3291139240506329
2023,"englert, mason",960,106.7,0.19629515185337595,0.05555555555555555,0.06666666666666667,0.05084745762711865,0.4444444444444444,0.4095238095238095,0.3559322033898305,0.06896551724137931,0.08641975308641975,0.3793103448275862,0.41975308641975306,0.23529411764705882,0.4482758620689655,0.0,0.38202247191011235
2023,"wells, tyler",1905,106.7,0.1969561452322456,0.11428571428571428,0.08074534161490683,0.08536585365853659,0.2857142857142857,0.35403726708074534,0.3048780487804878,0.06756756756756757,0.07386363636363637,0.32432432432432434,0.375,0.3611111111111111,0.33783783783783783,0.1111111111111111,0.42318840579710143
2023,"dunning, dane",2698,106.6,0.19449472274804475,0.08333333333333333,0.08764940239043825,0.10625,0.3055555555555556,0.3466135458167331,0.31875,0.088,0.08208955223880597,0.376,0.40298507462686567,0.35,0.376,0.05,0.3634408602150538
2023,"lynch, daniel",809,106.5,0.1920393165666773,0.07692307692307693,0.10465116279069768,0.08163265306122448,0.3076923076923077,0.37209302325581395,0.3469387755102041,0.02127659574468085,0.09473684210526316,0.3617021276595745,0.3684210526315789,0.35294117647058826,0.5319148936170213,0.0,0.3629032258064516
2023,"jiménez, joe",938,106.4,0.18987279371261678,0.06666666666666667,0.08333333333333333,0.047619047619047616,0.4,0.375,0.38095238095238093,0.045454545454545456,0.07407407407407407,0.45454545454545453,0.35185185185185186,0.3333333333333333,0.5454545454545454,0.06666666666666667,0.30057803468208094
2023,"white, brendan",669,106.4,0.18844888188117143,0.0,0.16981132075471697,0.1724137931034483,0.0,0.3018867924528302,0.3448275862068966,0.0,0.09523809523809523,0.4444444444444444,0.2857142857142857,0.5263157894736842,0.3888888888888889,0.15789473684210525,0.3185840707964602
2023,"chirinos, yonny",1345,106.4,0.1880548615669424,0.0,0.06962025316455696,0.08433734939759036,0.32,0.3987341772151899,0.3132530120481928,0.08695652173913043,0.0763888888888889,0.41304347826086957,0.4236111111111111,0.3793103448275862,0.391304347826087,0.13793103448275862,0.30196078431372547
2023,"rodríguez, eduardo",2449,106.4,0.18896267316926038,0.0967741935483871,0.09950248756218906,0.0990990990990991,0.3548387096774194,0.3283582089552239,0.3783783783783784,0.07017543859649122,0.07727272727272727,0.35964912280701755,0.35909090909090907,0.44,0.35964912280701755,0.06,0.3456521739130435
2023,"winder, josh",560,106.3,0.18550492979481614,0.0,0.10526315789473684,0.125,0.42857142857142855,0.2631578947368421,0.25,0.05263157894736842,0.07692307692307693,0.3684210526315789,0.28846153846153844,0.35714285714285715,0.47368421052631576,0.14285714285714285,0.44144144144144143
2023,"phillips, evan",924,106.3,0.18478122235579963,0.0,0.016666666666666666,0.0,0.3333333333333333,0.31666666666666665,0.34146341463414637,0.17647058823529413,0.11475409836065574,0.5294117647058824,0.45901639344262296,0.5714285714285714,0.4117647058823529,0.07142857142857142,0.24342105263157895
2023,"beeks, jalen",732,106.3,0.18568739181634397,0.0,0.08,0.10344827586206896,0.5555555555555556,0.36,0.4827586206896552,0.0,0.0967741935483871,0.23076923076923078,0.3387096774193548,0.2857142857142857,0.4230769230769231,0.14285714285714285,0.36036036036036034
2023,"jax, griffin",1052,106.2,0.1824046204195249,0.0,0.029850746268656716,0.05714285714285714,0.4,0.373134328358209,0.42857142857142855,0.2222222222222222,0.09302325581395349,0.4444444444444444,0.43023255813953487,0.21052631578947367,0.26666666666666666,0.10526315789473684,0.3131868131868132
2023,"zerpa, angel",707,105.8,0.17063067497626053,0.09090909090909091,0.0547945205479452,0.04878048780487805,0.7272727272727273,0.3835616438356164,0.4146341463414634,0.038461538461538464,0.057971014492753624,0.2692307692307692,0.34782608695652173,0.25,0.4230769230769231,0.08333333333333333,0.41379310344827586
2023,"gallen, zac",3252,105.8,0.16978304165218208,0.018867924528301886,0.05357142857142857,0.054945054945054944,0.5094339622641509,0.36904761904761907,0.38461538461538464,0.05434782608695652,0.061371841155234655,0.358695652173913,0.3249097472924188,0.4423076923076923,0.3804347826086957,0.1346153846153846,0.39783001808318263
2023,"irvin, cole",1275,105.5,0.16213881825666943,0.04,0.06779661016949153,0.12162162162162163,0.28,0.3389830508474576,0.36486486486486486,0.13725490196078433,0.06422018348623854,0.4117647058823529,0.3761467889908257,0.37037037037037035,0.39215686274509803,0.1111111111111111,0.3233082706766917
2023,"loup, aaron",855,105.2,0.15471616636848365,0.2,0.09230769230769231,0.07894736842105263,0.5,0.26153846153846155,0.2894736842105263,0.05263157894736842,0.06779661016949153,0.5263157894736842,0.5084745762711864,0.23529411764705882,0.39473684210526316,0.058823529411764705,0.2994011976047904
2023,"gray, jon",2403,105.2,0.15303782515091582,0.13793103448275862,0.1016949152542373,0.13385826771653545,0.4482758620689655,0.3644067796610169,0.3700787401574803,0.14285714285714285,0.07234042553191489,0.32653061224489793,0.3148936170212766,0.3,0.3163265306122449,0.08333333333333333,0.3264840182648402
2023,"sandlin, nick",1009,105.2,0.15269707991403061,0.0,0.11864406779661017,0.058823529411764705,0.5,0.423728813559322,0.5,0.06451612903225806,0.14035087719298245,0.3548387096774194,0.38596491228070173,0.2727272727272727,0.2903225806451613,0.045454545454545456,0.28654970760233917
2023,"maeda, kenta",1702,105.1,0.15144372261004646,0.045454545454545456,0.07236842105263158,0.075,0.45454545454545453,0.3618421052631579,0.4625,0.05357142857142857,0.06711409395973154,0.5,0.3691275167785235,0.3448275862068966,0.35714285714285715,0.034482758620689655,0.34726688102893893
2023,"mayza, tim",820,105.1,0.15011749362108598,0.0,0.11764705882352941,0.02702702702702703,0.5,0.3333333333333333,0.35135135135135137,0.03225806451612903,0.12244897959183673,0.25806451612903225,0.3469387755102041,0.3333333333333333,0.5483870967741935,0.1111111111111111,0.3870967741935484
2023,"baker, bryan",793,105.1,0.14987154164754207,0.0,0.06666666666666667,0.13043478260869565,0.6,0.3111111111111111,0.391304347826087,0.045454545454545456,0.041666666666666664,0.3181818181818182,0.3333333333333333,0.5238095238095238,0.2727272727272727,0.09523809523809523,0.4406779661016949
2023,"romano, jordan",937,105.0,0.14762967047151035,0.2222222222222222,0.11290322580645161,0.08823529411764706,0.4444444444444444,0.4032258064516129,0.35294117647058826,0.034482758620689655,0.0847457627118644,0.27586206896551724,0.3559322033898305,0.35,0.3793103448275862,0.1,0.3055555555555556
2023,"suter, brent",1130,105.0,0.14602494837563554,0.2,0.09375,0.06818181818181818,0.2,0.34375,0.36363636363636365,0.10526315789473684,0.10638297872340426,0.3508771929824561,0.35106382978723405,0.2222222222222222,0.2807017543859649,0.07407407407407407,0.4632768361581921
2023,"urquidy, josé",1098,104.9,0.1439951882615091,0.05555555555555555,0.07777777777777778,0.038461538461538464,0.3888888888888889,0.37777777777777777,0.4230769230769231,0.16393442622950818,0.11607142857142858,0.3770491803278688,0.38392857142857145,0.25925925925925924,0.36065573770491804,0.07407407407407407,0.3225806451612903
2023,"harrison, kyle",588,104.8,0.14141535471551545,0.0,0.11538461538461539,0.10344827586206896,0.14285714285714285,0.40384615384615385,0.3103448275862069,0.0,0.09259259259259259,0.5,0.48148148148148145,0.5714285714285714,0.2222222222222222,0.07142857142857142,0.3302752293577982
2023,"manaea, sean",2053,104.7,0.13927076955824724,0.125,0.10126582278481013,0.06315789473684211,0.2916666666666667,0.379746835443038,0.35789473684210527,0.11764705882352941,0.08588957055214724,0.4117647058823529,0.3619631901840491,0.375,0.3088235294117647,0.0625,0.3598233995584989
2023,"merryweather, julian",1230,104.7,0.13717337822747216,0.09090909090909091,0.11688311688311688,0.10416666666666667,0.2727272727272727,0.33766233766233766,0.25,0.17647058823529413,0.16176470588235295,0.35294117647058826,0.3382352941176471,0.36363636363636365,0.23529411764705882,0.15151515151515152,0.32367149758454106
2023,"doval, camilo",1163,104.5,0.13181414725629312,0.0,0.08771929824561403,0.11428571428571428,0.4,0.3157894736842105,0.42857142857142855,0.11428571428571428,0.08450704225352113,0.42857142857142855,0.352112676056338,0.39285714285714285,0.3142857142857143,0.10714285714285714,0.3333333333333333
2023,"herget, jimmy",521,104.4,0.1309331410247197,0.0,0.046511627906976744,0.06896551724137931,0.2222222222222222,0.32558139534883723,0.3448275862068966,0.18181818181818182,0.10344827586206896,0.2727272727272727,0.4482758620689655,0.7142857142857143,0.36363636363636365,0.0,0.36363636363636365
2023,"swanson, erik",1059,104.4,0.12986886128168523,0.1111111111111111,0.10144927536231885,0.05128205128205128,0.2222222222222222,0.4057971014492754,0.41025641025641024,0.06451612903225806,0.11428571428571428,0.3870967741935484,0.38571428571428573,0.2857142857142857,0.3870967741935484,0.09523809523809523,0.3351063829787234
2023,"cueto, johnny",860,104.4,0.12868000211977162,0.125,0.11688311688311688,0.11627906976744186,0.25,0.36363636363636365,0.3488372093023256,0.024390243902439025,0.06315789473684211,0.36585365853658536,0.4,0.29411764705882354,0.43902439024390244,0.058823529411764705,0.3910891089108911
2023,"vasquez, andrew",859,104.4,0.12984024961452204,0.3333333333333333,0.14285714285714285,0.06666666666666667,0.5,0.3877551020408163,0.36666666666666664,0.07317073170731707,0.14084507042253522,0.34146341463414637,0.352112676056338,0.23076923076923078,0.1951219512195122,0.038461538461538464,0.3026315789473684
2023,"covey, dylan",740,104.3,0.126705895533439,0.16666666666666666,0.07017543859649122,0.06382978723404255,0.3333333333333333,0.3508771929824561,0.2978723404255319,0.08333333333333333,0.11666666666666667,0.3055555555555556,0.36666666666666664,0.4375,0.3611111111111111,0.125,0.3741496598639456
2023,"estévez, carlos",1148,104.2,0.124160949605099,0.09090909090909091,0.12658227848101267,0.12244897959183673,0.36363636363636365,0.3670886075949367,0.40816326530612246,0.0,0.09375,0.2727272727272727,0.34375,0.4,0.3181818181818182,0.16666666666666666,0.34765625
2023,"kahnle, tommy",688,104.0,0.11748424056328381,0.0,0.10526315789473684,0.0,0.3333333333333333,0.5,0.4375,0.08,0.10869565217391304,0.4,0.43478260869565216,0.2631578947368421,0.32,0.10526315789473684,0.3106796116504854
2023,"finnegan, kyle",1118,104.0,0.1184106511275754,0.07142857142857142,0.08333333333333333,0.07692307692307693,0.2857142857142857,0.34375,0.3269230769230769,0.13513513513513514,0.125,0.40540540540540543,0.375,0.5217391304347826,0.2972972972972973,0.043478260869565216,0.35071090047393366
2023,"moreta, dauri",966,103.9,0.11614097462287439,0.1111111111111111,0.1,0.15384615384615385,0.2222222222222222,0.34,0.3076923076923077,0.09090909090909091,0.06060606060606061,0.48484848484848486,0.3484848484848485,0.48,0.30303030303030304,0.08,0.3469387755102041
2023,"holmes, clay",1025,103.9,0.11478256189073958,0.0,0.09090909090909091,0.02702702702702703,0.6666666666666666,0.2987012987012987,0.35135135135135137,0.08,0.10144927536231885,0.44,0.391304347826087,0.23076923076923078,0.44,0.19230769230769232,0.3192771084337349
2023,"shreve, chasen",753,103.9,0.11637569885218542,0.0,0.08,0.0,0.5555555555555556,0.46,0.42857142857142855,0.09523809523809523,0.10909090909090909,0.3333333333333333,0.38181818181818183,0.42857142857142855,0.42857142857142855,0.0,0.3225806451612903
2023,"holderman, colin",939,103.9,0.11631310773523552,0.16666666666666666,0.1,0.075,0.3333333333333333,0.3142857142857143,0.25,0.14285714285714285,0.13114754098360656,0.39285714285714285,0.3770491803278688,0.3157894736842105,0.2857142857142857,0.05263157894736842,0.4143646408839779
2023,"hernández, carlos",1257,103.8,0.11131317498191041,0.0625,0.08235294117647059,0.07272727272727272,0.5,0.4823529411764706,0.41818181818181815,0.037037037037037035,0.07246376811594203,0.4074074074074074,0.391304347826087,0.43333333333333335,0.37037037037037035,0.0,0.3
2023,"davidson, tucker",855,103.8,0.11197763016642472,0.0,0.05405405405405406,0.03508771929824561,0.45454545454545453,0.47297297297297297,0.5789473684210527,0.08823529411764706,0.09375,0.5588235294117647,0.375,0.1875,0.20588235294117646,0.0625,0.3333333333333333
2023,"kaprielian, james",1097,103.8,0.11129963974914302,0.07692307692307693,0.10752688172043011,0.13793103448275862,0.23076923076923078,0.3118279569892473,0.3448275862068966,0.08888888888888889,0.06060606060606061,0.4222222222222222,0.3939393939393939,0.3333333333333333,0.4222222222222222,0.15151515151515152,0.32057416267942584
2023,"priester, quinn",866,103.8,0.11241175493078928,0.07692307692307693,0.10869565217391304,0.07272727272727272,0.3076923076923077,0.32608695652173914,0.32727272727272727,0.046511627906976744,0.09876543209876543,0.37209302325581395,0.345679012345679,0.39285714285714285,0.32558139534883723,0.17857142857142858,0.4126984126984127
2023,"pérez, martín",2230,103.7,0.10887897803520936,0.09090909090909091,0.08849557522123894,0.07874015748031496,0.48484848484848486,0.38495575221238937,0.3228346456692913,0.07407407407407407,0.09561752988047809,0.3425925925925926,0.36254980079681276,0.3673469387755102,0.46296296296296297,0.061224489795918366,0.3424657534246575
2023,"gonzález, victor",514,103.7,0.10970886593324358,0.0,0.125,0.05,0.2,0.34375,0.15,0.043478260869565216,0.13636363636363635,0.4782608695652174,0.5454545454545454,0.375,0.391304347826087,0.125,0.3472222222222222
2023,"hill, rich",2536,103.7,0.10896487386087435,0.044444444444444446,0.08368200836820083,0.06,0.4,0.39330543933054396,0.35333333333333333,0.08333333333333333,0.11255411255411256,0.4351851851851852,0.4069264069264069,0.4032258064516129,0.2962962962962963,0.04838709677419355,0.36080178173719374
2023,"brieske, beau",638,103.7,0.10812217372277264,0.16666666666666666,0.0625,0.14814814814814814,0.3333333333333333,0.3541666666666667,0.37037037037037035,0.03571428571428571,0.02,0.2857142857142857,0.34,0.4,0.42857142857142855,0.2,0.3722627737226277
2023,"okert, steven",1021,103.7,0.10841821293164212,0.0,0.05555555555555555,0.05,0.0,0.3888888888888889,0.275,0.17857142857142858,0.12698412698412698,0.39285714285714285,0.5079365079365079,0.3181818181818182,0.32142857142857145,0.13636363636363635,0.3978494623655914
2023,"domínguez, seranthony",859,103.4,0.10168651258492344,0.1,0.07142857142857142,0.08108108108108109,0.3,0.4107142857142857,0.32432432432432434,0.21621621621621623,0.15789473684210525,0.32432432432432434,0.3684210526315789,0.28,0.21621621621621623,0.04,0.391304347826087
2023,"pfaadt, brandon",1614,103.4,0.10060951425493411,0.17647058823529413,0.08024691358024691,0.09090909090909091,0.29411764705882354,0.3333333333333333,0.3181818181818182,0.078125,0.0784313725490196,0.4375,0.4117647058823529,0.41379310344827586,0.46875,0.034482758620689655,0.32653061224489793
2023,"peralta, freddy",2839,103.4,0.09934563235241305,0.08823529411764706,0.0625,0.07964601769911504,0.47058823529411764,0.390625,0.39823008849557523,0.12173913043478261,0.07391304347826087,0.4,0.32608695652173914,0.24561403508771928,0.28695652173913044,0.12280701754385964,0.41020408163265304
2023,"germán, domingo",1655,103.3,0.09642715789777796,0.07692307692307693,0.07947019867549669,0.08433734939759036,0.46153846153846156,0.37748344370860926,0.37349397590361444,0.06493506493506493,0.10897435897435898,0.37662337662337664,0.4166666666666667,0.3157894736842105,0.37662337662337664,0.10526315789473684,0.3163265306122449
2023,"rogers, taylor",848,103.2,0.0957982427493226,0.2,0.12244897959183673,0.17857142857142858,0.5,0.3877551020408163,0.42857142857142855,0.09090909090909091,0.06521739130434782,0.22727272727272727,0.2391304347826087,0.22727272727272727,0.22727272727272727,0.18181818181818182,0.3643410852713178
2023,"young, alex",879,103.1,0.09157225840916959,0.2,0.07692307692307693,0.07317073170731707,0.2,0.38461538461538464,0.24390243902439024,0.18181818181818182,0.0967741935483871,0.2727272727272727,0.43548387096774194,0.5833333333333334,0.45454545454545453,0.0,0.3
2023,"gott, trevor",990,103.1,0.09220769056217663,0.0,0.06666666666666667,0.044444444444444446,0.2857142857142857,0.44,0.4444444444444444,0.075,0.10666666666666667,0.4,0.41333333333333333,0.5,0.3,0.1111111111111111,0.31446540880503143
2023,"koch, matt",584,103.1,0.09180783710573556,0.25,0.07547169811320754,0.125,0.625,0.39622641509433965,0.5,0.038461538461538464,0.04081632653061224,0.3076923076923077,0.2857142857142857,0.2222222222222222,0.5384615384615384,0.0,0.32407407407407407
2023,"williams, gavin",1389,103.0,0.08979871618982192,0.0,0.1320754716981132,0.140625,0.45454545454545453,0.32075471698113206,0.3125,0.15789473684210525,0.10084033613445378,0.2807017543859649,0.36134453781512604,0.2564102564102564,0.40350877192982454,0.02564102564102564,0.4150197628458498
2023,"hand, brad",983,102.9,0.0842720164673163,0.1,0.09523809523809523,0.16666666666666666,0.6,0.3333333333333333,0.3541666666666667,0.10344827586206896,0.0784313725490196,0.3103448275862069,0.3137254901960784,0.3333333333333333,0.3103448275862069,0.14285714285714285,0.3370165745856354
2023,"lively, ben",1384,102.8,0.0813292146901052,0.043478260869565216,0.0684931506849315,0.060240963855421686,0.43478260869565216,0.4178082191780822,0.37349397590361444,0.06666666666666667,0.07333333333333333,0.3333333333333333,0.38,0.5,0.4,0.08333333333333333,0.36574074074074076
2023,"smyly, drew",2405,102.8,0.08184163070482227,0.03333333333333333,0.08854166666666667,0.13008130081300814,0.23333333333333334,0.3645833333333333,0.3821138211382114,0.11764705882352941,0.09767441860465116,0.36134453781512604,0.3953488372093023,0.2641509433962264,0.31932773109243695,0.11320754716981132,0.3989769820971867
2023,"gonsolin, tony",1670,102.8,0.08276369476907429,0.1875,0.10559006211180125,0.125,0.34375,0.32919254658385094,0.3125,0.1016949152542373,0.09803921568627451,0.288135593220339,0.33986928104575165,0.45454545454545453,0.3559322033898305,0.06818181818181818,0.37202380952380953
2023,"blach, ty",1264,102.8,0.0815818431409534,0.14814814814814814,0.0979020979020979,0.09090909090909091,0.4074074074074074,0.34965034965034963,0.36363636363636365,0.0967741935483871,0.0847457627118644,0.41935483870967744,0.3728813559322034,0.4482758620689655,0.3709677419354839,0.034482758620689655,0.31620553359683795
2023,"curry, xzavion",1501,102.8,0.08375552926632487,0.045454545454545456,0.07738095238095238,0.1,0.13636363636363635,0.3630952380952381,0.4222222222222222,0.0975609756097561,0.06666666666666667,0.4634146341463415,0.34814814814814815,0.45161290322580644,0.4878048780487805,0.0967741935483871,0.32116788321167883
2023,"wilson, steven",942,102.6,0.0754899024977304,0.125,0.2,0.25,0.375,0.37777777777777777,0.3333333333333333,0.07407407407407407,0.11475409836065574,0.18518518518518517,0.2786885245901639,0.18518518518518517,0.25925925925925924,0.0,0.43859649122807015
2023,"desclafani, anthony",1553,102.6,0.07788278435677777,0.16,0.06818181818181818,0.11650485436893204,0.44,0.3806818181818182,0.3592233009708738,0.04918032786885246,0.033112582781456956,0.39344262295081966,0.3973509933774834,0.34782608695652173,0.4262295081967213,0.08695652173913043,0.35384615384615387
2023,"crawford, kutter",2100,102.6,0.07620523029639667,0.15384615384615385,0.11627906976744186,0.13095238095238096,0.38461538461538464,0.42441860465116277,0.4880952380952381,0.054945054945054944,0.06481481481481481,0.26373626373626374,0.3333333333333333,0.2894736842105263,0.3956043956043956,0.07894736842105263,0.3237250554323725
2023,"long, sam",787,102.2,0.06514382959059488,0.08333333333333333,0.06896551724137931,0.08333333333333333,0.3333333333333333,0.27586206896551724,0.3888888888888889,0.17857142857142858,0.08333333333333333,0.5,0.31666666666666665,0.5625,0.32142857142857145,0.0625,0.35294117647058826
2023,"wentz, joey",1931,102.1,0.06193439767318062,0.05263157894736842,0.08152173913043478,0.05217391304347826,0.3684210526315789,0.3532608695652174,0.4260869565217391,0.13580246913580246,0.10982658959537572,0.4074074074074074,0.31213872832369943,0.45454545454545453,0.30864197530864196,0.09090909090909091,0.3816568047337278
2023,"strzelecki, peter",657,102.0,0.05879274729292407,0.0,0.1,0.08695652173913043,0.0,0.4,0.2608695652173913,0.0625,0.17777777777777778,0.3125,0.4888888888888889,0.0625,0.4375,0.3125,0.36363636363636365
2023,"farmer, buck",1224,101.9,0.056042804516985574,0.0,0.10588235294117647,0.08888888888888889,0.2,0.3058823529411765,0.28888888888888886,0.2,0.11702127659574468,0.4666666666666667,0.3829787234042553,0.39285714285714285,0.3111111111111111,0.10714285714285714,0.3829787234042553
2023,"velasquez, vince",653,101.9,0.05652474600968811,0.0,0.06557377049180328,0.05263157894736842,0.16666666666666666,0.32786885245901637,0.34210526315789475,0.09375,0.08771929824561403,0.40625,0.38596491228070173,0.5714285714285714,0.34375,0.21428571428571427,0.4017857142857143
2023,"allen, logan",2134,101.9,0.05557851940195125,0.07692307692307693,0.09,0.09734513274336283,0.23076923076923078,0.345,0.36283185840707965,0.12048192771084337,0.10204081632653061,0.39759036144578314,0.3877551020408163,0.4375,0.30120481927710846,0.08333333333333333,0.38957816377171217
2023,"severino, luis",1642,101.9,0.054872479552470786,0.16666666666666666,0.10179640718562874,0.12244897959183673,0.26666666666666666,0.3413173652694611,0.3163265306122449,0.08333333333333333,0.08843537414965986,0.3333333333333333,0.3877551020408163,0.4,0.4666666666666667,0.08571428571428572,0.33787465940054495
2023,"grove, michael",1146,101.9,0.057167652828280256,0.0,0.08771929824561403,0.08333333333333333,0.3157894736842105,0.3684210526315789,0.4305555555555556,0.1,0.0761904761904762,0.425,0.34285714285714286,0.47619047619047616,0.4,0.09523809523809523,0.35121951219512193
2023,"king, mike",1686,101.8,0.05216029981928526,0.10526315789473684,0.07894736842105263,0.05333333333333334,0.47368421052631576,0.39473684210526316,0.4666666666666667,0.08333333333333333,0.1015625,0.4027777777777778,0.359375,0.17647058823529413,0.3333333333333333,0.11764705882352941,0.379746835443038
2023,"winn, keaton",594,101.6,0.046228597756541465,0.08333333333333333,0.10810810810810811,0.07142857142857142,0.16666666666666666,0.3783783783783784,0.4642857142857143,0.045454545454545456,0.078125,0.45454545454545453,0.3125,0.5384615384615384,0.5,0.07692307692307693,0.30851063829787234
2023,"romero, jojo",550,101.6,0.04704936726050143,0.0,0.05263157894736842,0.09523809523809523,0.5,0.3684210526315789,0.3333333333333333,0.15,0.09090909090909091,0.55,0.38636363636363635,0.36363636363636365,0.25,0.0,0.4225352112676056
2023,"bibee, tanner",2326,101.5,0.04374240424935543,0.17391304347826086,0.06930693069306931,0.06542056074766354,0.5652173913043478,0.4306930693069307,0.40186915887850466,0.041666666666666664,0.052132701421800945,0.3020833333333333,0.3791469194312796,0.36,0.375,0.1,0.3746958637469586
2023,"lambert, jimmy",689,101.5,0.04459665046948579,0.15384615384615385,0.08771929824561403,0.125,0.38461538461538464,0.42105263157894735,0.325,0.14285714285714285,0.07692307692307693,0.3333333333333333,0.4358974358974359,0.47058823529411764,0.23809523809523808,0.058823529411764705,0.30357142857142855
2023,"olson, reese",1744,101.4,0.04135652501872341,0.034482758620689655,0.10559006211180125,0.11627906976744186,0.41379310344827586,0.40372670807453415,0.3953488372093023,0.0,0.07236842105263158,0.37037037037037035,0.3815789473684211,0.4117647058823529,0.48148148148148145,0.029411764705882353,0.37333333333333335
2023,"hentges, sam",857,101.2,0.0367214550009221,0.125,0.0958904109589041,0.04878048780487805,0.625,0.3972602739726027,0.4146341463414634,0.041666666666666664,0.09803921568627451,0.2916666666666667,0.37254901960784315,0.5294117647058824,0.4166666666666667,0.0,0.3333333333333333
2023,"robertson, david",1077,101.1,0.031577513805537326,0.2,0.16666666666666666,0.05714285714285714,0.3,0.45,0.3142857142857143,0.058823529411764705,0.0958904109589041,0.29411764705882354,0.3698630136986301,0.4,0.4117647058823529,0.0,0.3674698795180723
2023,"rosenberg, kenny",546,100.9,0.026946094964628183,0.0,0.11363636363636363,0.14285714285714285,0.2857142857142857,0.45454545454545453,0.39285714285714285,0.13793103448275862,0.1,0.3448275862068966,0.4,0.3076923076923077,0.13793103448275862,0.15384615384615385,0.35789473684210527
2023,"mcclanahan, shane",1822,100.9,0.025172093555607154,0.1,0.07407407407407407,0.09574468085106383,0.43333333333333335,0.37037037037037035,0.39361702127659576,0.08333333333333333,0.0641025641025641,0.4444444444444444,0.41025641025641024,0.43902439024390244,0.375,0.07317073170731707,0.32371794871794873
2023,"flexen, chris",1755,100.9,0.025823423767882017,0.06451612903225806,0.07262569832402235,0.0847457627118644,0.41935483870967744,0.39106145251396646,0.3813559322033898,0.10126582278481013,0.07142857142857142,0.3924050632911392,0.40476190476190477,0.35,0.3670886075949367,0.125,0.3588039867109635
2023,"chafin, andrew",922,100.8,0.022774708555638044,0.2,0.10204081632653061,0.08823529411764706,0.2,0.4489795918367347,0.3235294117647059,0.07142857142857142,0.038461538461538464,0.42857142857142855,0.46153846153846156,0.375,0.21428571428571427,0.0,0.45985401459854014
2023,"pruitt, austin",763,100.8,0.023326999150348176,0.1,0.08064516129032258,0.02631578947368421,0.5,0.4032258064516129,0.34210526315789475,0.1,0.04285714285714286,0.36666666666666664,0.4857142857142857,0.36363636363636365,0.43333333333333335,0.0,0.40875912408759124
2023,"sandoval, patrick",2631,100.8,0.023302286490799653,0.06666666666666667,0.1179245283018868,0.09375,0.4,0.3490566037735849,0.4609375,0.08196721311475409,0.1336206896551724,0.4344262295081967,0.35344827586206895,0.2535211267605634,0.3114754098360656,0.15492957746478872,0.3080459770114943
2023,"seabold, connor",1567,100.7,0.02148462855868183,0.13333333333333333,0.09202453987730061,0.06521739130434782,0.2,0.34355828220858897,0.3804347826086957,0.11764705882352941,0.07051282051282051,0.39705882352941174,0.358974358974359,0.46875,0.39705882352941174,0.09375,0.3987138263665595
2023,"singer, brady",2615,100.6,0.018979024187340987,0.10256410256410256,0.07612456747404844,0.0915032679738562,0.3076923076923077,0.3633217993079585,0.37254901960784315,0.14285714285714285,0.08679245283018867,0.42857142857142855,0.39245283018867927,0.5185185185185185,0.38392857142857145,0.037037037037037035,0.3193069306930693
2023,"ottavino, adam",1035,100.6,0.016578081215365716,0.0,0.07246376811594203,0.10714285714285714,0.16666666666666666,0.3333333333333333,0.2857142857142857,0.22580645161290322,0.14492753623188406,0.45161290322580644,0.36231884057971014,0.375,0.3548387096774194,0.0625,0.4064516129032258
2023,"lawrence, justin",1199,100.6,0.01685036392100078,0.0,0.08139534883720931,0.15555555555555556,0.5555555555555556,0.37209302325581395,0.35555555555555557,0.1891891891891892,0.14606741573033707,0.2972972972972973,0.34831460674157305,0.2972972972972973,0.35135135135135137,0.10810810810810811,0.2976190476190476
2023,"kremer, dean",2933,100.5,0.013666072384115404,0.044444444444444446,0.05017921146953405,0.04878048780487805,0.4666666666666667,0.3727598566308244,0.3902439024390244,0.0660377358490566,0.08955223880597014,0.4056603773584906,0.3694029850746269,0.2727272727272727,0.4528301886792453,0.18181818181818182,0.40298507462686567
2023,"ashcraft, graham",2326,100.2,0.0052847975851685,0.12903225806451613,0.09865470852017937,0.10606060606060606,0.3548387096774194,0.40358744394618834,0.3560606060606061,0.09821428571428571,0.084,0.41964285714285715,0.444,0.3448275862068966,0.33035714285714285,0.10344827586206896,0.3004807692307692
2023,"brito, jhony",1447,100.0,-0.0008839893331404931,0.08695652173913043,0.0625,0.08450704225352113,0.30434782608695654,0.359375,0.352112676056338,0.08771929824561403,0.08333333333333333,0.42105263157894735,0.4305555555555556,0.3793103448275862,0.43859649122807015,0.10344827586206896,0.37906137184115524
2023,"thompson, mason",897,100.0,-0.0007513843673036298,0.25,0.11594202898550725,0.14634146341463414,0.625,0.37681159420289856,0.4634146341463415,0.06521739130434782,0.04225352112676056,0.32608695652173914,0.30985915492957744,0.34782608695652173,0.34782608695652173,0.043478260869565216,0.32116788321167883
2023,"ragans, cole",1591,100.0,-0.0008997595450179355,0.14285714285714285,0.0784313725490196,0.08064516129032258,0.2857142857142857,0.3333333333333333,0.25806451612903225,0.10526315789473684,0.11023622047244094,0.47368421052631576,0.48031496062992124,0.25,0.2982456140350877,0.175,0.3841059602649007
2023,"frías, luis",539,100.0,0.0006416142003866365,0.14285714285714285,0.15,0.08,0.2857142857142857,0.325,0.24,0.0,0.1590909090909091,0.23076923076923078,0.4318181818181818,0.35294117647058826,0.5384615384615384,0.17647058823529413,0.35051546391752575
2023,"gray, sonny",2827,99.8,-0.0061298308034677075,0.05714285714285714,0.10486891385767791,0.0896551724137931,0.34285714285714286,0.3970037453183521,0.3931034482758621,0.09302325581395349,0.09854014598540146,0.4263565891472868,0.3905109489051095,0.2982456140350877,0.37209302325581395,0.05263157894736842,0.3920335429769392
2023,"keuchel, dallas",658,99.6,-0.011081256910552914,0.125,0.1016949152542373,0.1,0.25,0.3050847457627119,0.4,0.07317073170731707,0.12698412698412698,0.4146341463414634,0.2857142857142857,0.5789473684210527,0.3902439024390244,0.10526315789473684,0.35789473684210527
2023,"houser, adrian",1859,99.6,-0.013264788698164878,0.0,0.08900523560209424,0.08,0.42857142857142855,0.39267015706806285,0.39,0.04,0.07303370786516854,0.4266666666666667,0.39325842696629215,0.5,0.4266666666666667,0.029411764705882353,0.40425531914893614
2023,"harvey, hunter",967,99.6,-0.01322847064857389,0.08333333333333333,0.0684931506849315,0.05405405405405406,0.6666666666666666,0.3561643835616438,0.5405405405405406,0.047619047619047616,0.05,0.3333333333333333,0.3,0.5833333333333334,0.42857142857142855,0.08333333333333333,0.34951456310679613
2023,"llovera, mauricio",633,99.6,-0.010898163500080148,0.0,0.0851063829787234,0.04,0.2,0.2765957446808511,0.24,0.16666666666666666,0.20930232558139536,0.4583333333333333,0.46511627906976744,0.375,0.375,0.125,0.37735849056603776
2023,"pivetta, nick",2387,99.6,-0.012523891982310338,0.10256410256410256,0.07537688442211055,0.1111111111111111,0.48717948717948717,0.4020100502512563,0.40404040404040403,0.08955223880597014,0.0898876404494382,0.373134328358209,0.33146067415730335,0.35294117647058826,0.29850746268656714,0.13725490196078433,0.37579617834394907
2023,"pressly, ryan",1025,99.5,-0.01359347674869216,0.09090909090909091,0.07526881720430108,0.0625,0.5454545454545454,0.40860215053763443,0.375,0.12,0.11267605633802817,0.24,0.38028169014084506,0.47058823529411764,0.4,0.058823529411764705,0.3615819209039548
2023,"ramírez, erasmo",962,99.5,-0.013323039246123056,0.13333333333333333,0.06542056074766354,0.13793103448275862,0.4,0.3364485981308411,0.43103448275862066,0.04878048780487805,0.041666666666666664,0.36585365853658536,0.3541666666666667,0.26666666666666666,0.4878048780487805,0.13333333333333333,0.4157303370786517
2023,"darvish, yu",2219,99.3,-0.021870881326462917,0.08,0.09595959595959595,0.06779661016949153,0.44,0.4393939393939394,0.3644067796610169,0.07526881720430108,0.08121827411167512,0.3655913978494624,0.4467005076142132,0.3877551020408163,0.3548387096774194,0.10204081632653061,0.34025974025974026
2023,"clase, emmanuel",1133,99.3,-0.021407155492121816,0.1,0.08139534883720931,0.0975609756097561,0.5,0.4418604651162791,0.4634146341463415,0.045454545454545456,0.05434782608695652,0.5,0.40217391304347827,0.4,0.38636363636363635,0.0,0.3113207547169811
2023,"pearson, nate",742,99.2,-0.024951582595483853,0.1111111111111111,0.09375,0.0967741935483871,0.6666666666666666,0.453125,0.4838709677419355,0.125,0.07692307692307693,0.1875,0.3076923076923077,0.2631578947368421,0.3125,0.10526315789473684,0.3879310344827586
2023,"ferguson, caleb",1067,99.1,-0.027735673757490593,0.0,0.1,0.08163265306122448,0.6666666666666666,0.4857142857142857,0.46938775510204084,0.16666666666666666,0.13559322033898305,0.23333333333333334,0.3898305084745763,0.39285714285714285,0.16666666666666666,0.10714285714285714,0.2803738317757009
2023,"murphy, chris",872,99.1,-0.027280220566612775,0.0,0.0967741935483871,0.08571428571428572,0.5555555555555556,0.45161290322580644,0.5428571428571428,0.1111111111111111,0.06329113924050633,0.4166666666666667,0.4177215189873418,0.2222222222222222,0.2777777777777778,0.05555555555555555,0.3465909090909091
2023,"stephan, trevor",1133,99.1,-0.025919703815145776,0.0,0.09210526315789473,0.08,0.4,0.3815789473684211,0.36,0.06451612903225806,0.14285714285714285,0.3870967741935484,0.38095238095238093,0.3448275862068966,0.1935483870967742,0.1724137931034483,0.458128078817734
2023,"wacha, michael",2225,98.9,-0.033818363007803644,0.1111111111111111,0.09042553191489362,0.08771929824561403,0.5185185185185185,0.39361702127659576,0.3508771929824561,0.06315789473684211,0.07537688442211055,0.42105263157894735,0.44221105527638194,0.16279069767441862,0.37894736842105264,0.18604651162790697,0.35096153846153844
2023,"alexander, scott",706,98.9,-0.031557920162118246,0.2,0.04225352112676056,0.05263157894736842,0.8,0.38028169014084506,0.4473684210526316,0.0,0.028169014084507043,0.2857142857142857,0.3380281690140845,0.625,0.47619047619047616,0.125,0.32
2023,"nelson, ryne",2358,98.8,-0.03559018655485354,0.057692307692307696,0.07011070110701106,0.07042253521126761,0.3269230769230769,0.3800738007380074,0.39436619718309857,0.06451612903225806,0.06451612903225806,0.3978494623655914,0.35080645161290325,0.4523809523809524,0.5268817204301075,0.11904761904761904,0.3969298245614035
2023,"mchugh, collin",1024,98.7,-0.03771115077704087,0.09090909090909091,0.06896551724137931,0.08064516129032258,0.18181818181818182,0.3793103448275862,0.3225806451612903,0.06976744186046512,0.10126582278481013,0.4418604651162791,0.4177215189873418,0.4166666666666667,0.37209302325581395,0.16666666666666666,0.4012738853503185
2023,"elder, bryce",2851,98.7,-0.03925596409242652,0.21428571428571427,0.10069444444444445,0.1118421052631579,0.4642857142857143,0.3819444444444444,0.39473684210526316,0.07766990291262135,0.08741258741258741,0.2815533980582524,0.3706293706293706,0.36764705882352944,0.34951456310679613,0.08823529411764706,0.3696581196581197
2023,"jansen, kenley",728,98.6,-0.041262286530237835,0.16666666666666666,0.13953488372093023,0.16666666666666666,0.3333333333333333,0.3023255813953488,0.3333333333333333,0.15789473684210525,0.1276595744680851,0.3684210526315789,0.3829787234042553,0.3333333333333333,0.3157894736842105,0.05555555555555555,0.3288590604026846
2023,"fleming, josh",769,98.5,-0.044279031401980376,0.0,0.058823529411764705,0.022727272727272728,0.3,0.4019607843137255,0.4318181818181818,0.07894736842105263,0.11235955056179775,0.3684210526315789,0.4157303370786517,0.47058823529411764,0.5,0.058823529411764705,0.4090909090909091
2023,"cisnero, josé",996,98.4,-0.04726368475259733,0.13333333333333333,0.09210526315789473,0.1111111111111111,0.4666666666666667,0.39473684210526316,0.4888888888888889,0.16129032258064516,0.13793103448275862,0.3225806451612903,0.3793103448275862,0.36,0.25806451612903225,0.04,0.2994652406417112
2023,"walker, ryan",1080,98.4,-0.047097694283786615,0.0,0.1,0.08571428571428572,0.7142857142857143,0.4166666666666667,0.45714285714285713,0.09523809523809523,0.06097560975609756,0.5714285714285714,0.45121951219512196,0.25,0.23809523809523808,0.08333333333333333,0.28901734104046245
2023,"miller, shelby",668,98.3,-0.0504831329462831,0.16666666666666666,0.09090909090909091,0.058823529411764705,0.5,0.36363636363636365,0.23529411764705882,0.2,0.13725490196078433,0.4,0.49019607843137253,0.35294117647058826,0.25,0.058823529411764705,0.3333333333333333
2023,"ferrer, jose",563,98.2,-0.05320911383954356,0.3333333333333333,0.08108108108108109,0.0,0.3333333333333333,0.4594594594594595,0.15789473684210525,0.05263157894736842,0.08888888888888889,0.3157894736842105,0.5333333333333333,0.5555555555555556,0.3157894736842105,0.1111111111111111,0.36363636363636365
2023,"heaney, andrew",2605,98.2,-0.05321960173880232,0.15384615384615385,0.12162162162162163,0.18699186991869918,0.358974358974359,0.3153153153153153,0.3821138211382114,0.13157894736842105,0.10648148148148148,0.3815789473684211,0.3287037037037037,0.3333333333333333,0.32894736842105265,0.045454545454545456,0.374
2023,"woo, bryan",1452,98.1,-0.0562620345831869,0.08333333333333333,0.13636363636363635,0.13333333333333333,0.6666666666666666,0.36363636363636365,0.4666666666666667,0.13043478260869565,0.11278195488721804,0.36231884057971014,0.3157894736842105,0.19444444444444445,0.36231884057971014,0.027777777777777776,0.3391003460207612
2023,"moore, matt",858,98.1,-0.056224333852832924,0.125,0.057692307692307696,0.034482758620689655,0.75,0.4230769230769231,0.4827586206896552,0.03571428571428571,0.06349206349206349,0.42857142857142855,0.4603174603174603,0.2857142857142857,0.42857142857142855,0.0,0.3522727272727273
2023,"weaver, luke",2260,98.1,-0.056703891132909266,0.08108108108108109,0.0892018779342723,0.1171875,0.43243243243243246,0.38967136150234744,0.4609375,0.06451612903225806,0.0825242718446602,0.41935483870967744,0.38349514563106796,0.4,0.40860215053763443,0.05,0.33886255924170616
2023,"voth, austin",667,97.9,-0.06058187663512922,0.0,0.0851063829787234,0.07692307692307693,0.6,0.40425531914893614,0.46153846153846156,0.125,0.12727272727272726,0.25,0.36363636363636365,0.26666666666666666,0.5,0.06666666666666667,0.3643410852713178
2023,"rodón, carlos",1134,97.9,-0.062010125657183134,0.043478260869565216,0.10091743119266056,0.047619047619047616,0.2608695652173913,0.3944954128440367,0.38095238095238093,0.21428571428571427,0.17204301075268819,0.35714285714285715,0.40860215053763443,0.4,0.2857142857142857,0.1,0.32941176470588235
2023,"greene, hunter",2093,97.9,-0.061263752714595276,0.20833333333333334,0.11801242236024845,0.13253012048192772,0.2916666666666667,0.391304347826087,0.2891566265060241,0.06451612903225806,0.1069182389937107,0.3709677419354839,0.4088050314465409,0.28846153846153844,0.3387096774193548,0.11538461538461539,0.38424821002386633
2023,"avila, pedro",895,97.9,-0.06172229935601956,0.0,0.15625,0.05714285714285714,0.6,0.328125,0.37142857142857144,0.07894736842105263,0.16216216216216217,0.3684210526315789,0.3108108108108108,0.42857142857142855,0.2894736842105263,0.07142857142857142,0.4276315789473684
2023,"stratton, chris",1360,97.8,-0.06522369449006639,0.058823529411764705,0.10784313725490197,0.08928571428571429,0.35294117647058826,0.45098039215686275,0.32142857142857145,0.13157894736842105,0.10909090909090909,0.39473684210526316,0.4818181818181818,0.375,0.34210526315789475,0.0,0.35315985130111527
2023,"gibson, kyle",3039,97.8,-0.06546244953430962,0.09302325581395349,0.1021671826625387,0.062111801242236024,0.3488372093023256,0.4024767801857585,0.40993788819875776,0.07092198581560284,0.09935897435897435,0.3546099290780142,0.36538461538461536,0.3793103448275862,0.4326241134751773,0.06896551724137931,0.42081447963800905
2023,"soroka, michael",537,97.6,-0.07183507220591166,0.0,0.12,0.1,0.45454545454545453,0.46,0.3333333333333333,0.08,0.11538461538461539,0.4,0.4807692307692308,0.4,0.24,0.06666666666666667,0.3488372093023256
2023,"soto, gregory",967,97.6,-0.06968313552137864,0.2222222222222222,0.1206896551724138,0.24242424242424243,0.4444444444444444,0.39655172413793105,0.42424242424242425,0.10526315789473684,0.04477611940298507,0.2631578947368421,0.29850746268656714,0.34782608695652173,0.2894736842105263,0.13043478260869565,0.3194444444444444
2023,"battenfield, peyton",551,97.5,-0.07376953347724394,0.13333333333333333,0.10294117647058823,0.1111111111111111,0.4666666666666667,0.4264705882352941,0.4166666666666667,0.0,0.07272727272727272,0.09090909090909091,0.2909090909090909,0.6363636363636364,0.5454545454545454,0.18181818181818182,0.3434343434343434
2023,"edwards, carl",574,97.4,-0.07735548854022234,0.25,0.08823529411764706,0.11538461538461539,0.25,0.4117647058823529,0.5,0.15,0.125,0.5,0.35,0.0625,0.35,0.0625,0.3148148148148148
2023,"may, trevor",798,97.4,-0.07775607400695816,0.0,0.1111111111111111,0.08823529411764706,0.16666666666666666,0.46296296296296297,0.38235294117647056,0.10344827586206896,0.16,0.41379310344827586,0.4,0.375,0.27586206896551724,0.16666666666666666,0.3333333333333333
2023,"boyd, matt",1178,97.4,-0.07595455530629429,0.0625,0.05660377358490566,0.06779661016949153,0.5625,0.3490566037735849,0.423728813559322,0.16279069767441862,0.1,0.4186046511627907,0.38181818181818183,0.4230769230769231,0.3023255813953488,0.07692307692307693,0.385
2023,"gore, mackenzie",2462,97.3,-0.0808689216754093,0.06976744186046512,0.08415841584158416,0.061068702290076333,0.3953488372093023,0.3910891089108911,0.3816793893129771,0.11764705882352941,0.12,0.4470588235294118,0.46285714285714286,0.32727272727272727,0.32941176470588235,0.07272727272727272,0.36907216494845363
2023,"abbott, andrew",1898,97.2,-0.0838715292790773,0.043478260869565216,0.11612903225806452,0.08860759493670886,0.34782608695652173,0.432258064516129,0.35443037974683544,0.11627906976744186,0.09937888198757763,0.27906976744186046,0.45962732919254656,0.4772727272727273,0.3023255813953488,0.045454545454545456,0.403899721448468
2023,"sborz, josh",835,97.1,-0.08583633363269971,0.0,0.0847457627118644,0.12903225806451613,0.4444444444444444,0.3559322033898305,0.3225806451612903,0.17391304347826086,0.08620689655172414,0.4782608695652174,0.41379310344827586,0.625,0.30434782608695654,0.0,0.3448275862068966
2023,"kelly, merrill",2810,97.0,-0.08944729573212896,0.11428571428571428,0.10358565737051793,0.10144927536231885,0.5428571428571428,0.38645418326693226,0.35507246376811596,0.06306306306306306,0.09803921568627451,0.35135135135135137,0.3803921568627451,0.43283582089552236,0.3963963963963964,0.1044776119402985,0.350187265917603
2023,"clarke, taylor",1074,96.9,-0.09001545864614079,0.11764705882352941,0.11842105263157894,0.11764705882352941,0.4117647058823529,0.40789473684210525,0.43137254901960786,0.12903225806451613,0.10144927536231885,0.25806451612903225,0.30434782608695654,0.2916666666666667,0.3548387096774194,0.16666666666666666,0.37735849056603776
2023,"morton, charlie",2861,96.7,-0.09717648795615287,0.06060606060606061,0.11711711711711711,0.08148148148148149,0.2727272727272727,0.35585585585585583,0.3333333333333333,0.1415929203539823,0.1565217391304348,0.40707964601769914,0.391304347826087,0.3,0.336283185840708,0.14444444444444443,0.3900523560209424
2023,"gomber, austin",2167,96.6,-0.09941311418875735,0.14285714285714285,0.09561752988047809,0.11643835616438356,0.42857142857142855,0.3745019920318725,0.363013698630137,0.046296296296296294,0.04897959183673469,0.37037037037037035,0.3795918367346939,0.5476190476190477,0.48148148148148145,0.047619047619047616,0.3788300835654596
2023,"kikuchi, yusei",2818,96.6,-0.10106798210236612,0.09523809523809523,0.06766917293233082,0.0625,0.4523809523809524,0.40225563909774437,0.4375,0.1,0.0931174089068826,0.4222222222222222,0.39271255060728744,0.3829787234042553,0.36666666666666664,0.10638297872340426,0.371868978805395
2023,"silseth, chase",889,96.6,-0.09960794242086354,0.07142857142857142,0.08333333333333333,0.14634146341463414,0.21428571428571427,0.2777777777777778,0.2682926829268293,0.2903225806451613,0.1232876712328767,0.5483870967741935,0.3972602739726027,0.2,0.25806451612903225,0.2,0.3591549295774648
2023,"king, john",529,96.6,-0.09895844130348763,0.0,0.058823529411764705,0.125,0.6666666666666666,0.3333333333333333,0.46875,0.10714285714285714,0.06666666666666667,0.5,0.37777777777777777,0.6666666666666666,0.21428571428571427,0.0,0.37333333333333335
2023,"france, j. p.",2206,96.6,-0.10169241946733952,0.09090909090909091,0.05803571428571429,0.0967741935483871,0.48484848484848486,0.38392857142857145,0.4112903225806452,0.0784313725490196,0.07264957264957266,0.4117647058823529,0.405982905982906,0.3333333333333333,0.4117647058823529,0.1111111111111111,0.4
2023,"chargois, j. t.",708,96.5,-0.10371480036559497,0.0,0.10638297872340426,0.08333333333333333,0.2,0.40425531914893614,0.4583333333333333,0.05,0.10869565217391304,0.55,0.4782608695652174,0.4375,0.25,0.0625,0.3786407766990291
2023,"cosgrove, tom",838,96.5,-0.10225145035702284,0.0,0.025,0.15384615384615385,0.3333333333333333,0.45,0.46153846153846156,0.2,0.13114754098360656,0.35,0.4098360655737705,0.3181818181818182,0.35,0.045454545454545456,0.348993288590604
2023,"hicks, jordan",1124,96.2,-0.11251313672874742,0.14285714285714285,0.11428571428571428,0.058823529411764705,0.2857142857142857,0.42857142857142855,0.3235294117647059,0.09090909090909091,0.07894736842105263,0.38636363636363635,0.5,0.4,0.3409090909090909,0.06666666666666667,0.3950617283950617
2023,"anderson, grant",601,96.1,-0.11643784668810649,0.14285714285714285,0.07317073170731707,0.047619047619047616,0.5714285714285714,0.3170731707317073,0.3333333333333333,0.07142857142857142,0.06666666666666667,0.5,0.43333333333333335,0.38461538461538464,0.42857142857142855,0.15384615384615385,0.3711340206185567
2023,"giolito, lucas",3207,96.0,-0.11651728346376733,0.10909090909090909,0.11235955056179775,0.08053691275167785,0.45454545454545453,0.3857677902621723,0.37583892617449666,0.07758620689655173,0.1015625,0.3706896551724138,0.390625,0.42105263157894735,0.31896551724137934,0.11842105263157894,0.39311594202898553
2023,"miley, wade",1876,95.9,-0.12072299920980864,0.037037037037037035,0.0755813953488372,0.07865168539325842,0.4074074074074074,0.4069767441860465,0.449438202247191,0.07446808510638298,0.10047846889952153,0.3829787234042553,0.40669856459330145,0.275,0.425531914893617,0.125,0.4129032258064516
2023,"ohtani, shohei",2097,95.9,-0.11970003106077255,0.1724137931034483,0.11805555555555555,0.10344827586206896,0.4827586206896552,0.4166666666666667,0.40229885057471265,0.1,0.14634146341463414,0.3333333333333333,0.3597560975609756,0.296875,0.23333333333333334,0.09375,0.37967914438502676
2023,"adam, jason",909,95.8,-0.12322372926718869,0.09090909090909091,0.18,0.08823529411764706,0.36363636363636365,0.38,0.4411764705882353,0.041666666666666664,0.13043478260869565,0.375,0.34782608695652173,0.32142857142857145,0.2916666666666667,0.21428571428571427,0.33557046979865773
2023,"alvarado, josé",745,95.7,-0.1254113315513951,0.3333333333333333,0.11627906976744186,0.11538461538461539,0.3333333333333333,0.46511627906976744,0.38461538461538464,0.09090909090909091,0.10810810810810811,0.18181818181818182,0.4594594594594595,0.25,0.2727272727272727,0.1875,0.3006535947712418
2023,"vásquez, randy",669,95.7,-0.12580399965973427,0.0,0.1568627450980392,0.13157894736842105,0.0,0.37254901960784315,0.39473684210526316,0.15151515151515152,0.18518518518518517,0.45454545454545453,0.4074074074074074,0.23529411764705882,0.48484848484848486,0.058823529411764705,0.31690140845070425
2023,"morán, jovani",756,95.6,-0.12963219501940568,0.0,0.13333333333333333,0.08333333333333333,0.2,0.5,0.4583333333333333,0.1111111111111111,0.14285714285714285,0.4722222222222222,0.40816326530612246,0.36363636363636365,0.1111111111111111,0.09090909090909091,0.38202247191011235
2023,"kelly, kevin",1068,95.6,-0.129973686920759,0.2,0.10666666666666667,0.11627906976744186,0.6,0.4533333333333333,0.3953488372093023,0.0625,0.08888888888888889,0.2708333333333333,0.36666666666666664,0.3181818181818182,0.3333333333333333,0.13636363636363635,0.3465909090909091
2023,"valdez, framber",2962,95.5,-0.13135887085819278,0.14285714285714285,0.08012820512820513,0.07926829268292683,0.3333333333333333,0.3782051282051282,0.39634146341463417,0.08333333333333333,0.0851063829787234,0.4375,0.4078014184397163,0.4090909090909091,0.4375,0.13636363636363635,0.350104821802935
2023,"criswell, cooper",558,95.5,-0.13199839147611198,0.0,0.1346153846153846,0.09090909090909091,0.6666666666666666,0.5,0.5454545454545454,0.06060606060606061,0.06779661016949153,0.18181818181818182,0.3050847457627119,0.3076923076923077,0.3939393939393939,0.15384615384615385,0.37373737373737376
2023,"detmers, reid",2610,95.4,-0.1360719085767499,0.08695652173913043,0.10377358490566038,0.08527131782945736,0.2608695652173913,0.4009433962264151,0.3798449612403101,0.13636363636363635,0.14795918367346939,0.3409090909090909,0.413265306122449,0.4782608695652174,0.375,0.043478260869565216,0.3666026871401152
2023,"lynn, lance",3174,95.4,-0.13668827485910226,0.11320754716981132,0.10661764705882353,0.1130952380952381,0.4716981132075472,0.39338235294117646,0.42857142857142855,0.07142857142857142,0.09278350515463918,0.32857142857142857,0.3127147766323024,0.38028169014084506,0.4142857142857143,0.09859154929577464,0.41408934707903783
2023,"suárez, andrew",521,95.2,-0.14182000528153993,0.0,0.09615384615384616,0.09090909090909091,0.42857142857142855,0.40384615384615385,0.36363636363636365,0.047619047619047616,0.08928571428571429,0.3333333333333333,0.35714285714285715,0.6428571428571429,0.38095238095238093,0.14285714285714285,0.41237113402061853
2023,"neris, héctor",1094,95.1,-0.1430356469553323,0.08333333333333333,0.16666666666666666,0.16216216216216217,0.3333333333333333,0.3541666666666667,0.43243243243243246,0.08333333333333333,0.11475409836065574,0.4444444444444444,0.3770491803278688,0.24242424242424243,0.3055555555555556,0.15151515151515152,0.3271889400921659
2023,"stanek, ryne",866,95.1,-0.1434460452903687,0.1111111111111111,0.13114754098360656,0.09090909090909091,0.5555555555555556,0.39344262295081966,0.45454545454545453,0.047619047619047616,0.07142857142857142,0.47619047619047616,0.35714285714285715,0.45,0.2857142857142857,0.0,0.41379310344827586
2023,"lodolo, nick",649,95.0,-0.14884624654763703,0.0,0.13636363636363635,0.15625,0.3076923076923077,0.42424242424242425,0.34375,0.1,0.14814814814814814,0.3,0.37037037037037035,0.7142857142857143,0.3,0.0,0.3611111111111111
2023,"quintana, jose",1231,95.0,-0.14625958625243404,0.16666666666666666,0.12280701754385964,0.09859154929577464,0.4166666666666667,0.3508771929824561,0.323943661971831,0.07936507936507936,0.09836065573770492,0.47619047619047616,0.4344262295081967,0.25,0.38095238095238093,0.041666666666666664,0.42786069651741293
2023,"duarte, daniel",572,94.8,-0.152586859832953,0.0,0.06666666666666667,0.14285714285714285,0.6666666666666666,0.4666666666666667,0.5714285714285714,0.125,0.09259259259259259,0.375,0.3148148148148148,0.25,0.25,0.1875,0.3157894736842105
2023,"hernández, jonathan",557,94.8,-0.1547833176560482,0.2857142857142857,0.11764705882352941,0.09090909090909091,0.7142857142857143,0.4117647058823529,0.4090909090909091,0.15,0.13157894736842105,0.3,0.34210526315789475,0.06666666666666667,0.3,0.13333333333333333,0.3333333333333333
2023,"miller, bobby",1962,94.7,-0.15753774868627818,0.09523809523809523,0.10285714285714286,0.1,0.5238095238095238,0.38857142857142857,0.4,0.09782608695652174,0.07804878048780488,0.391304347826087,0.35609756097560974,0.5428571428571428,0.391304347826087,0.05714285714285714,0.36470588235294116
2023,"paxton, james",1692,94.6,-0.16042512418608137,0.041666666666666664,0.0958904109589041,0.0875,0.2916666666666667,0.4315068493150685,0.5,0.031746031746031744,0.08904109589041095,0.5079365079365079,0.4041095890410959,0.47058823529411764,0.38095238095238093,0.11764705882352941,0.3273809523809524
2023,"wesneski, hayden",1485,94.5,-0.16215125257295182,0.12903225806451613,0.12195121951219512,0.1527777777777778,0.2903225806451613,0.4065040650406504,0.375,0.07936507936507936,0.0703125,0.31746031746031744,0.40625,0.4666666666666667,0.3968253968253968,0.0,0.43724696356275305
2023,"brown, hunter",2725,94.5,-0.1620478797133029,0.1111111111111111,0.10683760683760683,0.09923664122137404,0.4222222222222222,0.3974358974358974,0.3969465648854962,0.15,0.12556053811659193,0.375,0.3991031390134529,0.3389830508474576,0.35,0.0847457627118644,0.34990439770554493
2023,"lópez, reynaldo",1219,94.4,-0.16385075744475955,0.08333333333333333,0.109375,0.09302325581395349,0.4166666666666667,0.5,0.5581395348837209,0.13333333333333333,0.15625,0.3333333333333333,0.34375,0.25,0.2,0.0625,0.3707865168539326
2023,"poche, colin",931,94.4,-0.16394758533878084,0.125,0.05357142857142857,0.09375,0.375,0.4642857142857143,0.46875,0.11538461538461539,0.04477611940298507,0.5,0.4925373134328358,0.13636363636363635,0.3076923076923077,0.18181818181818182,0.34591194968553457
2023,"quantrill, cal",1714,94.4,-0.16452900548840327,0.037037037037037035,0.08092485549132948,0.11428571428571428,0.48148148148148145,0.3988439306358382,0.42857142857142855,0.10989010989010989,0.1016949152542373,0.34065934065934067,0.384180790960452,0.3333333333333333,0.37362637362637363,0.09523809523809523,0.43137254901960786
2023,"contreras, roansy",1146,94.3,-0.1690308763625658,0.0,0.09243697478991597,0.1,0.35294117647058826,0.4369747899159664,0.42857142857142855,0.10256410256410256,0.07,0.4358974358974359,0.38,0.46875,0.5128205128205128,0.09375,0.3333333333333333
2023,"cease, dylan",3268,94.0,-0.17653929963787474,0.03333333333333333,0.10894941634241245,0.09803921568627451,0.23333333333333334,0.41245136186770426,0.33986928104575165,0.14,0.1446280991735537,0.45,0.45041322314049587,0.30120481927710846,0.35,0.07228915662650602,0.4032258064516129
2023,"brigham, jeff",681,94.0,-0.17694704429014602,0.2727272727272727,0.14285714285714285,0.18181818181818182,0.36363636363636365,0.38095238095238093,0.36363636363636365,0.08333333333333333,0.12195121951219512,0.25,0.4146341463414634,0.36363636363636365,0.16666666666666666,0.13636363636363635,0.3700787401574803
2023,"winckowski, josh",1394,93.9,-0.1801195391253578,0.125,0.06086956521739131,0.10666666666666667,0.5,0.41739130434782606,0.48,0.1320754716981132,0.09322033898305085,0.41509433962264153,0.3983050847457627,0.3448275862068966,0.49056603773584906,0.034482758620689655,0.30522088353413657
2023,"chavez, jesse",582,93.9,-0.1802623377857737,0.0,0.09375,0.18181818181818182,0.0,0.375,0.5,0.29411764705882354,0.11904761904761904,0.4117647058823529,0.3333333333333333,0.42857142857142855,0.17647058823529413,0.07142857142857142,0.4125
2023,"eovaldi, nathan",2235,93.7,-0.18692308286990228,0.0967741935483871,0.1065989847715736,0.09090909090909091,0.41935483870967744,0.37055837563451777,0.3434343434343434,0.061224489795918366,0.1141552511415525,0.4489795918367347,0.4383561643835616,0.3333333333333333,0.37755102040816324,0.11764705882352941,0.41025641025641024
2023,"brazobán, huascar",1025,93.7,-0.1867906243698824,0.1111111111111111,0.0847457627118644,0.10526315789473684,0.5555555555555556,0.3389830508474576,0.47368421052631576,0.23809523809523808,0.15384615384615385,0.4523809523809524,0.32051282051282054,0.10344827586206896,0.19047619047619047,0.20689655172413793,0.3567251461988304
2023,"blackburn, paul",1880,93.5,-0.19211699844599087,0.05555555555555555,0.10344827586206896,0.06382978723404255,0.2777777777777778,0.42758620689655175,0.40425531914893614,0.08333333333333333,0.10897435897435898,0.4523809523809524,0.42948717948717946,0.3333333333333333,0.30952380952380953,0.14285714285714285,0.4332344213649852
2023,"lambert, peter",1451,93.4,-0.1959196460918105,0.06666666666666667,0.057692307692307696,0.06097560975609756,0.5,0.4551282051282051,0.4268292682926829,0.11764705882352941,0.07857142857142857,0.4117647058823529,0.42142857142857143,0.46875,0.39215686274509803,0.0625,0.37969924812030076
2023,"gonzales, marco",811,93.4,-0.193684410157913,0.2,0.07058823529411765,0.10416666666666667,0.6,0.43529411764705883,0.4166666666666667,0.0625,0.07058823529411765,0.28125,0.35294117647058826,0.6470588235294118,0.40625,0.058823529411764705,0.3466666666666667
2023,"lyles, jordan",2821,93.3,-0.19716322471699632,0.037037037037037035,0.07446808510638298,0.06547619047619048,0.3888888888888889,0.45390070921985815,0.43452380952380953,0.10294117647058823,0.08306709265175719,0.4117647058823529,0.40894568690095845,0.4,0.4264705882352941,0.08,0.41317365269461076
2023,"williams, trevor",2627,93.3,-0.19769466244597436,0.125,0.0873015873015873,0.10738255033557047,0.4375,0.4523809523809524,0.4563758389261745,0.064,0.04,0.408,0.4,0.4423076923076923,0.464,0.038461538461538464,0.373015873015873
2023,"shuster, jared",864,92.8,-0.2131133527195326,0.08333333333333333,0.09090909090909091,0.125,0.6666666666666666,0.3409090909090909,0.3541666666666667,0.1794871794871795,0.11578947368421053,0.41025641025641024,0.37894736842105264,0.28,0.38461538461538464,0.12,0.35294117647058826
2023,"williamson, brandon",1940,92.7,-0.2154755407534423,0.06896551724137931,0.08205128205128205,0.0761904761904762,0.41379310344827586,0.441025641025641,0.3619047619047619,0.07352941176470588,0.10160427807486631,0.4411764705882353,0.48128342245989303,0.35135135135135137,0.39705882352941174,0.05405405405405406,0.4228571428571429
2023,"harris, hogan",1109,92.7,-0.21543528778304105,0.16666666666666666,0.09174311926605505,0.09803921568627451,0.3888888888888889,0.4036697247706422,0.4117647058823529,0.13513513513513514,0.06930693069306931,0.35135135135135137,0.39603960396039606,0.3103448275862069,0.40540540540540543,0.1724137931034483,0.37755102040816324
2023,"durán, jhoan",1034,92.6,-0.21702815379641852,0.0,0.09230769230769231,0.06666666666666667,0.625,0.46153846153846156,0.4666666666666667,0.13793103448275862,0.12121212121212122,0.41379310344827586,0.36363636363636365,0.43478260869565216,0.2413793103448276,0.08695652173913043,0.37435897435897436
2023,"schreiber, john",830,92.4,-0.2239898580491686,0.2,0.17647058823529413,0.13793103448275862,0.0,0.29411764705882354,0.41379310344827586,0.2857142857142857,0.13043478260869565,0.5714285714285714,0.3695652173913043,0.34615384615384615,0.23809523809523808,0.038461538461538464,0.31788079470198677
2023,"burnes, corbin",3081,92.3,-0.2271180681675662,0.15384615384615385,0.12093023255813953,0.13380281690140844,0.46153846153846156,0.4372093023255814,0.4225352112676056,0.13636363636363635,0.1054421768707483,0.36363636363636365,0.3877551020408163,0.3472222222222222,0.22077922077922077,0.06944444444444445,0.38645418326693226
2023,"muñoz, andrés",848,92.3,-0.22823805127789304,0.25,0.1,0.10714285714285714,0.5,0.35,0.35714285714285715,0.07407407407407407,0.08333333333333333,0.4074074074074074,0.4166666666666667,0.3333333333333333,0.4074074074074074,0.08333333333333333,0.408
2023,"montero, rafael",1253,92.1,-0.23364126446463887,0.21428571428571427,0.13953488372093023,0.12962962962962962,0.5,0.37209302325581395,0.3888888888888889,0.14705882352941177,0.13333333333333333,0.47058823529411764,0.3466666666666667,0.2413793103448276,0.2647058823529412,0.034482758620689655,0.384297520661157
2023,"rodriguez, grayson",2104,92.0,-0.23561215730353172,0.25,0.1319796954314721,0.10576923076923077,0.4583333333333333,0.4010152284263959,0.41346153846153844,0.041666666666666664,0.06976744186046512,0.4166666666666667,0.3546511627906977,0.575,0.3611111111111111,0.05,0.3530751708428246
2023,"lucchesi, joey",700,91.7,-0.24512088618836766,0.14285714285714285,0.10294117647058823,0.11904761904761904,0.14285714285714285,0.38235294117647056,0.30952380952380953,0.20930232558139536,0.13333333333333333,0.3953488372093023,0.4266666666666667,0.5,0.27906976744186046,0.0,0.4528301886792453
2023,"peterson, david",1969,91.7,-0.24483404101632344,0.0,0.09815950920245399,0.1134020618556701,0.375,0.4294478527607362,0.4536082474226804,0.1095890410958904,0.08843537414965986,0.5068493150684932,0.41496598639455784,0.28846153846153844,0.410958904109589,0.09615384615384616,0.3824451410658307
2023,"verlander, justin",2605,91.7,-0.2447578708900144,0.1282051282051282,0.10810810810810811,0.12195121951219512,0.48717948717948717,0.444015444015444,0.4796747967479675,0.041237113402061855,0.06130268199233716,0.4742268041237113,0.4521072796934866,0.26,0.41237113402061853,0.12,0.3135755258126195
2023,"abbott, cory",703,91.5,-0.24922490470421207,0.07142857142857142,0.09230769230769231,0.15384615384615385,0.21428571428571427,0.3076923076923077,0.3076923076923077,0.07142857142857142,0.12244897959183673,0.5,0.3877551020408163,0.4090909090909091,0.5714285714285714,0.18181818181818182,0.3671875
2023,"may, dustin",736,91.5,-0.2503041620012135,0.14285714285714285,0.12857142857142856,0.15625,0.42857142857142855,0.37142857142857144,0.40625,0.0,0.05333333333333334,0.3793103448275862,0.4,0.4444444444444444,0.5172413793103449,0.16666666666666666,0.33548387096774196
2023,"cabrera, génesis",963,91.4,-0.25387804304651906,0.07142857142857142,0.06944444444444445,0.075,0.42857142857142855,0.4027777777777778,0.425,0.18518518518518517,0.09523809523809523,0.4074074074074074,0.38095238095238093,0.4444444444444444,0.5555555555555556,0.05555555555555555,0.34285714285714286
2023,"carrasco, carlos",1592,91.4,-0.2537415504022545,0.03333333333333333,0.09392265193370165,0.047619047619047616,0.4666666666666667,0.39779005524861877,0.4095238095238095,0.09836065573770492,0.15483870967741936,0.4262295081967213,0.4129032258064516,0.3,0.45901639344262296,0.1,0.408
2023,"mcgough, scott",1243,91.2,-0.25895649400761844,0.125,0.09302325581395349,0.1320754716981132,0.5,0.43023255813953487,0.5471698113207547,0.14285714285714285,0.0958904109589041,0.4857142857142857,0.4520547945205479,0.3333333333333333,0.2,0.07407407407407407,0.28837209302325584
2023,"baumann, mike",1081,91.1,-0.26219628218269814,0.15384615384615385,0.10588235294117647,0.10869565217391304,0.38461538461538464,0.3176470588235294,0.2826086956521739,0.10344827586206896,0.14864864864864866,0.3448275862068966,0.3918918918918919,0.4,0.4482758620689655,0.12,0.45023696682464454
2023,"coulombe, danny",832,91.1,-0.26200624210978807,0.2857142857142857,0.07692307692307693,0.07407407407407407,0.7142857142857143,0.48717948717948717,0.5555555555555556,0.08571428571428572,0.1016949152542373,0.42857142857142855,0.3728813559322034,0.1111111111111111,0.2857142857142857,0.0,0.3953488372093023
2023,"suarez, josé",624,90.9,-0.26777236983878905,0.16666666666666666,0.09803921568627451,0.13513513513513514,0.3333333333333333,0.35294117647058826,0.40540540540540543,0.2,0.11864406779661017,0.5,0.423728813559322,0.2777777777777778,0.23333333333333334,0.1111111111111111,0.3711340206185567
2023,"waldichuk, ken",2558,90.4,-0.2824769313999968,0.09090909090909091,0.12560386473429952,0.13114754098360656,0.3333333333333333,0.463768115942029,0.4262295081967213,0.06666666666666667,0.1091703056768559,0.4,0.44541484716157204,0.30666666666666664,0.2761904761904762,0.13333333333333333,0.39705882352941174
2023,"lauer, eric",847,90.1,-0.2913274460126278,0.2,0.09523809523809523,0.12727272727272726,0.45,0.38095238095238093,0.41818181818181815,0.13043478260869565,0.12698412698412698,0.5652173913043478,0.3333333333333333,0.3181818181818182,0.34782608695652173,0.09090909090909091,0.3393939393939394
2023,"wood, alex",1710,90.0,-0.29545959652692355,0.11764705882352941,0.10457516339869281,0.07142857142857142,0.5294117647058824,0.41830065359477125,0.45714285714285713,0.13559322033898305,0.1377245508982036,0.423728813559322,0.39520958083832336,0.40425531914893614,0.3728813559322034,0.0851063829787234,0.3190789473684211
2023,"feltner, ryan",784,89.9,-0.298396952785292,0.4,0.21568627450980393,0.1388888888888889,0.2,0.29411764705882354,0.3333333333333333,0.1794871794871795,0.18055555555555555,0.3333333333333333,0.2916666666666667,0.2962962962962963,0.1794871794871795,0.18518518518518517,0.37037037037037035
2023,"ginkel, kevin",1060,89.9,-0.29783676089878414,0.09090909090909091,0.140625,0.10344827586206896,0.6363636363636364,0.359375,0.4482758620689655,0.15151515151515152,0.13043478260869565,0.42424242424242425,0.37681159420289856,0.4090909090909091,0.2727272727272727,0.0,0.39779005524861877
2023,"jackson, andre",1002,89.8,-0.3001625868929046,0.1111111111111111,0.057692307692307696,0.08928571428571429,0.6111111111111112,0.4519230769230769,0.48214285714285715,0.09375,0.06172839506172839,0.3125,0.345679012345679,0.38095238095238093,0.4375,0.23809523809523808,0.3723404255319149
2023,"wright, kyle",576,89.7,-0.3050851506641232,0.0,0.15254237288135594,0.07692307692307693,0.3,0.423728813559322,0.38461538461538464,0.09090909090909091,0.19607843137254902,0.3181818181818182,0.47058823529411764,0.25,0.4090909090909091,0.2,0.3611111111111111
2023,"cox, austin",578,89.6,-0.30549607062021655,0.0,0.1702127659574468,0.13793103448275862,0.16666666666666666,0.3404255319148936,0.41379310344827586,0.0625,0.18421052631578946,0.5625,0.42105263157894735,0.5,0.3125,0.05555555555555555,0.36470588235294116
2023,"faucher, calvin",516,89.6,-0.30667932753290944,0.0,0.16666666666666666,0.11538461538461539,0.5,0.4444444444444444,0.38461538461538464,0.15384615384615385,0.1111111111111111,0.38461538461538464,0.3888888888888889,0.2727272727272727,0.38461538461538464,0.09090909090909091,0.38461538461538464
2023,"hudson, dakota",1318,89.5,-0.30876618830642427,0.09090909090909091,0.0738255033557047,0.11688311688311688,0.36363636363636365,0.40939597315436244,0.35064935064935066,0.1320754716981132,0.07142857142857142,0.4339622641509434,0.45714285714285713,0.3783783783783784,0.4716981132075472,0.21621621621621623,0.336283185840708
2023,"bickford, phil",1248,89.5,-0.308435778309796,0.1111111111111111,0.17777777777777778,0.16071428571428573,0.3888888888888889,0.35555555555555557,0.32142857142857145,0.125,0.11428571428571428,0.375,0.35714285714285715,0.2571428571428571,0.4583333333333333,0.17142857142857143,0.3728813559322034
2023,"assad, javier",1713,89.4,-0.3128592024635876,0.07407407407407407,0.08163265306122448,0.09782608695652174,0.48148148148148145,0.47619047619047616,0.5,0.11235955056179775,0.08974358974358974,0.4044943820224719,0.391025641025641,0.40476190476190477,0.3146067415730337,0.09523809523809523,0.39925373134328357
2023,"flaherty, jack",2638,89.4,-0.31347191461272467,0.22580645161290322,0.12962962962962962,0.125,0.3548387096774194,0.4166666666666667,0.4027777777777778,0.06363636363636363,0.10185185185185185,0.37272727272727274,0.41203703703703703,0.2361111111111111,0.4,0.1527777777777778,0.3957345971563981
2023,"thompson, zack",1169,89.4,-0.3113738864433508,0.07692307692307693,0.07216494845360824,0.1016949152542373,0.38461538461538464,0.44329896907216493,0.4576271186440678,0.07142857142857142,0.07142857142857142,0.40476190476190477,0.4523809523809524,0.38461538461538464,0.5,0.15384615384615385,0.3604060913705584
2023,"abreu, bryan",1218,89.3,-0.31692092777560205,0.08333333333333333,0.1111111111111111,0.05,0.5,0.4722222222222222,0.45,0.2,0.1346153846153846,0.5,0.4230769230769231,0.24242424242424243,0.2,0.15151515151515152,0.3333333333333333
2023,"kowar, jackson",568,89.2,-0.31768751757572294,0.2,0.15789473684210525,0.13636363636363635,0.2,0.4473684210526316,0.36363636363636365,0.16666666666666666,0.11627906976744186,0.3333333333333333,0.3953488372093023,0.2631578947368421,0.2777777777777778,0.21052631578947367,0.36082474226804123
2023,"almonte, yency",807,89.1,-0.32268628502904156,0.16666666666666666,0.1875,0.15625,0.3333333333333333,0.4166666666666667,0.34375,0.04,0.1320754716981132,0.44,0.33962264150943394,0.35,0.24,0.15,0.4205607476635514
2023,"gray, josiah",2817,88.9,-0.3264815487315152,0.14285714285714285,0.11818181818181818,0.125,0.35714285714285715,0.4,0.3819444444444444,0.1328125,0.14285714285714285,0.390625,0.40756302521008403,0.2441860465116279,0.3125,0.1511627906976744,0.4178498985801217
2023,"walker, taijuan",2840,88.8,-0.3313004598026911,0.14285714285714285,0.10175438596491228,0.058394160583941604,0.45714285714285713,0.41403508771929826,0.46715328467153283,0.08771929824561403,0.11824324324324324,0.40350877192982454,0.3783783783783784,0.4,0.40350877192982454,0.08,0.4288747346072187
2023,"suárez, ranger",2024,88.7,-0.33314299921668067,0.21428571428571427,0.11299435028248588,0.10434782608695652,0.42857142857142855,0.3559322033898305,0.3565217391304348,0.15151515151515152,0.10582010582010581,0.47474747474747475,0.4126984126984127,0.3877551020408163,0.37373737373737376,0.02040816326530612,0.41846153846153844
2023,"wicks, jordan",583,88.6,-0.3359418384354739,0.0,0.058823529411764705,0.16,0.8,0.43137254901960786,0.44,0.07142857142857142,0.07936507936507936,0.42857142857142855,0.47619047619047616,0.36363636363636365,0.32142857142857145,0.0,0.4421052631578947
2023,"pallante, andre",1140,88.6,-0.33685676117887936,0.0,0.09090909090909091,0.10869565217391304,0.42857142857142855,0.36363636363636365,0.41304347826086957,0.15555555555555556,0.1188118811881188,0.4444444444444444,0.40594059405940597,0.4838709677419355,0.4444444444444444,0.12903225806451613,0.3622448979591837
2023,"ureña, josé",771,88.6,-0.3356200081131671,0.2,0.15,0.17777777777777778,0.4666666666666667,0.375,0.35555555555555557,0.09375,0.10714285714285714,0.3125,0.38095238095238093,0.35,0.375,0.05,0.4393939393939394
2023,"garcía, luis",1014,88.5,-0.3381444528799582,0.1111111111111111,0.1125,0.08333333333333333,0.5555555555555556,0.5,0.5208333333333334,0.11428571428571428,0.14084507042253522,0.34285714285714286,0.352112676056338,0.36,0.2857142857142857,0.08,0.37572254335260113
2023,"irvin, jake",2149,88.4,-0.34055479483806,0.02702702702702703,0.10550458715596331,0.08411214953271028,0.40540540540540543,0.41743119266055045,0.4205607476635514,0.1917808219178082,0.15897435897435896,0.3972602739726027,0.4256410256410256,0.47368421052631576,0.3424657534246575,0.07017543859649122,0.3558897243107769
2023,"machado, andrés",784,88.3,-0.34351455007307263,0.3125,0.1206896551724138,0.10256410256410256,0.375,0.4827586206896552,0.48717948717948717,0.030303030303030304,0.0847457627118644,0.3939393939393939,0.5084745762711864,0.3333333333333333,0.3333333333333333,0.0,0.36486486486486486
2023,"lópez, jorge",980,88.3,-0.346108421577196,0.25,0.10112359550561797,0.14545454545454545,0.5833333333333334,0.38202247191011235,0.4727272727272727,0.09523809523809523,0.07692307692307693,0.38095238095238093,0.24615384615384617,0.30434782608695654,0.47619047619047616,0.17391304347826086,0.3780487804878049
2023,"moll, sam",1058,88.1,-0.35194978734469234,0.0,0.08064516129032258,0.13793103448275862,0.5,0.27419354838709675,0.5172413793103449,0.17142857142857143,0.1,0.5714285714285714,0.4,0.2727272727272727,0.2857142857142857,0.18181818181818182,0.41798941798941797
2023,"hill, tim",718,88.1,-0.3504817811229553,0.125,0.11764705882352941,0.11764705882352941,0.25,0.4411764705882353,0.35294117647058826,0.13793103448275862,0.11666666666666667,0.4482758620689655,0.5166666666666667,0.47368421052631576,0.4827586206896552,0.0,0.3087248322147651
2023,"hamilton, ian",986,87.9,-0.35813093829105236,0.0,0.10344827586206896,0.10526315789473684,0.42857142857142855,0.4827586206896552,0.39473684210526316,0.16666666666666666,0.14925373134328357,0.4722222222222222,0.5074626865671642,0.3333333333333333,0.2777777777777778,0.07407407407407407,0.3416149068322981
2023,"anderson, tyler",2435,87.8,-0.35982992397794306,0.11428571428571428,0.12626262626262627,0.12686567164179105,0.45714285714285713,0.42424242424242425,0.4626865671641791,0.12307692307692308,0.12017167381974249,0.38461538461538464,0.3905579399141631,0.3787878787878788,0.3384615384615385,0.09090909090909091,0.37383177570093457
2023,"jameson, drey",674,87.5,-0.3672768461110893,0.26666666666666666,0.14285714285714285,0.15625,0.4666666666666667,0.45714285714285713,0.4375,0.05263157894736842,0.1044776119402985,0.2631578947368421,0.40298507462686567,0.29411764705882354,0.3684210526315789,0.17647058823529413,0.3333333333333333
2023,"karinchak, james",740,87.2,-0.3772826983261078,0.25,0.17142857142857143,0.14285714285714285,0.375,0.42857142857142855,0.42857142857142855,0.0,0.058823529411764705,0.4166666666666667,0.5,0.2222222222222222,0.3333333333333333,0.2222222222222222,0.3360655737704918
2023,"henry, tommy",1396,87.2,-0.3767706566330195,0.15,0.08396946564885496,0.039473684210526314,0.55,0.4580152671755725,0.4473684210526316,0.11267605633802817,0.11585365853658537,0.4084507042253521,0.4451219512195122,0.2571428571428571,0.352112676056338,0.22857142857142856,0.35772357723577236
2023,"law, derek",962,87.2,-0.3787625754326892,0.3333333333333333,0.1724137931034483,0.16666666666666666,0.3333333333333333,0.4827586206896552,0.30952380952380953,0.02857142857142857,0.1044776119402985,0.22857142857142856,0.3582089552238806,0.44,0.22857142857142856,0.08,0.5
2023,"senga, kodai",2803,87.1,-0.3790028923451147,0.1111111111111111,0.10849056603773585,0.1015625,0.4074074074074074,0.42452830188679247,0.4375,0.10309278350515463,0.12558139534883722,0.4639175257731959,0.4511627906976744,0.275,0.25773195876288657,0.15,0.42283298097251587
2023,"weems, jordan",941,86.7,-0.3920149510936373,0.15384615384615385,0.11290322580645161,0.15789473684210525,0.38461538461538464,0.3387096774193548,0.42105263157894735,0.11538461538461539,0.07407407407407407,0.5769230769230769,0.4074074074074074,0.4166666666666667,0.4230769230769231,0.041666666666666664,0.3885350318471338
2023,"leiter, mark",1057,86.6,-0.39503024191545194,0.2222222222222222,0.1694915254237288,0.25,0.3333333333333333,0.4067796610169492,0.4444444444444444,0.16,0.07017543859649122,0.44,0.3333333333333333,0.25,0.16,0.10714285714285714,0.4105960264900662
2023,"barlow, scott",1209,86.6,-0.395290221715476,0.16666666666666666,0.13333333333333333,0.1590909090909091,0.6666666666666666,0.4166666666666667,0.4318181818181818,0.10638297872340426,0.10144927536231885,0.3191489361702128,0.3333333333333333,0.3235294117647059,0.2765957446808511,0.14705882352941177,0.4198895027624309
2023,"adon, joan",928,86.2,-0.406608141234559,0.10526315789473684,0.13402061855670103,0.13725490196078433,0.47368421052631576,0.422680412371134,0.39215686274509803,0.1724137931034483,0.14814814814814814,0.3793103448275862,0.41975308641975306,0.4782608695652174,0.41379310344827586,0.0,0.3258426966292135
2023,"de los santos, enyel",1059,85.7,-0.4227386294930752,0.46153846153846156,0.17567567567567569,0.20833333333333334,0.23076923076923078,0.33783783783783783,0.4166666666666667,0.03571428571428571,0.058823529411764705,0.4642857142857143,0.36764705882352944,0.4,0.42857142857142855,0.08,0.33658536585365856
2023,"turnbull, spencer",556,85.4,-0.43028457960482586,0.125,0.1346153846153846,0.14705882352941177,0.375,0.46153846153846156,0.5,0.15384615384615385,0.14814814814814814,0.38461538461538464,0.37037037037037035,0.4117647058823529,0.2692307692307692,0.058823529411764705,0.3655913978494624
2023,"johnson, pierce",1089,85.4,-0.4316280774923614,0.3333333333333333,0.14864864864864866,0.15555555555555556,0.6666666666666666,0.4594594594594595,0.4888888888888889,0.0,0.06451612903225806,0.36363636363636365,0.3709677419354839,0.3333333333333333,0.3181818181818182,0.1111111111111111,0.3595505617977528
2023,"anderson, chase",1449,85.0,-0.4410974582006421,0.15,0.10743801652892562,0.15714285714285714,0.6,0.4132231404958678,0.4,0.0945945945945946,0.07333333333333333,0.40540540540540543,0.48,0.28205128205128205,0.36486486486486486,0.15384615384615385,0.38188976377952755
2023,"verhagen, drew",1052,85.0,-0.44350569782622407,0.3076923076923077,0.19117647058823528,0.20512820512820512,0.23076923076923078,0.38235294117647056,0.41025641025641024,0.15151515151515152,0.11428571428571428,0.30303030303030304,0.3,0.5161290322580645,0.2727272727272727,0.12903225806451613,0.36024844720496896
2023,"middleton, keynan",858,84.9,-0.44388828556645865,0.3333333333333333,0.2,0.1935483870967742,0.5555555555555556,0.425,0.41935483870967744,0.07317073170731707,0.07407407407407407,0.34146341463414637,0.42592592592592593,0.22727272727272727,0.34146341463414637,0.0,0.3836477987421384
2023,"davis, noah",602,84.5,-0.4564437399451405,0.0,0.1875,0.15384615384615385,0.16666666666666666,0.4583333333333333,0.5,0.16666666666666666,0.1509433962264151,0.375,0.39622641509433965,0.3333333333333333,0.5,0.1111111111111111,0.29365079365079366
2023,"bummer, aaron",1114,84.4,-0.46071641540691977,0.3333333333333333,0.14084507042253522,0.21212121212121213,0.3333333333333333,0.36619718309859156,0.30303030303030304,0.14814814814814814,0.07936507936507936,0.4074074074074074,0.38095238095238093,0.2903225806451613,0.4074074074074074,0.1935483870967742,0.35570469798657717
2023,"martinez, seth",773,84.4,-0.4585867704944854,0.1,0.1896551724137931,0.07692307692307693,0.2,0.3103448275862069,0.3333333333333333,0.19047619047619047,0.2553191489361702,0.42857142857142855,0.5106382978723404,0.34782608695652173,0.38095238095238093,0.0,0.39705882352941174
2023,"cruz, fernando",1122,84.3,-0.461715812998174,0.14285714285714285,0.1388888888888889,0.11363636363636363,0.5714285714285714,0.4583333333333333,0.5227272727272727,0.0,0.109375,0.5172413793103449,0.453125,0.14814814814814814,0.41379310344827586,0.2222222222222222,0.2932692307692308
2023,"peralta, wandy",882,84.2,-0.46714702133289265,0.0,0.14,0.06060606060606061,0.2857142857142857,0.4,0.42424242424242425,0.2,0.2830188679245283,0.4,0.41509433962264153,0.3548387096774194,0.32,0.06451612903225806,0.40816326530612246
2023,"rom, drew",672,84.0,-0.47075258417724447,0.07692307692307693,0.11940298507462686,0.05555555555555555,0.38461538461538464,0.4925373134328358,0.4722222222222222,0.15384615384615385,0.1694915254237288,0.5,0.4745762711864407,0.35294117647058826,0.2692307692307692,0.058823529411764705,0.3697478991596639
2023,"ramírez, yohan",719,83.6,-0.482736611209494,0.0,0.18604651162790697,0.09090909090909091,0.0,0.4883720930232558,0.2727272727272727,0.2,0.2631578947368421,0.52,0.5263157894736842,0.34615384615384615,0.24,0.11538461538461539,0.33035714285714285
2023,"bido, osvaldo",942,83.2,-0.49462011909492476,0.2857142857142857,0.16666666666666666,0.13725490196078433,0.42857142857142855,0.4027777777777778,0.35294117647058826,0.09523809523809523,0.11688311688311688,0.40476190476190477,0.37662337662337664,0.2857142857142857,0.35714285714285715,0.2857142857142857,0.32934131736526945
2023,"pérez, cionel",888,82.6,-0.513112084932374,0.25,0.08571428571428572,0.06060606060606061,0.5,0.4714285714285714,0.36363636363636365,0.07894736842105263,0.09859154929577464,0.39473684210526316,0.4507042253521127,0.375,0.42105263157894735,0.25,0.37583892617449666
2023,"graveman, kendall",1116,82.6,-0.5133350083601876,0.18181818181818182,0.18055555555555555,0.18,0.36363636363636365,0.3055555555555556,0.34,0.20689655172413793,0.16666666666666666,0.4482758620689655,0.3939393939393939,0.16666666666666666,0.3103448275862069,0.1111111111111111,0.4484848484848485
2023,"martinez, adrián",945,82.4,-0.5175632559930708,0.13333333333333333,0.13414634146341464,0.16,0.5333333333333333,0.4268292682926829,0.42,0.05128205128205128,0.08536585365853659,0.46153846153846156,0.4878048780487805,0.4090909090909091,0.23076923076923078,0.09090909090909091,0.44936708860759494
2023,"weathers, ryan",1073,82.4,-0.5192894178121318,0.07142857142857142,0.12087912087912088,0.08333333333333333,0.5,0.42857142857142855,0.4166666666666667,0.13333333333333333,0.1308411214953271,0.4222222222222222,0.4672897196261682,0.41379310344827586,0.3111111111111111,0.06896551724137931,0.4685714285714286
2023,"bernardino, brennan",867,81.9,-0.533348861505422,0.25,0.16981132075471697,0.2,0.375,0.49056603773584906,0.4,0.1,0.06666666666666667,0.45,0.5555555555555556,0.3157894736842105,0.15,0.10526315789473684,0.34615384615384615
2023,"oviedo, johan",2993,81.7,-0.5409550486735318,0.225,0.14545454545454545,0.16666666666666666,0.475,0.44727272727272727,0.37333333333333335,0.08264462809917356,0.11683848797250859,0.38016528925619836,0.46048109965635736,0.4044943820224719,0.371900826446281,0.07865168539325842,0.37424547283702214
2023,"williams, devin",952,81.6,-0.541513150090686,0.2,0.13157894736842105,0.21428571428571427,0.6,0.3684210526315789,0.42857142857142855,0.07142857142857142,0.06521739130434782,0.6071428571428571,0.45652173913043476,0.17857142857142858,0.32142857142857145,0.17857142857142858,0.34965034965034963
2023,"javier, cristian",2886,81.6,-0.5414492225374581,0.19047619047619047,0.1,0.11764705882352941,0.42857142857142855,0.4583333333333333,0.48739495798319327,0.1326530612244898,0.10196078431372549,0.46938775510204084,0.4666666666666667,0.42424242424242425,0.2755102040816326,0.045454545454545456,0.4139194139194139
2023,"soriano, george",888,81.5,-0.5459091299830687,0.1,0.1038961038961039,0.044444444444444446,0.5,0.5064935064935064,0.5111111111111111,0.037037037037037035,0.16417910447761194,0.48148148148148145,0.4925373134328358,0.4074074074074074,0.4074074074074074,0.14814814814814814,0.3106060606060606
2023,"bielak, brandon",1388,81.3,-0.5520038189814792,0.041666666666666664,0.08029197080291971,0.02702702702702703,0.375,0.4233576642335766,0.47297297297297297,0.09090909090909091,0.10606060606060606,0.5818181818181818,0.5151515151515151,0.4117647058823529,0.45454545454545453,0.20588235294117646,0.38495575221238937
2023,"liberatore, matthew",1063,81.3,-0.5520259509699493,0.23529411764705882,0.11009174311926606,0.08196721311475409,0.35294117647058826,0.44036697247706424,0.4098360655737705,0.14285714285714285,0.13043478260869565,0.45714285714285713,0.42391304347826086,0.5,0.4,0.08333333333333333,0.37967914438502676
2023,"snell, blake",3170,81.2,-0.5546155271739273,0.13793103448275862,0.1256544502617801,0.08403361344537816,0.5517241379310345,0.39267015706806285,0.42857142857142855,0.1588785046728972,0.14691943127962084,0.42990654205607476,0.46919431279620855,0.25,0.2803738317757009,0.18,0.42247191011235957
2023,"cuas, josé",1177,80.5,-0.5734973429947235,0.05555555555555555,0.11392405063291139,0.15789473684210525,0.5,0.4050632911392405,0.43859649122807015,0.24242424242424243,0.16417910447761194,0.42424242424242425,0.373134328358209,0.20512820512820512,0.3939393939393939,0.15384615384615385,0.38860103626943004
2023,"blanco, ronel",906,80.3,-0.5810272233753272,0.125,0.17647058823529413,0.11627906976744186,0.5,0.4264705882352941,0.3488372093023256,0.10344827586206896,0.16216216216216217,0.4482758620689655,0.4864864864864865,0.5333333333333333,0.3103448275862069,0.0,0.39759036144578314
2023,"peguero, elvis",921,80.2,-0.5840999387190025,0.2,0.16901408450704225,0.11904761904761904,0.6,0.4507042253521127,0.47619047619047616,0.15151515151515152,0.13924050632911392,0.3939393939393939,0.43037974683544306,0.4642857142857143,0.2727272727272727,0.03571428571428571,0.3305785123966942
2023,"herrin, tim",510,80.0,-0.589510889256152,0.0,0.16666666666666666,0.17647058823529413,0.6666666666666666,0.3333333333333333,0.4117647058823529,0.1,0.06451612903225806,0.7,0.4838709677419355,0.3076923076923077,0.35,0.23076923076923078,0.3
2023,"honeywell, brent",947,79.8,-0.5951242857081283,0.0,0.10465116279069768,0.16326530612244897,0.5,0.4418604651162791,0.46938775510204084,0.11538461538461539,0.0945945945945946,0.46153846153846156,0.44594594594594594,0.4642857142857143,0.34615384615384615,0.17857142857142858,0.3930635838150289
2023,"stroman, marcus",2208,79.4,-0.6069316059667259,0.16666666666666666,0.06451612903225806,0.07563025210084033,0.7222222222222222,0.43317972350230416,0.4789915966386555,0.14666666666666667,0.1262135922330097,0.4266666666666667,0.4223300970873786,0.4074074074074074,0.49333333333333335,0.07407407407407407,0.38016528925619836
2023,"shaw, bryan",774,79.4,-0.6062161907399297,0.0,0.14285714285714285,0.03571428571428571,0.75,0.44642857142857145,0.42857142857142855,0.09523809523809523,0.13559322033898305,0.5238095238095238,0.3898305084745763,0.3181818181818182,0.42857142857142855,0.13636363636363635,0.4507042253521127
2023,"abreu, albert",1055,79.1,-0.617028031426285,0.3333333333333333,0.18666666666666668,0.15789473684210525,0.5833333333333334,0.4533333333333333,0.42105263157894735,0.05,0.13253012048192772,0.3,0.39759036144578314,0.2702702702702703,0.325,0.1891891891891892,0.36942675159235666
2023,"helsley, ryan",611,79.1,-0.6171511921152575,0.0,0.1111111111111111,0.09090909090909091,1.0,0.5555555555555556,0.5454545454545454,0.15384615384615385,0.06896551724137931,0.5384615384615384,0.4482758620689655,0.17647058823529413,0.15384615384615385,0.23529411764705882,0.3305785123966942
2023,"ward, thaddeus",685,78.9,-0.6213269118432108,0.0,0.1590909090909091,0.08333333333333333,0.4444444444444444,0.45454545454545453,0.5416666666666666,0.10526315789473684,0.125,0.5263157894736842,0.4583333333333333,0.4444444444444444,0.3157894736842105,0.18518518518518517,0.3431372549019608
2023,"wainwright, adam",1793,78.8,-0.6238455707217858,0.15384615384615385,0.08333333333333333,0.06153846153846154,0.5384615384615384,0.484375,0.4846153846153846,0.07216494845360824,0.08695652173913043,0.4536082474226804,0.4945652173913043,0.41025641025641024,0.44329896907216493,0.1282051282051282,0.41832669322709165
2023,"díaz, alexis",1166,78.8,-0.6249540802112713,0.0,0.13333333333333333,0.21428571428571427,0.3333333333333333,0.4166666666666667,0.35714285714285715,0.2727272727272727,0.13114754098360656,0.5,0.45901639344262296,0.3111111111111111,0.2727272727272727,0.08888888888888889,0.43147208121827413
2023,"hollowell, gavin",617,78.7,-0.6290881328933086,0.0,0.0975609756097561,0.125,0.7142857142857143,0.4878048780487805,0.5416666666666666,0.12,0.13333333333333333,0.56,0.4,0.21739130434782608,0.48,0.21739130434782608,0.2702702702702703
2023,"kimbrel, craig",1140,78.7,-0.6292670769901757,0.38461538461538464,0.11940298507462686,0.12121212121212122,0.46153846153846156,0.40298507462686567,0.30303030303030304,0.10526315789473684,0.18181818181818182,0.42105263157894735,0.4727272727272727,0.43333333333333335,0.3157894736842105,0.16666666666666666,0.34
2023,"sheehan, emmet",1031,77.6,-0.6607174136926652,0.13333333333333333,0.075,0.06451612903225806,0.6666666666666666,0.5125,0.3548387096774194,0.03225806451612903,0.08247422680412371,0.5806451612903226,0.4948453608247423,0.23076923076923078,0.45161290322580644,0.23076923076923078,0.4418604651162791
2023,"davies, zach",1501,77.5,-0.6641851712919856,0.2,0.10416666666666667,0.13793103448275862,0.3,0.4097222222222222,0.42528735632183906,0.11475409836065574,0.08130081300813008,0.5081967213114754,0.4959349593495935,0.5897435897435898,0.3442622950819672,0.15384615384615385,0.3902439024390244
2023,"marsh, alec",1342,77.4,-0.666170516448657,0.25,0.18584070796460178,0.1875,0.5,0.4336283185840708,0.453125,0.1702127659574468,0.17647058823529413,0.3617021276595745,0.35294117647058826,0.20454545454545456,0.40425531914893614,0.06818181818181818,0.365296803652968
2023,"muller, kyle",1461,77.0,-0.6776063089533819,0.16666666666666666,0.0967741935483871,0.10752688172043011,0.4666666666666667,0.4838709677419355,0.5483870967741935,0.17647058823529413,0.10569105691056911,0.43137254901960786,0.45528455284552843,0.55,0.39215686274509803,0.075,0.3225806451612903
2023,"cabrera, edward",1806,77.0,-0.6767627727488925,0.11764705882352941,0.17073170731707318,0.13559322033898305,0.47058823529411764,0.4796747967479675,0.4915254237288136,0.13043478260869565,0.16666666666666666,0.42028985507246375,0.4236111111111111,0.26153846153846155,0.3188405797101449,0.16923076923076924,0.3620689655172414
2023,"woodford, jake",910,77.0,-0.6780578751802043,0.0,0.1326530612244898,0.16666666666666666,0.5,0.46938775510204084,0.4166666666666667,0.07407407407407407,0.12658227848101267,0.4074074074074074,0.5063291139240507,0.4782608695652174,0.5185185185185185,0.043478260869565216,0.40397350993377484
2023,"manoah, alek",1697,76.9,-0.6822596087365449,0.18181818181818182,0.1476510067114094,0.16455696202531644,0.5,0.40268456375838924,0.4177215189873418,0.14705882352941177,0.15384615384615385,0.35294117647058826,0.38461538461538464,0.3125,0.45588235294117646,0.140625,0.41515151515151516
2023,"yates, kirby",1063,76.6,-0.6897931731636564,0.15384615384615385,0.14516129032258066,0.12903225806451613,0.38461538461538464,0.43548387096774194,0.3548387096774194,0.2222222222222222,0.2,0.3333333333333333,0.4666666666666667,0.35,0.3333333333333333,0.15,0.395
2023,"diekman, jake",999,75.6,-0.7206559691177895,0.25,0.16666666666666666,0.3,0.5,0.3958333333333333,0.5,0.22580645161290322,0.14035087719298245,0.3548387096774194,0.3508771929824561,0.34375,0.22580645161290322,0.03125,0.37888198757763975
2023,"sims, lucas",1062,74.7,-0.7469679074658009,0.1,0.2,0.13043478260869565,0.6,0.4,0.4782608695652174,0.19230769230769232,0.17857142857142858,0.5,0.44642857142857145,0.28888888888888886,0.23076923076923078,0.1111111111111111,0.37362637362637363
2023,"ortiz, luis",1462,74.3,-0.7569401211156835,0.10344827586206896,0.14130434782608695,0.125,0.3793103448275862,0.4076086956521739,0.3854166666666667,0.09090909090909091,0.1323529411764706,0.6136363636363636,0.47794117647058826,0.42857142857142855,0.5,0.14285714285714285,0.38738738738738737
2023,"hader, josh",1053,73.4,-0.7840752490623435,0.25,0.23684210526315788,0.3076923076923077,0.5,0.47368421052631576,0.4230769230769231,0.125,0.13043478260869565,0.4166666666666667,0.41304347826086957,0.1,0.2916666666666667,0.06666666666666667,0.375
2023,"medina, luis",1958,73.2,-0.7893942410672682,0.1111111111111111,0.11834319526627218,0.10638297872340426,0.3888888888888889,0.5088757396449705,0.4787234042553192,0.14285714285714285,0.14457831325301204,0.5844155844155844,0.5542168674698795,0.2786885245901639,0.38961038961038963,0.09836065573770492,0.36827195467422097
2023,"hartwig, grant",643,73.1,-0.7935974447846234,0.2,0.1590909090909091,0.17857142857142858,0.4,0.5,0.39285714285714285,0.12,0.15384615384615385,0.32,0.46153846153846156,0.5,0.28,0.125,0.42727272727272725
2023,"megill, tylor",2237,72.5,-0.8104304594126442,0.2571428571428571,0.13023255813953488,0.12396694214876033,0.5142857142857142,0.4511627906976744,0.4132231404958678,0.1797752808988764,0.1323529411764706,0.5393258426966292,0.5049019607843137,0.4126984126984127,0.3146067415730337,0.047619047619047616,0.38858695652173914
2023,"rucker, michael",720,70.3,-0.8768922774026319,0.0,0.16666666666666666,0.12903225806451613,0.625,0.4666666666666667,0.41935483870967744,0.07692307692307693,0.12195121951219512,0.46153846153846156,0.5365853658536586,0.4,0.5384615384615384,0.1,0.42727272727272725
2023,"uribe, abner",520,70.2,-0.8799146398585169,0.0,0.14285714285714285,0.13333333333333333,1.0,0.5357142857142857,0.6,0.09090909090909091,0.18518518518518517,0.2727272727272727,0.48148148148148145,0.15,0.2727272727272727,0.3,0.35135135135135137
2023,"ruiz, josé",825,70.0,-0.885273513682096,0.3,0.19672131147540983,0.1590909090909091,0.5,0.4426229508196721,0.4318181818181818,0.10344827586206896,0.14516129032258066,0.5517241379310345,0.3548387096774194,0.4166666666666667,0.41379310344827586,0.041666666666666664,0.4132231404958678
2023,"marte, yunior",700,69.6,-0.8960529186441769,0.3333333333333333,0.14,0.1891891891891892,0.5555555555555556,0.48,0.4594594594594595,0.14814814814814814,0.10204081632653061,0.4074074074074074,0.42857142857142855,0.2,0.4444444444444444,0.13333333333333333,0.4166666666666667
2023,"lamet, dinelson",605,69.1,-0.9111732857527433,0.1,0.125,0.12903225806451613,0.4,0.4375,0.5483870967741935,0.16666666666666666,0.125,0.6666666666666666,0.46875,0.4782608695652174,0.3333333333333333,0.13043478260869565,0.38181818181818183
2023,"fujinami, shintaro",1411,68.9,-0.9160575624491875,0.11764705882352941,0.14285714285714285,0.13846153846153847,0.47058823529411764,0.5,0.49230769230769234,0.13157894736842105,0.13186813186813187,0.5263157894736842,0.4835164835164835,0.38636363636363635,0.3157894736842105,0.2727272727272727,0.34375
2023,"soriano, josé",704,68.4,-0.9307632441510222,0.0,0.14285714285714285,0.2,0.2,0.35714285714285715,0.35,0.35714285714285715,0.2682926829268293,0.5714285714285714,0.4146341463414634,0.4642857142857143,0.35714285714285715,0.14285714285714285,0.3595505617977528
2023,"miller, mason",611,68.2,-0.9367692030470699,0.3333333333333333,0.20512820512820512,0.10526315789473684,0.3333333333333333,0.4358974358974359,0.5263157894736842,0.08333333333333333,0.17307692307692307,0.4166666666666667,0.4230769230769231,0.47368421052631576,0.4166666666666667,0.10526315789473684,0.40476190476190477
2023,"toussaint, touki",1595,68.2,-0.9387385587101864,0.1875,0.192,0.17142857142857143,0.375,0.472,0.44285714285714284,0.08928571428571429,0.16379310344827586,0.5357142857142857,0.5344827586206896,0.29508196721311475,0.35714285714285715,0.21311475409836064,0.33195020746887965
2023,"saucedo, tayler",791,67.3,-0.963946303278154,0.16666666666666666,0.21052631578947367,0.037037037037037035,0.5,0.47368421052631576,0.5555555555555556,0.24242424242424243,0.2,0.5151515151515151,0.45454545454545453,0.4583333333333333,0.21212121212121213,0.125,0.3389830508474576
2023,"kuhl, chad",774,65.8,-1.0072958473498168,0.0,0.13432835820895522,0.07317073170731707,0.46153846153846156,0.4925373134328358,0.4634146341463415,0.15,0.1509433962264151,0.5,0.5660377358490566,0.4642857142857143,0.35,0.17857142857142858,0.4811320754716981
2023,"marinaccio, ron",898,65.7,-1.0109128782297883,0.18181818181818182,0.2916666666666667,0.3181818181818182,0.2727272727272727,0.4375,0.36363636363636365,0.18181818181818182,0.19607843137254902,0.5,0.45098039215686275,0.3793103448275862,0.13636363636363635,0.06896551724137931,0.3870967741935484
2023,"leclerc, josé",986,65.3,-1.0231465189340951,0.25,0.08108108108108109,0.20833333333333334,0.75,0.5405405405405406,0.7083333333333334,0.14705882352941177,0.046875,0.47058823529411764,0.40625,0.30434782608695654,0.3235294117647059,0.13043478260869565,0.40853658536585363
2023,"smith, drew",1083,64.2,-1.0563630297902888,0.16666666666666666,0.15789473684210525,0.17142857142857143,0.5,0.5087719298245614,0.5428571428571428,0.13043478260869565,0.14754098360655737,0.5652173913043478,0.4426229508196721,0.40625,0.5217391304347826,0.03125,0.36818181818181817
2023,"kopech, michael",2432,64.2,-1.0562023951968773,0.2727272727272727,0.19402985074626866,0.21296296296296297,0.6136363636363636,0.5024875621890548,0.5185185185185185,0.07042253521126761,0.143646408839779,0.4084507042253521,0.3812154696132597,0.3854166666666667,0.38028169014084506,0.1875,0.37468354430379747
2023,"erceg, lucas",1057,63.3,-1.082793899657126,0.375,0.2692307692307692,0.14705882352941177,0.875,0.5,0.38235294117647056,0.1111111111111111,0.18181818181818182,0.3611111111111111,0.42424242424242425,0.32432432432432434,0.25,0.10810810810810811,0.391812865497076
2023,"lange, alex",1151,61.7,-1.1290976373317905,0.2,0.12280701754385964,0.11764705882352941,0.6,0.47368421052631576,0.4117647058823529,0.23529411764705882,0.24242424242424243,0.5588235294117647,0.4696969696969697,0.2978723404255319,0.2647058823529412,0.23404255319148937,0.390625
2023,"bard, daniel",946,57.4,-1.2549606887874778,0.09090909090909091,0.2222222222222222,0.2857142857142857,0.45454545454545453,0.42592592592592593,0.4,0.2916666666666667,0.2549019607843137,0.3333333333333333,0.45098039215686275,0.3125,0.4166666666666667,0.14583333333333334,0.3950617283950617
2023,"kauffmann, karl",583,54.9,-1.3303899337670477,0.18181818181818182,0.14285714285714285,0.1891891891891892,0.6363636363636364,0.4935064935064935,0.5945945945945946,0.3333333333333333,0.09836065573770492,0.4166666666666667,0.4426229508196721,0.6470588235294118,0.4166666666666667,0.058823529411764705,0.3829787234042553
2023,"keller, brad",879,52.1,-1.4129264297711726,0.0,0.25,0.13793103448275862,0.3333333333333333,0.515625,0.3793103448275862,0.25925925925925924,0.23170731707317074,0.5555555555555556,0.524390243902439,0.4222222222222222,0.3333333333333333,0.24444444444444444,0.43333333333333335
2023,"buttó, josé",734,47.0,-1.5634880017812427,0.6666666666666666,0.13846153846153847,0.0967741935483871,1.0,0.4307692307692308,0.4838709677419355,0.20689655172413793,0.18840579710144928,0.5172413793103449,0.4492753623188406,0.42857142857142855,0.3448275862068966,0.047619047619047616,0.47058823529411764
